사용월,호선명,지하철역,04시-05시 승차인원,04시-05시 하차인원,05시-06시 승차인원,05시-06시 하차인원,06시-07시 승차인원,06시-07시 하차인원,07시-08시 승차인원,07시-08시 하차인원,08시-09시 승차인원,08시-09시 하차인원,09시-10시 승차인원,09시-10시 하차인원,10시-11시 승차인원,10시-11시 하차인원,11시-12시 승차인원,11시-12시 하차인원,12시-13시 승차인원,12시-13시 하차인원,13시-14시 승차인원,13시-14시 하차인원,14시-15시 승차인원,14시-15시 하차인원,15시-16시 승차인원,15시-16시 하차인원,16시-17시 승차인원,16시-17시 하차인원,17시-18시 승차인원,17시-18시 하차인원,18시-19시 승차인원,18시-19시 하차인원,19시-20시 승차인원,19시-20시 하차인원,20시-21시 승차인원,20시-21시 하차인원,21시-22시 승차인원,21시-22시 하차인원,22시-23시 승차인원,22시-23시 하차인원,23시-24시 승차인원,23시-24시 하차인원,00시-01시 승차인원,00시-01시 하차인원,01시-02시 승차인원,01시-02시 하차인원,02시-03시 승차인원,02시-03시 하차인원,03시-04시 승차인원,03시-04시 하차인원,작업일자
202505,1호선,동대문,695,16,11411,1920,9784,7385,16724,13140,22729,20497,22058,23012,19975,25358,21101,29735,24805,28392,26919,27142,29548,26595,29973,25672,31809,24871,29075,23768,25641,23523,19867,22819,17606,16985,15411,15450,12070,15180,6108,9851,903,3141,8,284,0,0,0,0,20250603
202505,1호선,동묘앞,148,3,2859,986,4018,5686,8874,11760,14014,24066,12934,19657,14772,26787,19944,35484,28057,37690,34739,41748,37791,35373,39076,30801,40567,23128,36104,17324,25464,13959,13532,9798,6943,6785,5587,6811,4091,6995,1539,4711,135,2029,3,178,0,0,0,0,20250603
202505,1호선,서울역,688,67,10783,10374,28788,65184,90177,127458,151470,241420,121799,173299,107330,107071,120554,102596,136363,112334,128103,110573,109089,100942,139680,117071,154396,125876,221567,149015,252289,173736,144704,119129,106540,88200,111385,82681,75904,62690,40326,32808,4299,8636,18,174,0,0,0,0,20250603
202505,1호선,시청,121,3,1938,5755,3754,27708,7542,74917,10220,197607,13232,92400,16110,51960,21425,49102,24537,45507,34273,45057,43511,36293,56893,30098,71729,27261,98677,28848,156643,26202,62998,13978,58654,9328,50245,8165,30412,5957,9887,3883,558,899,0,32,0,0,0,0,20250603
202505,1호선,신설동,414,32,9502,2362,10403,9078,22203,25943,32851,53520,23382,32022,21078,21757,22403,20386,24599,19569,25712,21241,24424,19817,25719,22019,31563,23740,42411,26173,51467,31725,21232,23013,15014,17361,13569,16853,9296,14996,4003,9707,444,3017,0,0,0,0,0,0,20250603
202505,1호선,제기동,412,3,5583,2613,9565,11699,21975,21401,31989,39339,25061,33466,26894,38135,34152,47076,39407,47822,41077,48881,45573,45587,49434,38062,49374,35712,44473,29167,38556,27332,21663,18180,14520,12517,9379,12111,5742,10105,2491,6446,185,1514,0,0,0,0,0,0,20250603
202505,1호선,종각,123,5,4308,6182,4490,37918,6934,111722,10338,251173,13609,139717,19287,65148,29367,64261,36133,57961,44956,55914,57305,45403,70806,41765,90034,43344,153352,47578,207901,48501,95764,24152,85725,13620,85689,10083,59844,7636,25251,4907,1849,1197,0,1,0,0,0,0,20250603
202505,1호선,종로3가,235,16,4134,2952,4395,13474,6238,28130,10539,66254,15870,64598,22980,58670,33417,69821,46247,67926,49773,63167,61111,55819,70741,49246,78252,46358,89485,43886,93564,42126,58830,22817,52316,14172,54083,11309,41906,8926,19943,5802,1969,2309,1,28,0,0,0,0,20250603
202505,1호선,종로5가,61,4,2085,3801,3316,17700,6317,41844,10856,85359,16574,61775,26261,60818,36716,63893,45576,57583,53250,55062,62928,51853,65436,44015,72578,40831,88115,36222,87752,32458,48815,18149,35299,11132,31506,7953,20545,6143,5756,3838,399,1000,0,0,0,0,0,0,20250603
202505,1호선,청량리(서울시립대입구),1130,22,10791,3050,18854,12057,48790,18441,57966,40786,39717,40391,36756,43569,42022,49940,48198,50644,50425,52752,52671,53654,56267,51068,58388,51847,55192,53803,47249,60561,28727,39300,22594,25428,17818,23972,11139,21009,4618,12797,378,4101,0,0,3,1,0,0,20250603
202505,2호선,강남,139,4,8490,11704,18191,55157,40635,151752,61611,306968,55740,319049,58759,155727,76646,106351,93582,103280,108093,118515,119795,108577,144438,103252,170141,113401,249389,143024,311231,172857,208710,104727,161850,64938,178635,54289,156240,45503,70626,25367,11752,7025,8,106,0,0,0,0,20250603
202505,2호선,강변(동서울터미널),31,1,8980,1802,22367,24247,64876,25268,99819,41576,76909,37318,63534,35141,55154,34405,51366,38279,48325,42591,44183,47076,48584,56055,52126,59473,55929,74124,59156,94109,40830,64847,33152,47412,26709,38753,18144,33988,7096,18280,787,4606,1,85,0,0,0,0,20250603
202505,2호선,건대입구,378,9,16590,1903,23580,14877,54172,24441,91550,60035,67987,51599,46085,51011,43960,53194,51483,60291,55338,64816,59498,66122,64738,72953,75531,85655,84565,113716,92167,154544,73348,108413,75663,72995,83655,67858,80415,60311,50078,36375,7946,12522,15,1076,0,0,0,0,20250603
202505,2호선,교대(법원.검찰청),24,0,2755,6705,11558,28338,25517,57465,36188,155736,31171,128133,29110,69411,34072,59193,37635,54911,44777,59688,52138,52745,55038,51186,59929,52598,94798,66083,128759,70127,62953,42298,53620,27764,52583,25127,38648,24102,15866,13273,2939,3656,0,34,0,0,0,0,20250603
202505,2호선,구로디지털단지,388,11,40599,5141,53823,20559,137245,79454,180922,210712,118912,133589,76414,57777,69126,48057,74521,53744,73275,67402,66673,64942,72759,70549,86910,86222,134497,115126,190796,161793,98165,126461,62949,88918,52039,90865,40254,86378,19015,50801,3477,14434,6,249,0,0,0,0,20250603
202505,2호선,구의(광진구청),81,4,13964,1409,28639,13291,73614,19677,117430,42636,76845,24550,45090,23741,37151,23339,38311,27267,37708,30920,35754,33129,36140,41576,41323,48216,42575,65845,48193,100012,27506,71832,21716,51940,20109,48934,16810,44683,8844,25554,1377,7613,5,143,0,0,0,0,20250603
202505,2호선,낙성대(강감찬),47,3,11995,2390,28316,10189,83246,20228,122335,41779,82536,36438,48832,31015,41591,27674,46207,30619,45160,32116,40117,34306,41241,41067,43618,48090,49967,65788,53483,98581,31902,82662,26091,58031,23150,56344,17156,56297,9122,34502,1679,9791,0,117,0,0,0,0,20250603
202505,2호선,당산,44,7,8621,3683,19238,15147,48751,28604,59037,72052,37774,35539,29650,18287,27986,17910,28506,20780,26879,23965,24263,24268,26158,29126,32054,36204,44304,52975,56079,75204,28282,50742,22383,36434,21313,34904,18175,32089,9441,21408,1461,5314,6,159,0,0,0,0,20250603
202505,2호선,대림(구로구청),786,45,37601,3587,31008,10980,66737,23168,96152,51590,66601,36708,44717,35272,38158,37590,40240,35892,39568,35755,35904,36788,37059,45977,40055,53873,44726,65951,48975,70086,26701,52374,20474,41779,15503,52106,11324,47072,5623,24007,811,5796,1,168,0,1,0,0,20250603
202505,2호선,도림천,0,0,448,375,1422,990,3419,4284,3636,5726,2393,2367,2561,1468,2199,1642,2199,1968,1893,1821,2301,2060,2489,1591,3108,2038,3228,2619,3540,3307,1528,2683,1044,1961,876,1651,548,1282,217,941,37,282,0,10,0,0,0,0,20250603
202505,2호선,동대문역사문화공원(DDP),330,19,5310,1247,4089,9567,7132,22198,13370,46746,16672,33817,18439,34424,21080,35907,25068,35965,27166,36369,31281,37341,38676,35742,45003,34146,50621,36018,49258,38019,33963,34670,28530,26844,27230,22538,19118,19114,11212,11636,2108,3452,5,76,0,0,0,0,20250603
202505,2호선,뚝섬,12,0,3560,2288,9722,16029,19404,40663,26716,134473,18431,95999,17574,50516,20925,44876,25787,45580,31651,47247,38310,42797,48555,42917,59463,43617,89626,46537,134738,51781,76292,31106,57482,18079,47692,15420,29851,13062,10912,8562,1622,2720,2,45,0,0,0,0,20250603
202505,2호선,문래,7,0,4669,2998,15162,11567,43012,40101,50429,127645,30055,61691,23368,28146,22295,24726,27684,27928,28157,30189,29157,29537,31090,31661,37804,36382,64520,46157,106630,65600,41778,43556,30776,24511,34365,21934,27695,19434,13763,11072,2118,3700,2,125,1,0,0,0,20250603
202505,2호선,방배,6,1,2810,3647,9245,13246,22742,28253,31340,76791,24800,61266,20359,35421,22225,27209,25166,29015,28251,26197,31446,26058,36555,25638,43800,26725,53212,34056,62976,36774,31286,24928,24999,17875,24834,16389,20799,16869,8142,9821,1648,2888,0,15,0,0,0,0,20250603
202505,2호선,봉천,113,3,15400,1536,29675,7095,83043,13999,121427,28468,78359,23070,45984,21490,39617,23823,40848,25985,39099,28885,34674,31761,33478,40323,34630,47892,34628,62065,33881,90734,21719,72131,18476,48262,15408,46350,11744,43388,5331,25348,957,8059,5,653,0,0,0,0,20250603
202505,2호선,사당,122,4,13469,4328,32521,37753,81040,51568,103933,74369,80359,56865,56707,50100,53505,61113,59732,61787,63059,59812,67493,59623,68190,72140,73420,94571,85765,136824,101512,178370,73280,120439,71470,78193,76414,74320,70541,71816,39224,44107,6716,12836,5,730,0,0,0,0,20250603
202505,2호선,삼성(무역센터),86,1,4678,5644,7230,52393,14697,137520,20071,302161,21421,245448,26131,127270,40411,92499,54259,84672,69872,90403,87748,77239,111128,66348,146099,63593,230119,66544,276380,61498,149192,35100,121106,20475,99291,15909,64284,12704,16206,6777,2203,4594,0,1052,0,0,0,0,20250603
202505,2호선,상왕십리,25,1,6323,882,14803,6953,41154,12131,63942,30077,37723,18729,25298,14554,22092,14148,23525,15506,22714,18121,20952,19308,21602,23636,23600,28992,26253,37496,26835,54350,19605,36811,12905,25987,11372,24385,7775,22910,3226,13832,512,4385,0,23,0,0,0,0,20250603
202505,2호선,서울대입구(관악구청),4258,35,27615,2787,46068,15611,124049,29150,170547,72373,120968,68500,74493,57806,65404,49493,75463,54055,73371,60011,69356,60013,74230,69720,80340,80916,89583,111455,96029,165995,58641,133076,51214,89584,51829,86755,44463,87417,24531,51057,4271,20923,0,3276,0,0,0,0,20250603
202505,2호선,서초,5,1,1804,4842,9320,25650,18340,53083,29875,109425,28200,83140,22105,42959,30497,33795,28784,27239,36641,29835,35719,30140,46041,27989,51971,29251,75703,29189,92055,29655,41288,20581,30968,12920,30644,11790,18949,11737,6284,6435,1009,1612,0,23,0,0,0,0,20250603
202505,2호선,선릉,143,5,4649,5858,12333,44418,23634,125846,37281,265441,37393,202343,41600,99972,51313,69464,63338,66080,72186,76409,79990,60667,105524,54070,131743,54377,204232,60939,273669,60188,140327,39237,93406,26356,85434,23414,71676,20827,25532,11985,3957,5011,1,162,0,0,0,0,20250603
202505,2호선,성수,69,0,5165,4920,9313,37082,21038,74288,28346,236784,24711,159587,24426,112195,30492,107655,43143,111190,58082,117160,74790,114559,98343,112591,128198,103270,180750,98363,269583,91571,157860,53614,132538,28278,107249,20134,69452,15799,24153,12380,3308,6078,0,943,0,0,0,0,20250603
202505,2호선,시청,15,0,1168,2277,2366,22008,5205,73478,8943,215021,13926,90509,19917,34323,26277,30570,27271,29901,32842,32173,39949,27242,47298,23542,60413,22138,105949,25177,163483,23848,61271,13491,49613,9250,43061,8947,25891,7658,9497,4657,1200,1523,3,74,0,0,0,0,20250603
202505,2호선,신답,17,2,1198,53,2155,691,6263,1038,10164,1622,4601,1090,2889,1080,2475,1136,2305,1522,2376,1617,2068,1994,1841,2907,2155,3699,2314,5054,2068,9542,1058,6478,662,3532,565,3945,405,3193,179,1883,34,503,0,0,0,0,0,0,20250603
202505,2호선,신당,44,10,6046,1269,11874,7822,30838,16375,51085,30751,30645,22365,22451,19324,22428,21918,24105,22699,24973,23499,24998,24816,26287,27490,28851,32258,31516,41846,33907,57026,23799,38149,19720,25836,17776,23758,16318,20777,8292,12928,1558,3873,3,48,0,0,0,0,20250603
202505,2호선,신대방,254,6,25256,2138,36344,9673,88859,15654,128135,25606,85102,20366,49381,21281,40638,22878,41423,25594,39889,29402,35136,33659,35183,42718,36762,50007,37659,63593,33593,92789,22302,77634,17715,56662,14334,60365,11024,56550,5528,33180,877,9464,3,236,0,0,0,0,20250603
202505,2호선,신도림,4156,23,37897,5488,56724,21017,140184,44591,149686,103549,97591,77747,69916,64930,68351,67421,76348,67453,79110,73922,81117,72359,84549,82737,90828,96571,109298,122577,124784,173813,77922,120498,69856,78124,57110,73955,46964,71075,24281,52039,2844,22735,15,2837,0,0,0,0,20250603
202505,2호선,신림,211,18,37804,4241,70119,18771,178057,31154,262534,45816,168850,45771,98694,43605,83752,48827,89398,54637,83503,61616,76459,67856,74697,85669,79313,105203,80685,141037,81474,221035,56677,187123,49723,131918,45933,127680,38774,118867,21867,76829,4591,25161,10,462,0,0,0,0,20250603
202505,2호선,신설동,51,0,1136,307,1628,1953,4956,5503,8905,13432,6010,9638,5678,8763,7031,7892,8500,7842,8559,8320,9202,6954,9381,6398,10521,5872,12719,6309,13103,7800,4850,5445,3203,4293,2758,4013,1913,3966,864,2407,97,865,1,158,0,0,0,0,20250603
202505,2호선,신정네거리,135,2,9192,883,18693,2390,49830,4555,45899,12067,27083,9010,19438,8056,17372,9342,17482,10813,16025,12978,13722,14384,12418,18549,13625,24157,13000,32035,11811,49046,7717,35070,6065,21693,4846,19134,3726,17770,1654,11072,355,3345,1,147,0,0,0,0,20250603
202505,2호선,신촌,119,2,8307,2856,15308,14846,35791,35798,53013,88131,41893,99335,43285,78480,51197,71078,62854,72884,68535,80369,70596,71505,80227,67234,95100,74133,109439,93447,105573,120243,75224,81568,79450,52331,83527,47568,82575,42633,42050,28486,7291,7436,12,246,0,0,0,0,20250603
202505,2호선,아현,14,1,4936,1078,12019,5735,29424,12150,42556,21386,26326,14952,19594,12782,18513,11299,20029,13636,18438,15282,16948,15887,19694,17989,22667,20955,22658,27072,21347,34599,13647,25361,10352,19266,8463,18053,6387,16496,2487,9309,366,2848,1,49,0,0,0,0,20250603
202505,2호선,양천구청,29,0,5305,811,12325,2881,32451,5620,30528,9319,18751,5436,13590,4615,11950,5765,12033,7141,10570,8819,8897,10034,8741,12480,9966,15778,9717,20731,9003,29955,4319,23571,3368,15313,2527,13622,2330,11481,761,8152,148,2658,0,12,0,0,0,0,20250603
202505,2호선,역삼,29,3,3734,5559,9009,44350,16347,150066,26500,340448,25202,282350,27042,114576,35191,64126,41605,58539,49260,62455,59750,49795,75545,43518,99233,42972,211389,51906,253506,56628,141925,36458,83706,24399,77918,20857,51891,17655,19379,10633,3356,3348,2,44,0,0,0,0,20250603
202505,2호선,영등포구청,60,1,5450,3758,13747,15126,39684,40025,50853,120631,33572,56112,25713,30220,27142,27426,29785,28030,31833,30481,32117,28056,34901,30182,40514,34047,59677,41915,98716,58861,38733,39677,29772,25686,26669,22932,19189,21321,9171,14257,1585,5019,5,191,0,0,0,0,20250603
202505,2호선,왕십리(성동구청),620,2,6754,946,10080,9483,26177,14468,43793,27577,28687,20447,21652,16728,21262,17536,24933,20163,25334,21937,25241,22469,28072,24656,34434,29513,37598,39637,36912,56401,25661,35384,24478,25289,25886,22891,26369,22061,16400,14658,3541,5662,1,58,0,1,0,0,20250603
202505,2호선,용답,15,0,2295,447,3767,1477,8460,2033,13666,3806,7864,5245,5921,3253,5139,3038,5553,3458,5560,4251,4947,4068,5007,5123,6645,6570,6335,7824,4838,11445,3126,7621,2267,5804,1662,6816,1331,6772,585,3803,146,1140,0,0,0,0,0,0,20250603
202505,2호선,용두(동대문구청),38,1,1071,101,1969,1018,5409,2689,8835,5221,5465,3507,4503,4129,4256,3728,4849,3612,4893,4486,5111,4318,5694,4919,5495,4941,5224,6022,5523,8595,2589,5811,1934,3782,1627,3553,922,2667,346,1775,82,578,0,7,0,0,0,0,20250603
202505,2호선,을지로3가,40,0,1394,2083,2843,22959,7037,70798,14214,161451,19995,66310,25003,34714,27796,30331,29271,29128,31752,32789,36904,29778,41070,30655,51049,36043,93454,42408,132955,47610,56967,31022,45404,21159,48612,18536,41576,15941,24164,10010,3838,2401,2,42,0,0,0,0,20250603
202505,2호선,을지로4가,14,0,1343,1172,2416,14718,6244,34805,12718,71842,15411,37595,19085,26169,21708,26042,22756,23997,24718,24376,26905,23129,30881,21994,37050,21282,61708,22144,65207,21683,29470,15153,19813,11909,16948,12121,12381,11143,6068,7204,1193,1742,1,19,0,0,0,0,20250603
202505,2호선,을지로입구,107,2,2642,3131,4949,32754,11059,124131,18345,314150,28658,163289,36246,91911,45733,78951,52090,70123,63777,73263,73852,64746,87335,65939,106433,69428,175068,76875,262152,76225,133239,51572,129635,38019,89877,31325,72839,24298,31363,13497,3807,5616,6,899,0,0,0,0,20250603
202505,2호선,이대,14,0,3576,958,10009,7176,27670,16437,37808,46043,25361,56749,22515,45074,24499,30614,31707,35756,31366,38122,30959,29788,40357,31045,42943,32432,53879,39557,47911,50118,30094,34397,26648,25298,27369,25903,21005,25376,8040,18430,1148,5243,0,191,0,0,0,0,20250603
202505,2호선,잠실(송파구청),86,2,14353,5445,53528,39897,120887,85675,164687,190173,122439,177611,92396,138323,93973,134938,111434,135710,122813,145228,138178,145685,170212,159459,193102,172105,222565,206439,250428,246031,184702,164466,180536,114273,167358,102368,112739,90051,36153,50473,5162,10581,2,73,0,0,0,0,20250603
202505,2호선,잠실나루,9,0,3664,3175,13926,19920,39265,23007,48400,36930,32276,23194,26786,17934,25190,16291,23720,20251,21874,22245,22742,20430,25707,22154,34099,24218,38671,30152,30034,41146,15336,29705,11531,19355,8631,18567,6076,17661,2951,9778,436,3030,1,25,0,0,0,0,20250603
202505,2호선,잠실새내,66,0,6161,1058,19957,9162,62924,18166,84157,28945,55682,31570,40686,26504,37459,30425,38843,36383,37886,39564,35172,42249,37331,49921,41648,59771,44987,73794,45943,88728,34894,60509,30750,39952,31706,35649,31087,32404,16873,18555,2867,5618,1,45,0,0,0,0,20250603
202505,2호선,종합운동장,13,3,1704,1452,6263,16145,17516,22123,22842,32687,16424,16228,13351,15116,13199,17805,15481,42411,16843,62749,15246,26486,21439,38420,57639,70463,63348,101741,23507,94057,30066,27044,50127,13572,114425,13729,58132,11822,5120,5798,481,1735,0,94,0,0,0,0,20250603
202505,2호선,충정로(경기대입구),20,1,3689,1056,6917,6862,15996,24789,22661,59253,15786,26454,12913,12837,12922,11721,13930,11691,14160,14585,13814,12773,15181,13163,18836,15039,32159,18274,45149,22014,15600,15111,10951,11616,9607,11410,6133,10682,3099,6890,602,2068,1,78,0,0,0,0,20250603
202505,2호선,한양대,1,0,1344,651,2942,7720,6033,14111,8743,66052,7162,55973,9671,54277,15131,20173,20219,41310,18752,26969,26061,23891,34057,19073,45510,16520,54181,20718,41197,24584,22398,13885,21091,9417,23034,8271,17326,7305,16274,5177,3522,1721,1,14,0,0,0,0,20250603
202505,2호선,합정,185,17,11909,3286,17765,13788,39038,31248,50573,90099,35295,84552,29357,54625,33013,53231,38324,57922,42813,64259,45806,59402,50712,60723,60380,71649,79671,88839,111907,116571,79303,79595,69924,47956,75833,39354,71117,34947,38513,24582,6153,9169,1,192,0,0,0,0,20250603
202505,2호선,홍대입구,1148,32,29933,3515,31942,18758,60033,42726,79459,110293,66100,154977,64290,129889,72973,153820,85710,176253,101365,194618,114424,185794,140795,186115,174517,193407,201530,221181,219103,248832,191402,179127,194290,120147,218162,99818,208083,81948,107786,57943,13496,20937,8,2201,0,0,0,0,20250603
202505,3호선,가락시장,50,16,3155,797,8052,6226,22115,11540,23397,25789,18026,13748,15844,10550,14538,11552,14443,12440,14928,13178,14458,13579,15596,15963,16644,17101,20319,20824,25879,25552,12020,18740,9522,12849,8623,11145,5968,10196,2408,5547,407,1856,1,47,0,0,0,0,20250603
202505,3호선,경복궁(정부서울청사),29,12,2633,1734,6631,16062,13707,43888,21925,142874,22214,119580,23097,88120,34248,85196,44473,73292,55270,73233,68546,60656,84259,51729,97024,46561,112111,43884,126771,43860,58934,26762,55285,14705,47791,12055,29278,10407,10653,6088,1176,1589,2,48,0,0,0,0,20250603
202505,3호선,경찰병원,10,0,3109,280,8389,3415,23311,9830,26426,25295,16499,14498,12994,8877,11606,7368,10699,8757,10594,9814,10752,9678,10937,10133,10860,11134,15318,16625,17800,22385,7293,17183,6122,11088,5146,9449,3305,8961,1041,5389,135,1488,0,0,0,0,0,0,20250603
202505,3호선,고속터미널,174,2,5928,4376,8519,38826,27061,56106,49154,82406,58216,107017,65718,110415,79922,118133,93257,111912,102192,111560,118553,116944,134254,122930,144734,121789,156581,126748,149992,127919,131548,80952,144748,54214,98390,41865,59497,29486,21544,14204,2123,2619,0,0,0,0,0,0,20250603
202505,3호선,교대(법원.검찰청),70,1,2057,922,5121,7691,13062,19254,16425,46638,14450,34062,16605,17837,20230,12825,22848,12784,27216,13086,31124,12068,32633,11392,34327,12373,52373,17211,69006,20003,34308,11171,31138,6909,29071,5733,21148,5080,8475,3094,1398,1009,0,6,0,0,0,0,20250603
202505,3호선,구파발,227,5,12912,1847,35304,12548,82499,23095,82241,30774,48558,29011,35746,30227,35101,28730,35842,29461,34809,32389,35298,33998,39073,34428,42697,42259,41792,51310,31777,75064,22028,60387,17543,37679,15427,33338,12231,30500,3225,20905,595,8486,0,547,0,0,0,0,20250603
202505,3호선,금호,64,8,4438,679,10586,2793,26847,4950,36977,9824,24070,7325,16166,7212,13997,7621,13591,8929,12580,10538,11111,11605,10724,14455,11314,17869,12435,22058,11802,30364,8531,21650,6538,15557,4889,13630,3856,13190,1866,6930,400,1789,0,0,0,0,0,0,20250603
202505,3호선,남부터미널(예술의전당),38,2,3194,1461,9489,32378,29690,66687,45056,151157,40134,86677,38541,51916,42670,38543,44292,41296,47971,48063,48368,47350,54487,47239,69561,51749,105855,57668,131136,64497,62387,42857,44893,26334,41259,21175,31004,17625,8394,10498,939,2660,0,7,0,0,0,0,20250603
202505,3호선,녹번,68,4,10206,509,25859,3805,69002,8300,76154,16474,45156,11515,30269,10095,25969,10944,25206,13389,22317,15241,18980,17633,18260,22919,18983,29671,19246,37966,19543,61983,10417,49309,7859,31186,6190,28649,4578,26226,1691,14816,236,4244,0,0,0,0,0,0,20250603
202505,3호선,대청,127,5,3981,1128,12679,7140,32310,19243,38753,26250,22611,12456,17496,9290,16031,9305,15482,10763,15832,12365,14801,13159,19158,16620,21333,18219,24682,23543,25672,30446,11593,24516,8798,18001,7221,16455,5554,16751,1868,8625,326,2883,0,10,0,0,0,0,20250603
202505,3호선,대치,14,0,3070,736,13493,8547,30416,19199,30728,28136,20312,19211,16286,13600,14897,13085,18050,18598,18364,21989,17031,19040,18053,24075,20112,29731,32358,34597,28872,34152,18014,24732,13428,14955,16824,14485,37936,12057,3877,7311,386,2267,0,1,0,0,0,0,20250603
202505,3호선,도곡,52,8,1364,424,5102,4952,12801,15456,16170,21731,10404,16443,9016,8766,8754,8502,9221,7606,9206,8694,9387,8371,12531,9131,14241,9665,17488,11567,17939,13682,9381,10791,6943,6761,6266,6584,4912,5644,1338,3407,161,2179,0,382,0,0,0,0,20250603
202505,3호선,독립문,181,0,4918,946,6693,6636,15800,15712,19935,24538,17151,24013,15565,21904,16499,15385,18729,14662,16610,15731,17515,15142,20336,14713,20740,15251,19104,16222,17484,18173,8724,14314,6656,10017,5171,9066,3829,7762,1304,4943,176,2236,3,537,0,0,0,0,20250603
202505,3호선,동대입구,21,1,1616,1247,3086,10269,4813,16538,8302,63439,8746,42415,10503,42354,12970,32186,14608,27804,22747,32204,24753,23278,26245,21834,32744,23569,44851,28775,45414,27919,24238,13478,30635,7340,30848,6954,27248,4896,8209,3075,739,1111,0,52,0,0,0,0,20250603
202505,3호선,매봉,18,0,2052,807,7612,10303,18813,23019,22642,71753,16821,32173,15959,17599,15613,16745,16037,14977,17516,14392,19547,14455,21603,15345,23900,16493,38608,21755,56117,25025,20099,16398,15515,11051,16595,9654,10151,8918,2989,4727,396,1554,0,53,0,0,0,0,20250603
202505,3호선,무악재,7,2,2022,154,5738,1346,15844,3241,19284,5743,12315,4299,8874,4039,7873,4186,7442,4947,6640,5581,6174,6075,5505,7709,6168,9337,6712,12115,6602,16710,3447,13202,2461,8720,2139,8137,1378,6933,629,4855,71,1223,0,0,0,0,0,0,20250603
202505,3호선,불광,30,0,10620,1508,20214,7673,52187,11908,62251,32864,39900,31269,30121,26895,28229,26769,29531,29143,29760,32183,29993,31155,31057,34498,32662,38816,31920,43854,31317,60845,18334,47128,15020,30146,12082,27084,8324,24095,3755,14170,622,4730,0,0,0,0,0,0,20250603
202505,3호선,수서,143,4,4855,2761,13778,17890,38880,35719,47501,56116,33423,36102,40427,26412,30184,22516,36642,27655,33108,24189,26113,26004,37365,31212,40112,34167,48861,40906,52565,52919,24868,39613,25461,29179,16822,25124,16806,23811,7592,9611,626,3656,0,248,0,0,0,0,20250603
202505,3호선,신사,53,7,3381,1723,6695,16648,11804,40912,18198,98984,16994,129688,20414,68151,25688,48076,30013,45523,35770,48357,42571,44360,50245,40784,59944,42940,85561,51785,116115,61166,84867,33530,57759,19317,55905,15303,46469,12609,19644,8489,2678,3332,1,2,0,0,0,0,20250603
202505,3호선,안국,20,2,1585,2154,3181,26240,6410,89396,10953,120467,14630,96128,18202,83559,28488,87007,42812,73582,49896,72804,64765,67992,83094,55716,110397,46922,133921,39165,130166,32840,66130,16327,55072,8616,44292,7113,22900,6000,7687,3171,767,1001,0,0,0,0,0,0,20250603
202505,3호선,압구정,64,0,3175,2225,8364,24997,16340,48541,24908,130884,22095,145366,27410,80316,33837,66251,40852,54554,46245,57135,56355,51952,63924,49353,74210,51075,95724,59156,127599,59438,88965,33982,73080,18391,53640,14868,39733,12254,11748,6822,1724,2396,0,222,0,0,0,0,20250603
202505,3호선,약수,90,5,6470,1178,10664,6696,25639,15064,36195,31796,26575,21668,20656,16766,19134,16925,21099,17046,21712,18121,20973,20213,22323,22114,24272,26072,27870,31255,30650,41971,19979,26703,16175,19559,15695,17105,11976,15652,5520,9310,905,3652,2,497,0,0,0,0,20250603
202505,3호선,양재(서초구청),47,3,5326,2915,14995,42183,37839,108933,47286,217754,34768,117021,33886,56632,35567,48134,40521,44295,46574,48477,51595,43350,60569,44825,78445,47773,129142,65182,180770,75803,84454,50055,63535,33228,57105,30037,36645,26521,12731,14599,1338,3870,0,15,0,0,0,0,20250603
202505,3호선,연신내,297,12,25987,2467,50803,14774,116843,29860,144209,45298,90919,42391,65969,39685,61862,42156,67156,44563,60961,48216,56594,52111,59026,63792,65892,74874,61088,91997,57753,133709,40923,106790,33146,68762,29005,65220,23903,54325,12118,35838,2015,11512,0,12,0,0,0,0,20250603
202505,3호선,오금,18,1,4722,14,9745,2543,29593,6421,30444,12000,16719,6352,10944,5312,8578,4906,8891,6050,8569,6617,7443,6995,7413,9155,9072,10819,10720,15433,11291,22001,4845,16357,3887,10673,3409,9349,3202,11010,842,5505,121,2058,0,0,0,0,0,0,20250603
202505,3호선,옥수,130,0,3178,964,9406,4636,23327,8113,31820,13474,23336,11245,16569,9166,15617,11079,15330,12692,15141,14471,14994,15072,15518,18349,16883,20911,17842,27657,17606,34358,12197,24862,10346,17848,8904,15468,6084,14228,2567,6836,391,1923,0,1,0,0,0,0,20250603
202505,3호선,을지로3가,15,3,754,1133,1622,9848,3972,34323,8647,74043,11801,30529,13041,16328,13550,15221,13869,15434,15182,16615,17800,14763,19824,16062,24086,18385,44618,22891,67000,24739,27973,15689,21607,9329,22613,7208,19109,5396,10980,3860,1515,790,0,3,0,0,0,0,20250603
202505,3호선,일원,9,1,2578,1625,9526,12917,26106,35463,25958,26291,19874,20087,19308,17005,19195,13307,19193,14803,17210,16799,18537,15743,24457,15392,30256,15435,38190,17523,19517,23026,10847,18633,7392,13094,5624,12136,3954,13128,1571,5446,148,1780,0,13,0,0,0,0,20250603
202505,3호선,잠원,2,0,1451,1026,4829,9326,14068,7686,19215,10028,12504,7442,9503,5565,9017,5269,9309,6708,9414,8021,7794,7716,9476,9105,13594,9253,12767,12442,9699,15143,6302,10411,4635,7385,4459,7528,3061,7855,967,3907,169,1187,0,1,0,0,0,0,20250603
202505,3호선,종로3가,23,1,1150,1106,1449,7185,2273,16469,3570,40163,6396,42976,9345,37720,11756,33630,14791,31185,17493,29981,21016,29039,24988,27464,30982,27132,42506,27607,52555,26062,31352,15609,24133,9739,27032,7403,23144,5276,11021,3301,1399,1059,0,18,0,0,0,0,20250603
202505,3호선,지축,24,0,3381,841,12164,4358,31709,6530,32930,12382,18326,8731,13134,7043,11119,6862,11746,8254,10766,10001,10443,9991,11080,12698,11811,16229,12561,20676,11794,31053,8237,23984,6497,16278,5781,14673,4406,12424,1924,6885,311,1222,0,0,0,0,0,0,20250603
202505,3호선,충무로,0,0,0,0,0,0,3,0,1,0,0,0,5,0,6,0,10,0,9,0,6,0,5,0,25,0,24,0,14,0,19,0,2,0,7,0,6,0,5,0,1,0,0,0,0,0,0,0,20250603
202505,3호선,학여울,4,0,715,235,2127,1983,4657,3433,4748,7379,3830,5521,3105,4655,3163,3911,3560,4162,3569,4974,3958,4213,4686,3993,6542,3978,8354,4455,7852,4948,2994,3817,2076,2647,1658,2413,1229,2275,354,1291,41,416,0,0,0,0,0,0,20250603
202505,3호선,홍제,75,1,10742,1336,25380,7566,63350,12323,70059,26801,48113,23075,35690,22669,33189,21798,34685,22423,32613,24368,30214,28162,30981,32759,32517,38659,32689,47807,29653,64389,17406,50262,13784,33111,10877,30594,7838,25502,3227,16116,511,4014,0,0,0,0,0,0,20250603
202505,4호선,길음,17,1,11254,1718,34773,8033,86048,15893,91265,36131,54333,28243,38169,26008,34433,28257,35002,27007,34123,31147,32129,32704,34032,35342,38150,44575,38212,60426,36722,80995,20685,63598,16707,41578,13552,39173,13928,38170,5996,22184,799,5531,0,1,0,0,0,0,20250603
202505,4호선,남태령,18,0,621,62,1026,1934,2293,6010,3892,5477,3152,1885,2691,1469,2657,1586,2807,1684,2475,1518,2289,1514,3064,1690,4237,2004,5311,1880,4090,1934,1687,1519,1026,1596,845,1194,553,1171,192,565,29,145,0,0,0,0,0,0,20250603
202505,4호선,노원,288,4,13449,863,25447,10016,53919,15782,56815,35833,37583,36506,31004,28198,32019,29150,35685,32605,34943,36841,34838,36929,38041,42182,40001,49810,40023,63892,39240,86127,29831,68561,30707,42851,28607,38437,24893,33094,12017,22399,2542,7896,20,795,0,0,0,0,20250603
202505,4호선,동대문,243,12,4532,2050,3017,15629,5441,34158,8044,62607,13988,63403,20462,60705,27159,58475,34139,49489,41112,47463,51065,43764,59223,37788,71770,29731,83551,23308,57459,19811,34993,19910,27705,14651,28090,10895,15833,7959,8073,5421,1150,1355,5,152,0,0,0,0,20250603
202505,4호선,동대문역사문화공원(DDP),364,10,5820,1503,4953,13549,9121,29656,14424,63747,18330,40972,20111,34378,22925,34327,26016,32735,29556,32579,36236,32099,45144,30227,53690,27898,70659,29550,80373,29858,49245,29586,42539,21336,39547,18101,29477,16200,15851,10844,2419,3326,5,182,1,0,0,0,20250603
202505,4호선,동작(현충원),5,0,257,2153,908,8170,2371,3666,2511,7278,2576,4649,3428,3879,3734,3262,3138,3296,3162,5001,3540,4163,4401,3922,9318,3540,9287,4116,6690,4773,3568,3430,3481,2972,3173,1508,2131,1106,870,606,131,379,3,111,0,0,0,0,20250603
202505,4호선,명동,53,6,1854,1083,4202,28335,8948,56680,17337,129291,32040,102295,37003,72628,45291,76267,47969,84657,52412,81542,64577,75821,84003,77004,102286,76828,107597,78762,140311,72478,87449,57592,81311,46825,80610,33857,76108,20082,33273,9680,1998,2796,2,117,0,0,0,0,20250603
202505,4호선,미아(서울사이버대학),49,2,12726,1681,22320,6471,48910,18457,52786,43002,36642,22082,28836,18682,28504,22393,29328,20055,27474,22084,27853,24058,27477,28897,33007,32552,32295,38630,31040,47632,18307,40563,13714,26445,12801,24441,9692,21383,3209,14184,491,3895,0,0,0,0,0,0,20250603
202505,4호선,미아사거리,101,12,15140,3036,36870,9418,85128,22165,95156,35364,61584,32136,45700,30090,43100,31896,44301,34088,43682,37788,41966,40675,45099,49884,50825,59149,43878,72118,43988,95268,31594,73587,31008,48278,19098,43538,13642,38291,6460,22911,1009,4815,0,4,0,0,0,0,20250603
202505,4호선,불암산,76,1,8770,40,18435,4868,44365,7023,36817,10702,24785,11496,18628,11014,17084,10113,17073,10977,16221,11296,14881,12628,14157,15539,14533,18438,13663,20731,12631,26412,8360,25093,5817,17740,4833,16281,3261,14947,1552,10226,324,3437,0,439,0,0,0,0,20250603
202505,4호선,사당,173,28,11832,1359,28763,19786,67837,26567,79368,37387,65054,29304,46717,26618,40577,33771,42890,34175,43858,31574,42403,31042,40569,37810,42570,49349,49876,69805,51635,96972,35660,61984,33189,39176,35897,36533,32084,33592,15858,23079,1919,7515,3,687,0,0,0,0,20250603
202505,4호선,삼각지(전쟁기념관),1,0,664,473,2299,5567,6923,12026,10870,22432,7132,12011,5797,10759,6679,13186,7933,13693,9239,14098,9928,12528,11095,13101,12887,15904,16791,20839,25265,26418,12521,16517,13820,9091,16249,7274,14293,5923,7746,4089,921,1503,2,45,0,0,0,0,20250603
202505,4호선,상계,76,4,15986,258,40771,7863,84605,19302,73147,21962,47977,18971,35956,18163,32963,19066,34731,23319,32335,24251,28214,26112,28544,32422,30467,40191,29168,49175,25870,66894,17753,60957,13939,38619,12643,34683,12143,30891,4005,20877,600,5886,11,729,0,0,0,0,20250603
202505,4호선,서울역,198,10,5234,1050,6570,18948,12848,43196,16175,90786,14706,58783,14177,33964,15887,34928,16601,39151,15993,38552,16525,36233,19109,40602,24082,44346,46721,48452,61181,47633,23982,36313,17348,27751,14956,26962,10839,22316,5017,10974,566,3114,0,285,0,0,0,0,20250603
202505,4호선,성신여대입구(돈암),57,11,6738,1687,20584,7595,47969,18127,56234,45526,41825,31959,34193,26071,36009,38931,40310,31854,39638,33834,43219,38147,42842,37980,46065,45661,54511,57578,53531,70931,35828,55774,33004,39316,33927,37797,30333,34938,14465,23743,2417,6593,1,14,0,0,0,0,20250603
202505,4호선,수유(강북구청),110,7,23684,3404,48119,12432,110695,22570,121571,55444,84462,40931,61979,33225,58722,35707,60600,38771,58419,44399,54441,47953,53114,59292,57958,75432,58734,90780,65398,122796,40033,106986,31621,73836,27935,68342,21902,62865,11886,43190,1769,10690,2,9,0,0,0,0,20250603
202505,4호선,숙대입구(갈월),16,3,3376,874,8567,9331,19072,23865,27841,52415,22125,34755,19221,28196,19998,26317,23532,22129,24942,24247,26108,22986,31200,23115,41621,27444,43838,35221,50585,42741,28540,27198,26739,18588,27911,17576,22780,16440,10918,10561,1328,2182,0,25,0,0,0,0,20250603
202505,4호선,신용산,4,0,1594,1330,4298,15463,12078,43061,18758,93652,18263,70653,16062,37753,22491,36058,24254,38496,29352,38567,28753,36262,38831,37387,49329,41715,71567,48751,96554,52727,50824,30835,45101,19053,43451,14183,33410,9944,14239,5194,1536,1295,5,55,0,0,0,0,20250603
202505,4호선,쌍문,255,15,26049,1285,54756,9837,121781,16550,127222,29273,81407,23949,58559,21927,52060,24791,51558,29028,46687,32554,40866,35954,38354,47498,40249,59907,39216,74853,34562,103117,24486,94796,18826,63242,14636,57570,10987,52246,4924,35435,708,10274,2,98,0,0,0,0,20250603
202505,4호선,이촌(국립중앙박물관),28,1,1331,959,5417,8788,12700,13802,18550,28662,13386,26554,11363,24140,14721,21968,21426,23505,20538,27013,22710,25749,27828,23826,35472,20873,35991,19714,31202,23326,12291,15423,10030,10323,8770,9509,4780,7962,1858,4468,202,1344,0,93,0,0,0,0,20250603
202505,4호선,창동,1899,46,18090,2757,39891,14994,87561,23384,82122,48303,56268,39602,47725,35515,46572,35145,48207,42167,45134,49218,43258,51074,47853,55468,53964,62312,52609,73929,54218,94495,32736,78131,25772,49713,21856,43534,17329,39823,7910,24687,1405,8624,1,263,0,0,0,0,20250603
202505,4호선,총신대입구(이수),101,8,6549,1188,18373,12542,48449,19771,60659,41892,41295,31825,33105,26953,31843,27274,33857,31250,35012,33851,32553,35425,34030,41996,35749,49015,40059,59758,43676,79567,27495,49372,25397,30766,21449,27085,17118,23314,7810,14040,1168,3648,12,675,0,0,0,0,20250603
202505,4호선,충무로,97,7,3721,2872,6229,24615,12713,61490,22306,178753,29247,107739,34194,67103,36549,56316,36661,52901,44152,52463,51025,45702,58348,42561,71976,45140,109872,50732,154943,53526,71808,33784,59764,24922,56070,25269,47130,23871,28665,16044,5411,4394,11,204,0,0,0,0,20250603
202505,4호선,한성대입구(삼선교),52,1,7129,1565,13879,9988,30594,19710,37012,33554,28710,31991,23105,26213,22216,27533,26056,26255,27888,27144,27544,27738,31962,26284,39122,29486,41915,35507,36410,38201,24734,30049,21873,21034,19846,19961,14128,18385,6828,12311,1050,6534,2,1478,0,0,0,0,20250603
202505,4호선,혜화,33,0,3898,2030,8390,24625,18338,53365,23193,120529,27295,99505,32888,73451,42709,74568,46409,85480,49830,104244,67161,90162,90367,72375,107684,69958,121718,82172,124703,89072,78797,62650,87104,25180,111187,23280,101022,20285,37706,12828,4758,4093,4,443,0,0,0,0,20250603
202505,4호선,회현(남대문시장),33,3,1638,832,3786,23756,5563,57035,10193,145672,15377,103489,22749,91717,34862,91106,46936,75097,59821,66115,74150,60411,85198,48587,99978,37432,115445,29554,124269,23871,61691,14505,56841,8688,23545,7910,12892,6880,4654,4420,713,1289,5,84,1,1,0,0,20250603
202505,5호선,강동,126,1,11971,1463,22122,11295,54584,27843,68220,52931,39737,31610,29722,21652,28103,20124,30373,21369,27897,27505,27267,25420,28787,27409,33537,31658,42203,38030,45837,56622,22654,41382,16505,29929,13684,28533,9775,25164,4214,16220,757,6719,0,0,0,0,0,0,20250603
202505,5호선,강일,3,0,3213,670,9874,3234,29832,6035,26203,8649,16960,4171,13384,3998,10348,4713,10235,6742,9847,6437,7805,7779,8889,10051,9328,11171,9550,15898,9257,20382,4519,18950,3183,12206,2222,10922,1715,10640,647,6640,140,2199,0,0,0,0,0,0,20250603
202505,5호선,개롱,7,0,3850,798,10022,2620,23474,7715,23893,15712,15216,8907,12491,6638,10847,7044,11395,7178,10469,9151,9362,10728,10001,11548,13769,14806,12465,17803,12674,22038,6433,20169,4834,12080,4566,10528,2693,11388,935,6169,97,2255,0,0,0,0,0,0,20250603
202505,5호선,개화산,2,0,4891,219,9789,3522,22829,6104,23641,13027,13205,6804,9749,6445,9772,6351,9593,6993,8954,7267,8198,7588,7998,9117,9252,10833,11822,12976,11516,19568,5350,16084,4043,10439,3468,9970,2390,8659,896,5260,88,1795,2,103,0,0,0,0,20250603
202505,5호선,거여,6,1,6959,589,17277,3574,45244,9334,43247,18801,25674,9322,17830,7924,16289,8738,16850,8946,15428,12649,13079,12602,13286,16692,15378,21081,16503,26393,14936,38849,7835,32470,5871,18427,5372,16138,3647,17670,1257,9694,171,3462,0,0,0,0,0,0,20250603
202505,5호선,고덕,10,1,4261,1587,11121,7313,28150,19772,26284,21721,18371,16925,17140,15553,18190,12674,18970,14433,16686,19212,17693,16748,21532,19153,25868,21380,25573,20339,20349,29812,13006,24900,10430,13656,10332,13220,10341,12144,2303,6224,395,2915,0,137,0,0,0,0,20250603
202505,5호선,공덕,31,0,1932,1089,5617,9657,20669,34378,32456,71139,18057,40628,15783,18912,17095,18217,18830,17306,22180,18443,19625,16039,22606,17883,28105,21312,43629,31105,61090,45130,25554,22437,20851,14681,21085,13756,15314,12400,6623,6783,890,1726,0,0,0,0,0,0,20250603
202505,5호선,광나루(장신대),9,0,4573,2026,12929,10820,30339,15717,36345,33287,22276,21514,18541,19660,18056,16215,19938,17731,20756,18008,19874,16441,23572,18001,28437,21320,27192,25673,29257,32564,14193,23424,12691,15554,12973,15118,9084,14266,2856,8572,386,2439,0,0,0,0,0,0,20250603
202505,5호선,광화문(세종문화회관),1,0,1214,927,3534,31009,8725,86302,12858,261813,12018,131937,17396,70783,25636,69287,33680,59253,45464,63215,53883,49780,68949,41049,88447,39940,131167,43516,207956,45997,80408,21448,70281,10665,69385,7944,41298,5603,13763,3123,1400,801,0,2,0,0,0,0,20250603
202505,5호선,군자(능동),43,1,7371,963,11571,6233,32803,9989,45890,26503,23939,19728,15803,14653,15465,14042,16917,15657,17688,18511,16519,17805,16993,20256,19831,25256,24664,36510,27436,54035,17705,34909,15233,23338,15208,21189,12495,20400,7067,12886,1303,6003,1,1070,2,3,0,0,20250603
202505,5호선,굽은다리(강동구민회관앞),6,1,7976,706,13861,3184,34675,7225,38705,14692,22802,12080,18027,10500,17104,12070,17860,12783,17874,14366,15400,15096,15142,16849,16262,21783,15547,23205,16003,36975,10039,27007,8277,17541,7808,14715,5164,15201,1724,8208,289,3157,0,0,0,0,0,0,20250603
202505,5호선,길동,6,0,5702,963,10131,4144,25072,8092,30533,20319,18756,15551,16662,12166,16348,12544,17107,13313,16942,13386,15279,16001,14839,16673,16150,19906,17404,22666,18149,29394,10144,23568,7905,14796,7202,12324,5388,10996,2084,6311,417,3198,0,4,0,0,0,0,20250603
202505,5호선,김포공항,5,1,1094,3300,5098,9305,18343,17783,23362,23052,12787,13943,12222,14615,17344,16367,20216,17163,24714,17034,26675,15758,29158,15268,27879,15953,30487,17029,35553,15415,24280,8610,19926,4502,18221,3006,16058,2054,7179,1112,315,453,0,11,0,0,0,0,20250603
202505,5호선,까치산,316,4,25062,1669,46067,8486,116832,11827,144804,21917,81498,19071,51560,18668,45607,22325,45996,26294,41474,29569,35011,34798,32967,46554,34479,58939,33065,75280,31611,120194,21411,90599,17000,63146,14022,60615,10970,50211,5430,30722,827,9319,0,377,0,0,0,0,20250603
202505,5호선,답십리,33,0,8691,1483,20048,10789,55257,15189,74594,33638,38557,18707,24753,13993,21655,14444,22971,16489,22467,18797,20568,18139,21615,22097,26962,26326,30934,34855,33185,56511,17300,37450,12092,25901,9955,23346,7331,21790,3424,13020,483,4045,0,1,0,0,0,0,20250603
202505,5호선,동대문역사문화공원(DDP),1,0,200,267,805,3357,1555,10002,2632,28180,3114,10834,3340,4168,3059,3763,2958,4056,3284,3970,4167,3660,4485,3483,6212,3876,13222,4066,19927,4094,7371,2657,4369,2346,3448,2677,2489,2635,1283,1879,213,487,2,5,0,0,0,0,20250603
202505,5호선,둔촌동,4,0,6494,589,17001,6727,43923,12146,45890,23836,28953,14896,21011,13198,19300,14100,20002,16296,19113,19656,18604,18499,19398,22938,21415,25722,24509,34885,24227,47883,14580,34773,11870,18906,10032,19674,7918,15784,3742,9452,394,2974,0,0,0,0,0,0,20250603
202505,5호선,마곡,4,0,2918,2894,8948,12021,25346,22171,26126,60739,15382,35809,13171,19072,14666,16497,15365,17225,17573,19475,19013,17566,23541,17801,30493,20000,38561,24160,49826,31716,24127,22031,18840,13107,16130,11175,11262,10553,4420,5571,553,2214,0,0,0,0,0,0,20250603
202505,5호선,마장,1,0,2482,535,6458,3656,15853,7164,19678,15486,12086,11535,9786,8084,9381,7229,10975,8340,9991,8486,9540,7332,10278,8213,12168,9933,12319,12804,11924,17822,7662,11498,6130,7916,5788,7385,4074,7334,1426,4399,253,1319,0,9,0,0,0,0,20250603
202505,5호선,마천,54,0,6911,287,15103,2723,41304,4315,32672,11188,18568,6974,12691,6867,10730,6094,11646,7325,9973,8579,8846,7923,8258,12972,9261,13793,8387,17866,10079,24807,4727,21562,3806,11774,2784,12158,1914,11963,773,6916,87,2672,0,0,0,0,0,0,20250603
202505,5호선,마포,4,1,2544,1554,8861,12434,27873,21328,36865,66607,21055,34424,18545,17918,18459,18739,19831,17120,21149,17681,19900,16118,21461,18081,26425,22195,38029,31679,54163,43797,21392,25262,19206,17260,20031,15637,13995,13908,5916,7888,771,2208,1,1,0,0,0,0,20250603
202505,5호선,명일,7,0,5895,1636,13004,3664,31695,7678,30935,13543,19110,9983,16423,10371,14963,9368,15288,9304,13866,12394,12345,12150,12662,15919,14584,19622,12677,19664,12297,32718,8481,25240,7190,14210,6853,12214,4181,12406,1889,7511,408,2529,0,3,0,0,0,0,20250603
202505,5호선,목동,50,0,8840,1374,21776,6246,58922,16347,70190,27780,38128,22435,28589,16695,26775,15543,26778,18820,25358,23568,22743,23361,23805,28286,25467,35632,28932,50560,28775,79299,16138,51716,13946,32094,13290,30756,14533,27226,4705,15924,639,5338,0,0,0,0,0,0,20250603
202505,5호선,미사,22,2,8247,975,22813,9203,70513,14459,67033,27245,35842,25813,27827,19874,25537,21014,27501,23370,27704,23195,25782,27714,29859,28229,30367,38614,33322,51916,33719,67514,20883,64611,19625,36986,19724,29621,17257,26643,7659,17234,1802,6059,1,2,0,0,0,0,20250603
202505,5호선,발산,4,0,3897,2775,11403,15195,28862,42976,31312,119560,22660,63309,23226,35780,26968,35167,31485,35045,34746,35863,37705,32710,45573,32447,50694,35177,76330,41354,90682,53906,41952,38239,37004,23233,35505,18530,27796,16011,11688,9557,1396,3309,0,0,0,0,0,0,20250603
202505,5호선,방이,5,0,2472,918,7147,3894,19349,8655,19203,21918,13585,13301,11698,9048,10112,9328,11720,11593,12288,11308,10899,12915,12034,13924,12758,16042,15911,21578,18482,23098,10114,18331,9364,10526,12505,8949,13561,7713,3171,5111,262,1451,0,0,0,0,0,0,20250603
202505,5호선,방화,20,0,5665,7,12017,3835,27787,6275,25765,13461,16205,8183,13137,7117,12643,7445,12947,8476,12421,9527,10789,10192,11893,11630,12370,13807,11673,16623,10440,22358,5651,19685,4357,12379,3270,11548,2193,11274,905,6736,150,2394,0,265,0,0,0,0,20250603
202505,5호선,상일동,62,0,10592,1357,32205,6247,71970,11941,58821,17785,36407,10747,26715,10050,22713,10098,22217,15972,19792,18405,17848,17504,19642,24083,20178,25726,21660,38164,21075,55688,11720,47318,8794,27105,6075,25953,4201,23624,1921,13313,500,6802,1,1235,0,0,0,0,20250603
202505,5호선,서대문,34,0,3116,948,6854,18634,19672,70903,24312,167438,18704,50135,20406,26660,22092,23788,24818,22378,23453,25715,28106,20883,34462,18643,45264,18690,76982,22916,114243,27764,33095,16184,26436,11073,24419,11394,15826,9237,5561,5800,532,1601,0,38,0,0,0,0,20250603
202505,5호선,송정,12,0,3841,1173,7704,4118,18110,7255,22169,11409,15320,7923,12348,6835,10948,7269,11170,8513,10144,8663,10165,9269,10191,10200,11559,12367,11973,14228,12493,19820,7877,15799,6038,10857,5072,10307,3781,9707,2114,5601,261,2150,0,1,0,0,0,0,20250603
202505,5호선,신금호,38,0,2861,402,7124,2861,20287,9137,27410,13983,15838,8125,10783,6721,9780,6753,10080,8151,9746,8959,9507,9723,9575,11701,11802,14186,10513,17851,11081,25722,7540,17086,5734,11268,4727,10632,3021,9535,1299,5803,313,1954,0,1,0,0,0,0,20250603
202505,5호선,신길,56,4,2210,454,4722,2239,16672,5269,25294,14029,11550,7134,8421,3381,6610,3916,6965,4312,6246,4946,5342,5044,5847,6321,6809,7943,9210,12355,12964,21307,5554,13075,4094,10981,4084,11493,3155,10558,1773,6436,230,1742,1,1,0,0,0,0,20250603
202505,5호선,신정(은행정),109,1,12765,907,23963,3731,60694,8858,73199,14213,38003,9543,23589,7838,20856,8843,20229,11071,18511,12952,15355,14157,14909,18647,16627,23774,17035,31969,15810,47672,9197,34614,7136,24500,5920,23482,4479,21823,1798,12966,298,3981,0,0,0,0,0,0,20250603
202505,5호선,아차산(어린이대공원후문),30,0,9562,1581,18518,6532,41728,15617,56153,34164,33685,24956,25229,24159,22753,24986,27983,23337,29669,24185,29875,24635,33648,28318,33690,32924,33362,38859,31269,54302,19198,37337,16280,25939,13960,21570,9629,19019,3952,11442,537,3102,0,0,0,0,0,0,20250603
202505,5호선,애오개,55,22,2369,918,6206,5180,20134,7999,26845,16013,13741,11621,10077,7406,9888,6913,10836,6691,10388,8250,9430,8666,10652,9448,11312,10925,12763,15267,14271,22231,7341,14162,5292,8812,4392,8441,2930,8070,1165,4852,123,2507,1,308,0,0,0,0,20250603
202505,5호선,양평,4,0,2857,1070,7470,4437,24547,10156,29844,40807,14376,16452,10138,6873,9195,6539,9697,6553,9730,7724,8873,7399,9279,8470,11789,10309,20116,14077,32348,23562,10272,15686,7024,11193,5495,10480,3919,9818,1514,5674,195,1950,0,0,0,0,0,0,20250603
202505,5호선,여의나루,14,0,1227,1456,2952,11933,6552,46262,10301,74371,7080,32267,7409,24366,9698,23870,11805,26576,14260,32551,20265,33758,26665,36217,35607,36736,61073,40112,72031,43902,44724,26512,53418,15546,44391,10197,31091,6402,10917,3389,855,1111,0,0,0,0,0,0,20250603
202505,5호선,여의도,10,0,2694,2931,4217,29321,10694,148288,14513,205555,13216,79869,15227,36601,23086,36773,24516,35401,29445,38022,34053,30894,42505,30090,56775,31606,141220,35327,160028,39083,66786,19063,57890,10732,45201,9442,25491,8162,8396,4906,1000,2399,0,1,0,0,0,0,20250603
202505,5호선,영등포구청,0,0,1269,695,2935,2661,9114,7428,14253,26524,6288,11282,5098,5940,5483,4995,6339,5420,6520,5498,6603,5556,6882,5609,8245,6533,12482,8731,23652,15359,8218,8262,6235,5224,5451,5010,4101,4766,1894,2793,287,629,0,0,0,0,0,0,20250603
202505,5호선,영등포시장,23,0,3145,1030,7338,5569,25921,14975,36782,44860,17637,27500,13392,17648,14405,18039,17373,21673,17557,23365,18197,19487,21515,17539,27278,18016,35316,22884,44849,35893,20241,21857,13842,14623,11636,13895,8724,12701,3850,7894,455,1881,0,0,0,1,0,0,20250603
202505,5호선,오금,26,0,1309,663,3455,2699,7715,10500,8337,19544,6019,6947,5303,3930,5265,3608,5689,4132,5764,4246,5628,4618,7193,5001,8273,6093,10674,7291,14160,8303,4645,6354,3494,4251,2848,3848,2228,4180,683,2701,128,958,0,0,0,0,0,0,20250603
202505,5호선,오목교(목동운동장앞),3,0,5371,1839,16325,8952,51032,27440,59563,57901,34016,48070,27502,30595,27697,32034,31692,31983,31915,36125,32020,34537,35456,37189,41498,46040,49125,55723,58558,74587,34091,47197,35641,29216,27598,25529,25789,22266,7566,12346,1004,3919,0,0,0,0,0,0,20250603
202505,5호선,올림픽공원(한국체대),17,0,1557,928,6199,3662,12255,6792,13569,12953,10400,9452,9256,9205,9659,9292,10047,10537,10429,11861,9236,13850,11996,14673,12129,15478,12640,15288,11334,13711,8837,8985,10036,6164,15571,5692,13494,4733,4195,3716,138,993,0,0,0,0,0,0,20250603
202505,5호선,왕십리(성동구청),8,1,1746,566,2115,3300,5777,6212,8197,15618,5473,9466,4892,7202,5425,7750,6173,7953,6587,8860,7303,8611,8064,8531,10668,9735,11046,11951,14227,15887,8728,9009,7981,5818,8318,4873,6786,4283,3157,2768,589,2003,0,326,0,0,0,0,20250603
202505,5호선,우장산,0,0,7610,961,23221,4984,54248,16063,58916,24223,33837,16299,27871,14281,26031,14368,27264,18530,25663,21024,22103,23385,24025,27084,27358,31952,25912,38444,20895,56318,13854,41915,10177,27607,9029,24826,7204,25132,2188,14093,308,3778,0,0,0,0,0,0,20250603
202505,5호선,을지로4가,3,0,467,563,1138,6717,2740,17952,4204,40706,4339,19244,5345,13187,6875,12699,8329,11351,9844,10736,11495,9514,12757,9043,16178,8813,27742,8149,36516,8640,15304,4884,10906,3505,9599,3231,6669,2402,3567,1638,448,616,0,3,0,0,0,0,20250603
202505,5호선,장한평,30,2,8352,1225,21149,13843,56675,23888,76973,64648,41997,30225,27929,22823,24760,20809,26256,21626,26192,22368,25144,22073,25949,25462,33942,31070,43647,43966,61126,67548,27532,46803,17065,30041,14322,28660,10740,26403,4650,16068,800,4651,0,151,0,0,0,0,20250603
202505,5호선,종로3가,82,7,1747,414,2328,8688,3352,15262,5615,44964,8011,36778,10647,34085,14518,39088,21085,39164,24367,39149,30394,36569,37299,36502,45332,38026,52895,42703,64606,48515,43343,29007,44293,18572,50033,14020,43088,10548,26154,6058,3495,1950,0,16,0,0,0,0,20250603
202505,5호선,천호(풍납토성),40,1,7582,1864,13503,13525,35255,19867,42882,40683,27820,39279,26731,31514,29943,32330,34999,33785,35431,40122,37911,36364,42655,38572,49235,41067,54277,48765,55740,61088,38681,42577,34881,26602,25555,23760,19501,20415,9280,12842,1718,4228,0,0,0,1,0,0,20250603
202505,5호선,청구,10,0,1730,206,2473,2158,6135,3795,9443,13345,6212,8160,5405,4290,5332,3732,5390,4649,5177,4756,5123,5082,5192,5390,7342,6143,8652,7521,13294,10129,7465,6649,4831,4702,4010,4612,3216,4162,1992,2705,283,810,0,0,0,0,0,0,20250603
202505,5호선,충정로(경기대입구),7,1,850,229,2542,2950,6002,15596,8478,35240,5295,12833,4251,4331,5349,4623,5401,4198,5673,5350,5762,5223,6315,4511,8421,5121,18027,6702,28609,9161,8348,5816,6157,4341,5321,4336,3028,4191,1182,2589,248,715,0,94,0,0,0,0,20250603
202505,5호선,하남검단산,26,2,4916,9,10140,3497,24630,5190,20670,13182,13783,10560,11717,9782,10228,9754,10792,11309,10664,10584,11218,10616,13265,13777,14460,12308,14213,15871,12399,18179,8534,16252,7394,10772,6317,10141,4526,8831,1251,5931,104,2597,0,0,0,0,0,0,20250603
202505,5호선,하남시청(덕풍?신장),45,0,6438,147,14139,3878,31323,7263,29312,17128,20314,9226,16804,10239,15543,10093,16204,9638,15172,13516,13828,11995,14622,17154,16773,19451,16158,19591,15597,27215,9266,24310,7047,14378,5682,14885,3644,13312,1532,7632,338,3791,0,0,0,0,0,0,20250603
202505,5호선,하남풍산,7,0,2136,477,5759,2450,10840,7901,12235,16551,8203,9780,7453,6969,6913,6626,7650,5702,8299,6700,7588,6769,8995,6739,10391,8688,12524,8361,13504,12257,5580,10517,4422,6174,4112,5680,2632,5601,844,3407,152,1334,0,0,0,0,0,0,20250603
202505,5호선,행당,30,0,3979,696,11298,2599,31185,5029,41606,9979,22370,6910,15651,5838,13561,6624,13349,7874,12495,9389,10433,10667,10763,13252,11148,16572,10810,20243,10434,30834,6723,20195,5522,13902,4164,13098,3509,11323,1220,6824,256,2031,0,0,0,0,0,0,20250603
202505,5호선,화곡,567,4,23774,1592,43721,9949,111603,15857,140099,35598,75639,27658,50299,20426,45337,21781,46878,24891,42722,28836,36611,33852,35566,42571,38295,55226,40076,70685,41951,120135,26133,84677,18575,57570,15608,54916,11618,47345,4769,29414,691,8564,1,0,0,0,0,0,20250603
202505,6호선,고려대(종암),20,2,4025,927,8094,5071,20851,14697,26732,27471,15885,16481,12049,17296,13277,12060,14509,11609,16326,14761,16282,13092,16071,12553,24799,15124,26235,18135,22626,27995,12349,20213,10935,13440,13748,13734,11801,12587,5680,9240,907,2951,2,56,0,0,0,0,20250603
202505,6호선,공덕,151,0,5319,2566,9029,13034,22319,41395,32240,91639,25149,48526,21915,25116,23880,22466,24935,22382,26755,23529,26688,22512,31254,22883,36660,28458,58444,33978,78762,43620,36347,27477,30128,18481,27018,17755,19794,15582,9474,11156,1249,4908,0,152,0,0,0,0,20250603
202505,6호선,광흥창(서강),3,0,3221,1529,8231,6501,21544,16533,27949,33701,18572,19378,15519,12714,16541,11987,16108,12208,15192,12188,14792,13269,15531,13940,18730,14666,23223,18722,29549,24623,13901,18177,10201,12111,9474,10993,6161,10687,2489,6603,404,1955,0,1,0,0,0,0,20250603
202505,6호선,구산,23,1,6477,282,13473,2351,30824,7076,39277,8348,22260,5980,15712,5709,14332,7515,14597,7938,13250,8510,11642,9640,13098,12307,13602,15387,12357,17544,10160,23609,6703,20039,5131,11747,4357,10708,3984,8967,1287,5958,265,1697,0,0,0,0,0,0,20250603
202505,6호선,녹사평(용산구청),54,1,1268,437,2234,4099,5176,8832,7520,17251,6627,9510,5084,7667,5693,8897,6115,11650,7204,12176,8012,11859,9940,13204,13478,12929,16366,15560,19675,16611,13206,11123,13206,7464,14680,5816,12464,5150,6074,3221,709,977,0,0,0,0,0,0,20250603
202505,6호선,대흥(서강대앞),7,1,2637,1227,5674,5954,16004,19230,21661,35952,14963,22107,12278,23039,12735,15413,14091,15018,18953,20209,16567,14674,17846,15474,24641,17053,28047,20780,28743,27629,14743,17376,13209,11184,13816,10042,13679,9198,4805,7225,751,1845,0,1,0,0,0,0,20250603
202505,6호선,독바위,17,0,2401,254,4823,1013,13613,2279,13208,3191,7544,3227,5359,3247,4684,2767,4544,3394,4170,3567,3600,3903,3689,4769,3879,6112,3583,7351,3123,11400,2012,9689,1378,6578,966,5474,660,5261,310,3371,44,1349,0,0,0,0,0,0,20250603
202505,6호선,돌곶이,42,1,7982,1255,17862,3985,45819,7697,48937,19327,25437,12792,18350,10116,15905,10350,17533,13573,16334,14010,14443,13892,15775,17887,16361,20441,18249,26666,17338,39616,12207,31529,8135,18772,7773,17214,5773,16938,2675,10501,525,3624,0,0,0,0,0,0,20250603
202505,6호선,동묘앞,151,1,5138,1087,5184,4638,10526,8589,17239,22383,14644,18965,13959,17558,16451,18764,18502,19009,19275,21008,22552,20844,24854,19553,26774,19484,26078,18770,24358,20926,15119,15456,11295,11209,9442,11692,6863,11559,3526,8533,596,2583,0,60,0,0,0,0,20250603
202505,6호선,디지털미디어시티,158,19,7019,2565,17945,12438,51520,28394,54246,59718,31991,27998,20792,12269,17752,11716,18211,14097,16912,14552,15510,15360,17048,19004,21997,25061,34115,33726,44066,50167,20073,35458,11394,24155,10902,22176,6750,20656,3314,12081,766,5237,1,6,0,0,0,0,20250603
202505,6호선,마포구청,20,2,6402,1999,15519,8136,42364,16433,55689,34421,37517,19435,25759,14058,23879,13842,24030,17494,23247,19229,20793,17225,21376,21982,23394,24050,26260,29903,35004,43995,18368,32871,14173,22323,13744,21109,9215,19480,4536,13005,641,3312,0,0,0,0,0,0,20250603
202505,6호선,망원,6,1,6121,881,10811,5806,26925,10595,37007,32555,26452,33042,20985,28956,22445,33254,27773,35108,29091,41603,29180,36449,31245,41132,34262,42440,39716,45405,44430,52204,33064,36861,30483,21214,27575,18552,21069,15270,9751,10638,1435,2482,0,0,0,0,0,0,20250603
202505,6호선,버티고개,1,0,971,376,1930,1432,5131,2473,7384,5954,4785,3500,3597,2731,3249,2297,3298,2829,3028,3337,3069,3481,3458,3951,3695,4220,4834,4933,6281,6691,3151,5067,2167,3513,1742,3235,1368,3028,631,2126,104,559,1,34,0,0,0,0,20250603
202505,6호선,보문,18,0,4584,863,8510,5141,23653,10436,33556,20540,19652,10821,12994,8956,12804,8977,13187,9648,13054,10516,12242,9593,13409,11899,15245,13874,16908,18458,18757,26309,9809,20097,8281,13045,7593,13597,6249,13448,3605,9492,738,3244,0,0,0,0,0,0,20250603
202505,6호선,봉화산(서울의료원),9,0,6399,994,16722,2906,43172,5885,38797,11725,20157,7482,15545,6912,13777,7073,13716,8417,12144,10348,11136,10804,10722,14071,11951,16393,12582,22053,10814,29480,5762,27065,4175,17009,3656,14728,2969,14575,1185,8524,173,3164,1,266,0,0,0,0,20250603
202505,6호선,불광,4,0,1695,380,4397,3217,11631,3905,14099,8230,8232,7692,7674,6567,8075,7092,8932,7043,9418,8330,9973,7503,11679,8515,12434,9533,11639,11258,10552,15030,6581,10997,5804,6999,4365,6125,2274,5704,855,3557,141,1213,0,0,0,0,0,0,20250603
202505,6호선,삼각지(전쟁기념관),4,0,1540,837,3161,6353,8625,15350,13693,28321,10547,14633,8399,10863,10854,11151,12352,12268,14113,12739,14141,11502,16953,12015,20918,12845,26480,14701,30775,17649,15164,10740,13063,8085,12450,7276,10126,7569,5725,5745,997,1575,0,6,0,0,0,0,20250603
202505,6호선,상수,34,4,6927,1498,7718,4269,10684,6706,13526,22279,10493,34742,8970,22074,9578,18743,13178,22060,14587,24146,15704,21695,18581,20714,24497,24280,27838,28453,30413,37782,23348,25348,22916,17464,25820,14465,27109,14047,19718,11709,3719,3528,0,0,0,0,0,0,20250603
202505,6호선,상월곡(한국과학기술연구원),53,0,5631,544,9301,2091,23850,4158,28338,15099,16406,10012,11855,10670,10928,9212,11018,7449,11417,9194,10846,8370,9962,10077,12282,11899,12099,14899,10786,19674,7008,16900,4403,10599,5348,10203,2949,9998,1504,6829,198,2188,0,0,0,0,0,0,20250603
202505,6호선,새절(신사),104,1,11799,665,21586,5543,53981,8636,60562,15551,33454,14213,22593,10930,19850,12482,20669,13721,19273,16633,16238,16357,18006,21265,21632,24804,18831,32390,15690,47681,10090,37949,7268,24566,5996,21340,4708,19836,1926,12695,309,4521,0,1,0,0,0,0,20250603
202505,6호선,석계,1338,3,9311,2008,19891,6020,47916,9592,53829,16905,30526,12500,23269,12049,20380,15141,21063,15830,20183,16527,17817,17711,18039,21990,19433,27655,20125,34250,16916,51743,12584,40749,9395,25497,8998,23243,7988,21194,4469,14001,913,4629,1,9,0,0,0,0,20250603
202505,6호선,신내,0,0,0,0,0,0,0,0,1,0,1,0,0,0,2,0,2,0,3,0,3,0,1,0,1,0,2,0,1,0,1,0,0,0,0,0,0,0,0,0,0,0,0,0,0,0,0,0,20250603
202505,6호선,신당,154,3,5813,1256,4958,8737,7705,15658,12302,35929,9939,20641,8447,13354,10745,11331,11763,11017,13021,10928,13866,10533,15922,10376,18853,12699,20290,14064,26073,18197,17338,19318,16293,11306,14733,9116,12732,9456,7480,7996,1588,2301,0,10,0,0,0,0,20250603
202505,6호선,안암(고대병원앞),59,0,2952,1461,4207,7159,9711,18845,13212,54933,12518,38971,14852,47585,19133,30119,21284,25299,23705,30837,28256,24733,29818,19548,46518,19819,55983,22796,41403,30382,25659,19998,25619,13722,25695,14129,24110,14313,19552,10507,2994,4542,2,141,0,0,0,0,20250603
202505,6호선,약수,7,1,1567,323,2198,2582,5094,6552,8317,15587,6726,8604,5497,5612,5548,5485,6241,5363,6422,5943,6821,5548,7407,6762,8359,6756,10261,8421,13568,10210,8043,6545,6175,4231,6562,3716,5054,3025,2801,2043,537,659,0,1,0,0,0,0,20250603
202505,6호선,역촌,1,0,2330,287,5875,3159,15322,3381,16744,8177,9405,4774,6913,3808,6947,5108,6852,5669,6486,5434,5763,5944,5129,7063,5296,8866,5821,11730,4898,17636,3084,13515,2307,8394,2098,8216,1362,7528,554,5018,69,1512,0,0,0,0,0,0,20250603
202505,6호선,연신내,0,0,0,0,0,0,2,0,2,0,4,0,6,0,5,0,6,0,3,0,4,0,4,0,9,0,4,0,9,0,3,0,0,0,1,0,1,0,1,0,0,0,0,0,0,0,0,0,20250603
202505,6호선,월곡(동덕여대),26,5,7433,1026,14691,4061,40257,8317,47620,28420,26153,17077,19301,16992,18648,15220,19534,14021,20105,16289,19865,16485,19237,19033,24108,24487,24391,28459,26370,42968,13788,32081,11071,19723,8919,18839,6229,17643,2698,11498,512,3597,0,0,0,0,0,0,20250603
202505,6호선,월드컵경기장(성산),31,0,907,1383,2916,4724,7816,12952,9428,13964,7418,12116,9278,12346,11473,12393,12029,13290,10457,14392,11671,15708,14005,18285,16048,15579,14556,20886,18833,22811,10366,9342,13663,5719,26122,4262,4756,3349,1426,1730,180,489,0,0,0,0,0,0,20250603
202505,6호선,응암,31,0,12544,1513,28089,6162,71306,10544,87291,19039,49733,18898,32508,16625,29722,16529,30634,19398,28361,20609,24295,23826,24878,31100,28573,37980,24938,50149,22324,75561,15119,58070,11549,38534,9541,34062,7002,29903,2902,20098,397,6137,0,0,0,0,0,0,20250603
202505,6호선,이태원,160,2,15487,2694,11715,15717,9588,12735,10536,30945,10586,26813,9728,19541,11009,17375,12692,19729,14738,21202,17715,20260,22691,22334,33194,25511,33086,29591,38360,34760,29382,30905,27404,26253,28852,25310,27541,24921,19494,21528,3216,8105,0,0,0,0,0,0,20250603
202505,6호선,증산(명지대앞),59,3,8228,820,14764,4155,36273,5253,45291,11580,26818,9596,18739,8732,16005,10127,16444,10240,15487,12530,13510,13331,13529,16159,14256,20526,13751,26217,13156,40627,8190,30185,6311,19821,4825,19599,3697,16622,1499,9945,294,3228,0,0,0,0,0,0,20250603
202505,6호선,창신,6,0,2836,310,5370,2182,14895,5462,16771,6064,9734,4251,5779,3577,5364,3587,5462,3901,5053,4374,4459,4525,4917,4682,6729,5962,5590,7935,5369,9897,3922,7736,3806,5395,2372,5540,1544,5020,706,3437,104,1034,0,0,0,0,0,0,20250603
202505,6호선,청구,17,1,1460,615,3003,3358,7033,7174,9848,21597,6308,11045,5294,4783,4908,4153,5308,4365,5423,4702,5436,4660,5672,5228,7055,5840,8375,6858,13852,7788,8794,5290,5508,3926,4820,3690,3866,3468,2043,2357,358,802,0,0,0,0,0,0,20250603
202505,6호선,태릉입구,11,1,4753,1292,7605,3802,18624,4341,22931,11278,13407,10656,10984,12497,11155,16055,12119,13658,13505,14858,14528,16641,15512,15608,15904,17214,14750,19462,13229,26960,9024,20226,7215,12812,6252,12702,4801,10814,2422,8929,488,4169,2,1,0,0,0,0,20250603
202505,6호선,한강진,16,3,703,972,1601,9916,3948,22460,5971,40881,5985,29581,4641,25730,6351,24949,9591,26039,11971,32882,15499,25739,22941,29986,34470,29088,42579,27505,46381,27504,33097,13305,28596,5539,23268,4448,20861,3783,4268,2938,489,2276,0,196,0,0,0,0,20250603
202505,6호선,합정,39,1,3724,1302,6124,6560,12971,16576,20339,39000,15547,29782,13817,20267,15436,21030,18734,22079,20598,24118,21971,21741,24403,24044,27060,29207,34246,33015,46802,43513,33037,29086,30259,17309,32995,15829,28646,12993,15711,9820,2391,2834,0,0,0,0,0,0,20250603
202505,6호선,화랑대(서울여대입구),26,1,6928,1569,22100,4771,53346,9339,51387,20547,28308,15478,19023,11314,18244,12206,18673,10139,18784,11369,17766,11755,18272,13792,23673,17237,23051,24847,16833,35625,8796,30149,6544,19048,5417,17416,4232,16971,1466,11056,190,4025,0,5,0,0,0,0,20250603
202505,6호선,효창공원앞,4,0,2472,782,6275,4421,17714,7989,28017,26463,17224,13757,12060,11664,10961,10192,12076,9536,12577,10624,11338,10125,12417,10429,16204,12992,18291,14928,24171,21182,10812,14513,7374,9869,6394,9172,5188,8543,2495,5748,554,2180,0,0,0,0,0,0,20250603
202505,7호선,가산디지털단지,640,11,6852,5586,10925,29523,24036,137156,28557,352949,21664,202031,20705,56783,25428,36963,33159,36475,36965,36245,42177,32020,54219,29929,80623,29065,206240,31379,281231,37154,112425,26220,65715,16973,49887,14452,28271,13358,12143,8983,1610,3205,0,1,0,0,0,0,20250603
202505,7호선,강남구청,15,1,1933,1709,4156,16603,7912,36646,9938,98973,10509,94398,10403,41638,12678,24933,15203,22418,18319,23486,22386,20760,26995,19617,32931,19368,50996,20654,81357,20890,51903,13371,33428,9361,31144,7612,21257,5971,8589,4160,1372,1877,0,0,0,0,0,0,20250603
202505,7호선,건대입구,78,2,4795,1141,5459,9297,13891,20600,19877,40368,16699,33003,15967,29574,17978,25708,20286,27380,23149,28781,27181,27278,30925,26316,37477,27997,45092,34572,37589,42025,27847,28149,30106,17567,27472,15228,23334,12446,13803,7289,2260,3990,0,187,0,0,0,0,20250603
202505,7호선,고속터미널,30,4,1437,3118,3384,23005,13169,40660,21627,50480,28420,38111,27638,31907,31340,29259,32846,27018,33590,30028,33723,27589,43353,23177,47644,24144,60950,26479,52363,27959,38950,17671,39730,11124,36452,10926,27571,5948,8843,3627,735,856,0,5,0,0,0,0,20250603
202505,7호선,공릉(서울과학기술대),39,0,6198,1105,14805,4603,36475,12950,41020,26088,24759,21852,20252,16541,20315,14998,22283,17785,22887,19527,20695,17933,23894,21195,26871,24550,26935,29872,26300,42529,15689,34785,12907,21406,12744,19115,11516,18849,6191,12487,1098,4179,1,0,0,0,0,0,20250603
202505,7호선,광명사거리,179,2,19975,7038,31826,13173,79219,16212,84140,26698,48630,24961,35283,25414,32988,29875,34929,33424,34296,34779,33371,34055,34587,39972,40430,45914,38766,58363,34492,80848,24028,60551,16587,35889,13135,31474,9581,26017,4057,16530,703,4969,0,37,0,0,0,0,20250603
202505,7호선,군자(능동),50,0,9166,838,14972,6455,35591,9716,55834,25379,38562,19411,24201,12871,20909,12996,22984,13984,22431,15993,20836,17194,21209,20143,24589,23726,29815,30048,33488,43620,22087,32337,19303,21839,17902,19653,14100,17208,7446,10530,1455,3408,0,43,0,0,0,0,20250603
202505,7호선,까치울,0,0,0,0,0,0,0,0,0,0,0,0,0,0,0,0,0,0,0,0,1,0,0,0,0,0,0,0,0,0,0,0,0,0,0,0,0,0,0,0,0,0,0,0,0,0,0,0,20250603
202505,7호선,남구로,183,4,19591,1405,15785,7314,30376,32144,35520,85954,25424,41909,17910,19657,16458,16648,17477,16133,16652,16814,16051,16101,18130,19122,21711,24937,43872,34260,66685,32311,28977,22868,15535,16177,11117,18460,7450,15536,3495,8135,504,2181,0,0,0,0,0,0,20250603
202505,7호선,남성,26,1,6408,933,15008,3858,37940,6901,52673,17078,34995,12608,22018,12042,18638,12894,18558,12959,18667,14381,16275,15480,15832,19383,16478,22795,16180,30201,16067,42891,10022,31347,9079,21026,7649,19358,5234,16790,2446,10215,451,3137,0,1,0,0,0,0,20250603
202505,7호선,내방,7,0,2723,1961,8872,15644,19091,26624,28632,71667,22489,44559,18280,21834,17575,17543,18812,18203,21133,19566,22295,18558,23471,18940,29990,20549,45060,26621,61782,32528,26148,21128,19347,14156,18854,12636,13101,10464,4528,7123,835,3369,0,214,0,0,0,0,20250603
202505,7호선,노원,39,1,8280,2543,15872,9119,37498,17277,42528,46770,29941,44650,30023,34014,33630,34050,38189,35982,38466,41231,39563,40278,43890,43120,46458,46493,45440,51776,47091,65612,32030,50435,29758,27972,23935,23475,22019,19393,8828,13024,1592,4372,1,2,0,0,0,0,20250603
202505,7호선,논현,44,3,2963,1485,4940,17633,8929,40609,14146,99088,13129,87743,12644,36951,14510,24800,16759,23482,19027,25451,23317,23548,28191,22208,34622,24556,61866,29902,94185,34410,54143,19453,36478,12507,36633,10827,33393,8457,16408,5717,3030,2696,0,0,0,0,0,0,20250603
202505,7호선,대림(구로구청),57,2,13065,979,9323,4527,17056,7936,23130,18855,18805,15596,14717,19263,15045,20940,16636,16833,17936,16571,19173,16661,18762,18472,19492,21282,20941,26086,20460,24316,13806,16108,11114,12385,9128,14737,7361,11247,3696,5867,455,1451,0,2,0,0,0,0,20250603
202505,7호선,도봉산,80,2,6069,1156,18397,5279,48047,9299,37882,16560,22077,18033,15371,16734,13813,14698,13930,14476,13541,14770,13291,14440,14591,16462,17053,19649,14328,24554,12531,36065,6227,35393,4472,22850,3517,19134,2653,17191,911,11277,163,4508,0,188,0,0,0,0,20250603
202505,7호선,마들,14,1,11675,1284,27677,3359,63898,8680,62956,12581,35253,11306,25329,10711,23490,12174,24983,14577,21036,16190,18097,18147,18316,23109,17793,27944,15660,33559,13863,49528,8770,46553,6339,27280,4401,24023,3489,22109,1457,13682,200,4296,0,1,0,0,0,0,20250603
202505,7호선,먹골,19,0,8195,824,13372,3562,33182,6317,42179,16222,25767,11599,19346,11510,17312,13224,18173,14142,18517,15351,17362,15916,17413,19620,18505,23261,18387,28256,19048,39425,13064,30876,9962,20637,8061,18037,5684,15909,2389,10119,424,2974,1,132,0,0,0,0,20250603
202505,7호선,면목,78,1,13460,1032,23818,5990,53996,9351,68316,30797,41107,17805,28003,15206,23522,15129,25028,18512,24540,18989,20955,19534,23116,26002,27460,32539,22836,38124,22996,52457,16275,44197,10543,29229,8216,26120,5851,24075,2671,13374,479,4609,0,0,0,0,0,0,20250603
202505,7호선,반포,35,1,1039,1084,3087,16658,8578,11975,12725,18894,9522,17016,7674,11163,7828,11274,9608,10944,10337,10643,11275,10171,14051,10349,22131,10385,20699,10906,18178,11941,12820,7533,10732,5367,10308,4875,7816,4610,2286,2701,265,923,0,0,0,0,0,0,20250603
202505,7호선,보라매,10,1,3864,948,6564,3351,16944,9261,24077,20972,15721,12495,10942,11227,10921,11301,11233,11488,11974,11728,11910,11352,13016,12235,14692,13212,15123,17171,16964,24327,8243,17436,7818,11344,6848,10833,5486,9025,2010,5835,316,2345,0,48,0,0,0,0,20250603
202505,7호선,사가정,34,0,13086,1306,24673,8328,53522,12101,68645,26174,43196,18322,30226,17305,25156,17877,26799,19848,25391,21611,23582,22789,23915,29812,24720,35789,26107,44859,25053,63711,18185,50488,13378,30618,10789,28896,8290,24633,4374,13646,733,4592,0,0,0,0,0,0,20250603
202505,7호선,상도,6,1,5564,1773,13327,5949,34644,8728,43877,26871,29433,20117,21012,20546,19018,18294,20468,17625,20974,17692,20278,19775,21200,19830,23655,22881,26913,30213,25114,44322,14631,29987,13144,20478,13857,18822,10708,18075,5924,12277,1312,3519,0,0,0,0,0,0,20250603
202505,7호선,상봉,504,15,11008,1623,21025,8433,51887,13066,72785,28190,39905,20166,26879,17756,24638,19039,27648,21358,27136,23458,25958,23858,27021,27057,30216,33788,32446,44296,32916,66924,24104,55800,19741,33999,18435,28809,14186,27856,7499,17350,1390,7602,3,38,0,0,0,0,20250603
202505,7호선,수락산,71,2,10752,828,21123,5917,45674,8515,47553,16980,31050,15968,23070,16433,21456,16383,22692,18491,22493,16584,22054,18050,21840,21412,21519,26393,20345,31373,19129,42191,12460,39916,8676,25200,6806,21489,4341,18910,2218,11515,304,4525,0,3,0,0,0,0,20250603
202505,7호선,숭실대입구(살피재),33,0,6441,1041,13886,3927,37202,8495,47504,37186,32111,24199,23436,37043,22305,25824,22708,20280,24120,25800,26284,23936,25434,23079,36621,27928,38527,34949,26401,48088,17729,34077,15972,23432,18022,21268,15300,21659,9206,14888,1814,4251,0,1,0,0,0,0,20250603
202505,7호선,신대방삼거리,74,1,10122,787,19601,5072,50575,9471,73307,18748,43407,16144,27378,14104,24955,15335,26153,16311,23627,18748,21273,19934,20541,24595,21977,28564,20677,38535,21392,59642,12988,44336,11379,28149,9714,27093,7156,23204,3423,14986,644,5288,0,53,0,0,0,0,20250603
202505,7호선,신풍,229,1,14108,1117,16495,5674,39875,11431,51356,20326,30601,14554,19697,12013,17413,12531,18557,12779,17568,13937,15972,14513,16414,18335,18405,23270,18313,30509,18584,41302,11880,29484,8830,19348,7169,18625,5114,16059,2299,8802,365,3017,1,454,1,2,0,0,20250603
202505,7호선,어린이대공원(세종대),43,2,3682,924,8029,8506,19645,17736,33097,80686,25812,55717,21803,55315,25451,44183,27967,34869,31212,44170,38387,35645,40732,28822,53087,28640,63982,30119,56247,39002,32092,27131,26442,19311,26149,16784,26528,16431,16854,11768,3382,3329,0,2,0,0,0,0,20250603
202505,7호선,온수(성공회대입구),148,1,8980,771,18942,4088,42015,11455,50621,21278,23575,14230,14401,8448,12725,9282,14091,9887,13064,11177,12050,11259,13762,13589,17725,16518,18863,22482,15475,37742,7283,27315,5807,18374,6349,14795,3805,13845,2056,9015,397,5020,1,1035,0,0,0,0,20250603
202505,7호선,용마산(용마폭포공원),5,0,5017,605,11148,2291,22745,3967,28013,9504,16191,6397,10424,6409,8900,5827,9397,6661,8797,7403,7418,7763,7483,10307,8261,11793,7857,15011,7531,21168,4979,17316,3551,11122,3062,10993,1931,9863,1007,6020,144,2033,0,0,0,0,0,0,20250603
202505,7호선,이수,38,1,4944,1632,10413,18016,28394,17066,42612,41734,30319,29915,22850,21633,22685,20643,24884,21832,26009,24302,26387,24590,28820,27366,35987,31866,37679,42332,44210,56798,27252,37287,25297,22319,27831,18771,23657,16619,12217,10321,1914,3295,1,22,0,0,0,0,20250603
202505,7호선,자양(뚝섬한강공원),22,0,5140,713,9981,5745,22639,8452,30992,15632,22270,13633,14170,11641,12373,14268,13488,17199,14412,20773,15280,21646,18904,25749,23154,30161,24112,36519,25900,48256,23878,39639,29843,26128,41186,16910,21969,13072,9212,6772,1286,2018,0,0,0,0,0,0,20250603
202505,7호선,장승배기,3,1,5741,2102,11681,9257,26544,8574,36944,17747,24548,12285,16721,9646,14768,9943,15059,11425,15226,12265,13198,12822,13736,15233,16979,17596,17679,21439,15124,30398,8627,22206,7480,15407,6576,13638,4746,12435,1971,8320,537,2687,0,1,0,0,0,0,20250603
202505,7호선,장암,1,0,2052,118,7608,1135,17119,1589,11962,1939,5434,2701,3414,3658,3017,3996,3730,3643,4161,2466,4717,1929,4856,2022,4706,2662,4480,3247,3624,4223,2323,3264,1501,2134,914,890,621,1106,156,615,18,255,0,0,0,0,0,0,20250603
202505,7호선,중계,34,2,10215,2344,25057,5713,60971,17630,63042,30412,35791,16616,26651,12695,24681,14940,27384,15644,22550,16993,22480,16418,21215,21142,26025,24447,21917,32558,19195,47338,10761,45179,8252,27067,9675,24227,6970,21252,2844,13071,380,3962,0,0,0,0,0,0,20250603
202505,7호선,중곡,6,0,6350,762,13713,4501,29821,16349,44025,28650,29029,14837,18512,10300,16506,9792,17390,11397,16689,12636,14625,13492,15636,16822,20532,20443,22177,23425,23116,33571,12231,26855,8831,17964,7191,16395,5591,14416,2045,8391,413,2755,0,0,0,0,0,0,20250603
202505,7호선,중화,76,1,8375,1010,15553,4850,34197,9653,44597,21748,27028,12963,18362,11999,16981,12607,18510,14076,17656,14146,16313,15783,18318,19332,19860,23216,21045,26694,20397,37510,12934,31582,9462,20433,7973,18527,6321,17241,2609,10061,364,3063,0,24,0,0,0,0,20250603
202505,7호선,천왕,19,0,8669,1091,20091,7118,52805,10314,57762,18528,32465,9181,20663,7924,17592,9585,17278,12503,15735,13897,14121,14782,15195,18512,17937,23104,17235,31793,15441,45930,7663,35372,5616,22686,4415,19429,3061,17260,1249,10864,290,2959,0,170,0,0,0,0,20250603
202505,7호선,철산,29,1,10418,3896,32383,10603,79856,17209,82285,36291,49652,28015,35592,20875,33831,20936,34229,23540,29603,26559,27993,27828,29864,33107,32055,41854,34875,61368,35870,88383,20704,66133,18607,39418,18012,35299,14938,31362,6724,18812,1164,5661,0,0,0,0,0,0,20250603
202505,7호선,청담,19,1,2447,3760,7142,34107,12000,56809,15362,125689,14517,85141,13835,34755,16824,22679,20008,22311,20961,23674,25356,21320,32886,19228,45380,19735,67093,21006,95795,21037,49171,14263,29425,10712,26113,9727,19673,7336,5571,4193,743,2954,0,0,0,0,0,0,20250603
202505,7호선,태릉입구,138,1,8045,1288,8181,5596,18941,9117,24578,22285,17020,16994,14040,19143,14911,22167,17632,18025,19142,19568,21853,20526,25921,19685,27465,19926,27665,21769,25991,26397,16160,21255,12184,14317,10550,12864,7829,12319,3573,8000,661,3874,2,1237,0,0,0,0,20250603
202505,7호선,하계,57,0,9596,1920,26534,7275,67915,17632,70736,28695,42005,23835,32393,18323,31028,18607,32135,24004,29510,28655,28365,25115,32693,28867,35946,33361,33654,40779,27255,59657,15631,50955,13354,32366,12445,28597,9059,27391,3284,17901,598,5578,0,0,0,0,0,0,20250603
202505,7호선,학동,11,0,2007,1632,4678,23418,9011,54201,11941,166860,11586,120713,12342,52910,16261,28548,20154,24446,23750,28609,28023,22985,36225,18929,45147,18961,82782,20762,145421,20630,67351,12673,38247,8871,33243,7903,23938,5758,8816,3632,1437,1381,0,0,0,0,0,0,20250603
202505,8호선,가락시장,211,2,4179,2692,6993,8252,12678,16428,14721,41059,11980,17096,11401,13249,11666,12955,12403,12248,13425,13383,14552,13056,15720,13259,17054,16056,21031,18583,28365,21716,13202,15452,11882,11253,11653,9113,8660,7512,4262,5334,1014,1778,0,506,0,0,0,0,20250603
202505,8호선,강동구청,21,0,5822,985,12019,5987,29831,16360,37711,33791,25510,15916,18334,12341,16025,11313,16281,13084,16597,15681,15237,14826,16033,18177,18162,20482,22009,26237,28240,33862,11580,25687,9318,16726,7865,15411,5776,13044,2303,7889,367,2163,0,0,0,0,0,0,20250603
202505,8호선,남위례,6,0,1884,1586,7692,5658,21786,9930,26829,24779,15584,12092,11372,7812,10201,7140,10808,8571,10950,10208,10569,9876,12803,10848,17367,14460,17673,19037,18883,25934,9347,19042,7830,12788,7547,10143,5797,10217,2507,6151,711,1371,0,0,0,0,0,0,20250603
202505,8호선,남한산성입구(성남법원.검찰청),121,15,11674,1694,22145,4770,52675,10687,63551,26659,34378,25120,23596,14389,20833,11332,22697,14176,20053,16410,18270,14549,20695,19686,24160,25031,25329,30444,21617,43809,10681,34078,8045,23086,5953,23093,4457,20116,1624,12512,314,3957,0,0,0,0,0,0,20250603
202505,8호선,단대오거리,69,0,10942,1623,20093,5763,48406,11541,55968,20078,29932,12442,20631,9398,17896,10346,19829,12061,18233,13280,15629,14983,16110,19899,19938,25679,21412,31505,21613,46711,10981,35380,8091,22991,6468,20962,4198,18977,2033,11497,434,3441,0,1,0,0,0,0,20250603
202505,8호선,모란,19,2,2532,521,3620,4167,9516,5375,11741,12682,8333,7645,8074,7972,8796,8080,10938,8617,11692,8082,11410,7871,12762,8340,15514,9434,13432,8666,12865,10979,7402,6835,5416,5049,5298,4609,4467,4033,2432,2502,742,1445,1,400,0,0,0,0,20250603
202505,8호선,몽촌토성(평화의문),11,1,1897,2098,4877,8972,13351,12735,19677,34375,13574,19424,11712,11716,13230,11191,11689,11291,11875,12592,12720,10929,14220,11075,17694,13308,21785,16192,25322,19401,11975,14823,10089,9958,9955,8151,8313,7488,4098,4815,772,1287,0,0,0,0,0,0,20250603
202505,8호선,문정,5,0,2613,3504,8990,11394,26756,56841,34768,165331,23204,76242,19124,29990,20656,20819,23650,21659,25798,24051,28794,21535,30974,21558,36530,25006,85147,29289,117742,40211,41825,29599,29293,18688,25616,15862,18581,15078,7501,7661,1342,2023,0,0,0,0,0,0,20250603
202505,8호선,복정,70,0,4067,2314,11957,10194,28402,11295,35970,19754,23133,16209,15444,10232,12507,7915,14214,9423,13557,9598,12774,9667,14102,12290,18172,15069,23309,22051,25187,30092,15152,20735,9827,14402,7252,12998,6122,11990,2646,5547,531,1210,0,0,0,0,0,0,20250603
202505,8호선,산성,4,0,5183,852,11302,2597,29408,3887,31001,9337,16802,6267,11874,5898,9635,5021,9736,5965,9331,6858,8102,7918,8622,10590,9402,12959,9568,17918,6919,27014,3733,21812,2931,14002,2381,13221,1533,11251,724,6966,137,2601,0,0,0,0,0,0,20250603
202505,8호선,석촌,3,0,2805,827,6347,4929,16360,10046,23876,23638,14549,20918,12272,15235,12540,17108,13784,17364,14265,18670,14752,17665,15230,19146,16981,20063,19905,26479,22915,31747,13743,21172,13024,13826,14001,11811,11516,9684,4667,5802,804,2037,0,11,0,0,0,0,20250603
202505,8호선,송파,25,0,3398,766,11000,5366,31039,11906,36780,19875,24583,12662,18589,10156,16981,10200,16451,11350,16098,14328,14268,14516,16263,17733,17070,20517,16964,25276,18274,33547,10639,24571,8064,15661,6490,14931,5406,12616,2097,6370,257,1935,1,53,0,0,0,0,20250603
202505,8호선,수진,9,0,3981,557,7147,2524,17219,5306,22190,13042,13080,7148,9910,6141,9712,6236,10696,7033,9642,8435,8463,8474,9795,8980,13152,10899,10063,11454,8148,15894,5206,13723,4392,8954,3762,8362,2608,7347,1090,5000,261,1542,0,32,0,0,0,0,20250603
202505,8호선,신흥,6,0,3899,692,7795,2948,19083,3628,22339,6981,13158,4776,8747,5592,7937,6185,8336,7801,7837,8345,7753,9155,8742,10461,10349,13482,9985,14661,8792,19689,5355,15896,4412,10457,3207,9225,2111,8327,1102,4536,209,1503,0,9,0,0,0,0,20250603
202505,8호선,암사,107,1,15472,845,25443,5621,66438,9083,79205,19708,44456,15055,29637,12344,26367,16238,25633,17526,24525,19750,21103,21937,20432,28544,21654,34075,22463,42864,22299,62627,14366,47936,11768,29237,9098,25850,6039,25127,2335,13644,485,4290,1,128,0,0,0,0,20250603
202505,8호선,암사역사공원,4,0,2938,462,9603,2616,28203,6723,32578,7607,17678,4799,11554,4741,10054,5053,9576,6431,9198,8179,8161,8665,8573,9247,10271,12473,10931,16843,10646,23204,5782,17448,4034,12513,3501,10029,2557,10769,920,5431,152,1364,0,0,0,0,0,0,20250603
202505,8호선,잠실(송파구청),37,2,1793,3216,3878,14809,8556,42030,11915,95686,10220,59573,11368,45990,16068,46796,20843,45321,26583,46292,34958,42689,44471,43522,51832,41453,63904,44669,81941,48858,54034,25787,51346,15304,48524,10329,34772,7538,12088,4908,2031,1878,0,163,0,0,0,0,20250603
202505,8호선,장지,16,0,5940,3127,19989,12161,46083,27774,51428,47497,34421,34097,24157,20620,21236,21630,22145,22261,23522,21849,23865,22757,29808,25579,34352,28842,45789,34927,48403,51374,28733,31286,23379,19752,18201,18652,8760,15536,3123,9503,513,2203,0,0,0,0,0,0,20250603
202505,8호선,천호(풍납토성),128,1,10747,2456,17287,12630,43678,19558,54892,34911,35034,32336,24490,24683,24004,27083,26111,28293,26905,32711,26913,31927,29342,36517,34072,40189,39494,52558,40339,70968,27295,48798,24815,30451,17692,28308,13989,22066,6800,13910,1596,4191,0,0,0,0,0,0,20250603
202505,9호선,가양,153,1,17229,1643,29205,10187,75515,30074,79597,55682,47323,32261,37676,20617,35323,22296,37611,23276,33425,25789,29592,29209,32068,35017,37139,40258,44555,48174,51862,74695,23627,60085,17467,40439,14387,34626,10046,32777,4285,20190,650,6069,1,217,0,0,0,0,20250603
202505,9호선,개화,14,0,2585,148,7144,2239,13074,3397,9586,4652,4160,2914,3203,2260,2959,2530,2642,2181,2705,2408,2998,2489,3259,2859,4350,2797,5908,4100,5676,5701,2394,5087,1814,2795,1526,2272,702,2082,305,1293,92,468,0,34,0,0,0,0,20250603
202505,9호선,고속터미널,29,1,2750,1712,6995,16580,19764,21808,27625,32713,22735,36788,22132,41727,23682,44531,27973,46617,29494,46889,33364,51534,38202,51975,42383,55602,43526,60579,43072,65198,36832,41690,37265,30959,35380,25491,25440,24181,9290,11316,1162,2533,0,4,0,0,0,0,20250603
202505,9호선,공항시장,8,0,3437,274,4420,1246,9579,2184,11669,4765,6856,3781,5373,3238,4692,3724,5326,4117,4833,3926,4395,4328,4389,5591,4713,6490,5140,7634,4383,11230,2912,8609,2440,6714,2017,5964,1479,5873,854,3731,130,1387,1,132,0,1,0,0,20250603
202505,9호선,구반포,14,0,275,2748,777,18156,1632,3110,2019,4008,1565,3055,1481,1748,1665,1473,1759,1686,1845,1956,2082,1649,3297,1584,14104,1632,11533,1866,5202,2110,2488,1258,1434,924,1167,725,798,739,252,383,64,208,4,5,0,0,0,0,20250603
202505,9호선,국회의사당,6,0,884,1798,2372,12433,5472,50541,8465,159788,8229,62662,11576,34065,16148,25971,19557,22432,24098,25685,28840,21508,31185,16642,42055,15400,77606,17646,103822,14720,40320,8621,29389,6043,25679,5420,14981,4498,5111,2705,981,929,0,0,0,0,0,0,20250603
202505,9호선,김포공항,5,2,559,2896,2778,12640,9351,16371,9550,19849,6638,17612,7415,19961,8306,21209,9549,23796,11365,22839,12584,22089,14571,20117,14311,24031,17267,27189,18641,25608,13577,13985,11145,6109,10887,3930,9200,3000,3067,1978,97,1476,1,151,1,1,1,1,20250603
202505,9호선,노들,5,1,4226,407,6831,1585,18185,2602,22407,5536,13285,6276,9466,4640,8244,5220,8840,6629,7968,7919,7404,10198,7520,10409,8589,12037,9283,14623,9335,18576,8165,12631,9887,8928,5813,7738,3679,7283,1392,3959,274,1375,0,1,0,0,0,0,20250603
202505,9호선,노량진,492,12,18256,2095,27367,13156,67446,38693,91504,62312,53518,45715,37225,28671,35917,32021,41139,37152,43352,40450,37303,36955,37976,39525,44762,46033,57108,67663,55588,93219,34657,60886,35031,46352,40723,44264,39487,44490,12747,24964,1667,7210,0,0,0,0,0,0,20250603
202505,9호선,당산,96,0,9265,1629,17977,7788,51667,16785,61149,44444,37620,27092,28733,17488,27818,19585,30628,20667,28230,24330,26505,23089,27592,27747,30623,33251,39864,46172,48588,65467,27230,47348,21888,33634,20513,33436,16710,30746,8346,20168,1605,5606,2,280,0,0,0,0,20250603
202505,9호선,동작(현충원),47,1,1030,250,1681,2499,4528,1844,5382,5208,3697,4460,3877,4254,5120,3431,5427,3151,4668,3773,4563,3293,4857,3175,5539,2988,4749,3405,4182,4767,2116,3099,1848,2291,1529,2093,1318,2010,614,1318,80,1324,1,212,0,0,0,0,20250603
202505,9호선,등촌,15,4,6378,1258,16555,5536,50030,8285,59310,19764,28328,13068,20108,11759,21085,12320,19947,14696,18739,15998,16895,17001,18257,20373,18984,22540,18532,33299,19273,47763,10827,36772,8181,21536,6778,19693,5127,16799,2413,9914,438,3113,0,0,0,0,0,0,20250603
202505,9호선,마곡나루(서울식물원),15,0,5319,1534,11180,10951,29790,25164,32003,61228,18438,29267,14657,19146,16326,18004,19407,18307,20500,18966,21875,18132,24001,18376,29676,20575,48202,27497,53535,39217,25250,30314,21081,19046,19640,19131,15793,16274,7297,11572,1020,4151,0,429,0,0,0,0,20250603
202505,9호선,사평,3,0,1163,312,3942,2290,11804,5932,15886,8533,9532,4571,7467,4056,6424,3906,7578,5174,6889,6982,6435,6400,7412,8192,8868,8220,9274,10409,9013,12520,5384,9245,3734,6859,2590,6292,2206,6438,767,3217,201,892,0,0,0,0,0,0,20250603
202505,9호선,샛강,9,0,1659,1245,2562,4661,5480,17351,7076,36385,5812,14073,5947,9178,7000,9100,8138,7737,8981,8482,9611,7740,10839,7327,12842,8586,22394,11142,30420,13993,12766,8309,10951,4620,10022,4213,8088,3790,3865,2403,827,814,0,19,0,0,0,0,20250603
202505,9호선,선유도,2,0,2317,1417,6864,4283,23428,14520,28069,38856,13898,20373,10473,8911,10377,8960,11105,9994,11474,9439,11318,10001,11810,11037,15543,11532,27019,14535,35579,23132,14061,16237,8614,10464,7052,8647,5027,8716,1952,4795,352,1544,0,15,0,0,0,0,20250603
202505,9호선,신논현,82,0,4513,1684,13548,16322,30519,39330,39529,84926,32647,101828,30248,60625,36134,45626,42151,47455,46210,49378,48694,49000,54922,48872,66506,55438,84922,74355,105352,92001,78481,56417,61005,36720,64970,29775,55228,25371,26684,16064,4694,3756,1,666,0,0,0,0,20250603
202505,9호선,신목동,4,0,2559,410,6846,2589,21890,3902,20317,6983,10866,5130,8295,3327,7007,3387,7216,4638,6716,5299,5354,5180,6075,6601,6880,8381,7939,9973,7007,15949,3733,11732,2516,7530,2049,7464,1897,6057,646,4396,160,1279,0,111,0,0,0,0,20250603
202505,9호선,신반포,2,0,959,760,3024,7475,10567,9715,13762,11335,8499,8468,7000,7231,6336,6326,6893,6573,8268,8203,7974,7850,9955,8095,13429,8529,13451,10587,12004,13222,7455,9523,6334,5893,7311,4641,4476,5422,1070,2635,241,872,0,1,0,0,0,0,20250603
202505,9호선,신방화,3,0,5388,836,12005,2887,27792,6028,27620,13376,16047,7814,12469,6327,11107,6833,11411,8120,10835,8935,9493,9772,11174,11269,11031,13885,9842,17508,10546,23637,6440,20548,5361,12457,4121,11080,2950,11914,1156,6496,203,2214,0,0,0,0,0,0,20250603
202505,9호선,양천향교,4,0,4957,1138,11179,9972,30379,17408,31796,44743,16400,18819,13147,10988,13788,9130,15988,10990,14507,12480,13928,10989,15734,12058,19911,15097,27408,19535,35054,28830,13396,24954,9020,15796,7361,16187,5314,13377,2250,10238,470,2539,1,225,0,0,0,0,20250603
202505,9호선,여의도,13,1,3170,2832,4615,29022,9501,151706,12094,166511,13158,79085,17535,38736,26113,38650,27546,39179,34200,39413,38381,34556,48361,31235,64837,32614,158375,32756,154050,34121,75369,19542,65736,11634,47849,9671,26636,8709,8704,4747,1354,1980,1,313,1,1,0,0,20250603
202505,9호선,염창,7,0,13786,849,29297,5483,78666,8973,85409,19058,49350,12532,32409,11326,28405,12924,29100,15475,25334,18174,21422,20707,21528,26616,22679,32045,24331,50346,23959,71854,13787,59770,10995,39468,9697,35097,7003,35758,2911,20871,446,6766,2,392,0,0,0,0,20250603
202505,9호선,증미,0,0,2683,555,8586,3067,23233,11204,24892,45665,13449,17933,9972,6484,9757,6173,9888,6616,9881,7112,8525,7926,8681,8746,10043,9853,21104,13499,35662,20373,10365,15414,5886,9379,4976,8538,2668,8553,1111,4680,221,1623,0,0,0,0,0,0,20250603
202505,9호선,흑석(중앙대입구),7,0,4208,1066,6976,5678,19407,13215,23284,29490,16257,17954,14268,19194,14846,15960,16823,16231,16811,15536,17890,16497,20479,15670,23210,17093,28648,25703,22646,30645,13563,21167,13082,14567,13317,12452,11670,12438,5741,7068,1305,2682,0,30,0,0,0,0,20250603
202505,9호선2~3단계,둔촌오륜,0,0,2360,285,8275,1863,21394,3850,20833,4437,11723,2493,8212,2599,6670,3300,6544,4008,5966,4562,5216,5164,6196,6877,7849,8016,6164,11643,4661,18509,2835,14719,2070,10159,1858,8316,1400,9604,606,4353,129,1707,1,156,0,0,0,0,20250603
202505,9호선2~3단계,봉은사,5,1,1819,2619,5418,30172,9373,46681,10557,119569,10095,95034,11854,58624,19823,48751,27829,45049,34098,48399,42620,39470,52790,34519,73283,32418,96999,30062,112188,28295,56852,17910,41117,10683,35363,8607,24179,6129,6203,3858,986,820,0,0,0,0,0,0,20250603
202505,9호선2~3단계,삼성중앙,3,0,1126,519,3158,4960,6333,18256,8618,45741,6944,32941,6614,12329,7606,8778,8801,8516,9626,8777,9617,8372,11266,7869,15758,8954,25975,12220,42130,13249,18669,8992,11782,5981,10093,4778,6881,4833,2632,2792,623,1049,0,1,0,0,0,0,20250603
202505,9호선2~3단계,삼전,31,0,5099,667,8671,3148,23370,6077,36416,18437,24572,10029,14796,7097,12208,7392,12328,8470,12511,9641,10977,10263,10873,11555,12012,14837,14851,18694,18018,29042,8726,23368,7375,14784,6147,14913,5121,12022,1929,8352,360,2437,0,521,0,0,0,0,20250603
202505,9호선2~3단계,석촌,17,0,3648,514,9864,3540,24864,5916,35614,13251,24321,12299,15796,10317,14423,11140,15401,12862,16347,13545,15027,13490,15610,15027,17381,16505,18423,23433,19451,33095,12442,25872,11483,17291,11929,14821,9795,15204,4471,7810,667,2221,0,3,0,0,0,0,20250603
202505,9호선2~3단계,석촌고분,3,0,3537,581,7870,2593,19505,5746,32431,15483,21280,10622,12481,6689,11094,7175,11705,8824,11114,8841,10177,9257,10124,10648,11437,12659,12602,17328,15712,26732,8237,20389,6337,13866,5652,12597,4421,12128,1495,6813,284,2464,0,3,0,0,0,0,20250603
202505,9호선2~3단계,선정릉,7,0,1096,1071,4365,6898,8731,21007,10978,58399,9632,48889,8358,21562,9214,14207,11609,13484,12501,14662,13921,12819,14941,11858,18924,11889,33375,14831,52702,15966,28961,11446,16020,8150,13677,8124,10230,7113,3814,4567,741,1303,0,14,0,0,0,0,20250603
202505,9호선2~3단계,송파나루,0,0,2132,289,4825,1737,13882,5121,21194,13445,14317,9160,8339,6747,7284,8404,8587,10387,9257,9405,8902,9230,9180,9862,9644,11848,11780,17412,14485,24349,8790,18487,8045,10537,8337,8066,6613,7604,2623,4218,467,1431,0,0,0,0,0,0,20250603
202505,9호선2~3단계,언주,2,0,1574,1165,3186,8021,7342,24135,10628,67031,10059,51182,10835,21789,12327,14095,14058,12138,14985,15436,16742,13585,18723,11808,24288,12744,42771,14136,57286,15411,28195,10475,16600,7359,12974,7848,9668,5807,3336,3774,637,1229,0,71,0,0,0,0,20250603
202505,9호선2~3단계,올림픽공원(한국체대),0,0,2250,635,8185,3988,17306,6856,20244,19116,13969,15256,11465,17299,12228,20481,13782,20953,14308,28871,13526,28239,15519,32354,18684,34421,19311,33502,19465,30990,18865,20172,28208,12215,45101,12305,35357,10783,9835,6811,325,1993,0,30,0,0,0,0,20250603
202505,9호선2~3단계,종합운동장,5,0,1564,197,4154,2151,10064,6347,13344,11697,9134,9909,6713,6280,6896,6507,8328,8092,8473,8284,7617,8276,8541,9409,10566,11381,13221,15046,13241,18519,9105,12033,10702,7756,9789,7350,7876,6516,4399,3535,745,1052,0,14,0,0,0,0,20250603
202505,9호선2~3단계,중앙보훈병원,21,0,5169,554,23246,6231,49486,13052,52045,22773,32701,14811,22700,14931,21139,10615,19578,13316,15861,14972,18400,14633,20139,14544,20064,15979,21870,25033,16477,40232,7949,30696,5939,19666,5071,17310,3430,19207,1158,8128,196,2683,1,226,0,1,0,0,20250603
202505,9호선2~3단계,한성백제,6,0,1319,356,3856,1079,8231,2537,11899,8592,7124,5723,5085,3952,5242,3922,5425,3889,5527,4656,5354,4269,5734,4628,6105,5342,7032,6618,8917,9330,4193,7685,3459,4409,3179,4626,2351,3605,864,2775,196,768,0,0,0,0,0,0,20250603
202505,경강선,경기광주,0,0,3325,336,17576,2855,42039,6285,43804,9739,21088,5529,15494,5177,12618,5665,11913,7028,10258,7753,9025,9571,9448,11255,11240,16078,10912,21970,8641,34196,4771,31602,3726,18984,2626,15266,1931,11672,568,5893,52,105,0,0,0,0,0,0,20250603
202505,경강선,곤지암,2,0,1178,303,3184,2571,7619,4966,6732,6665,5155,2901,3743,2780,3948,3463,4008,2590,3993,3878,3666,3472,4789,3749,5448,4659,7353,5859,6051,6804,2358,5279,1946,4038,1297,3320,453,2994,142,1803,4,430,0,0,0,0,0,0,20250603
202505,경강선,부발,3,0,1331,52,3813,1935,7900,6919,6418,6104,5749,2706,4399,2312,4745,2365,4038,2924,3756,2961,3475,2950,4754,3432,5028,4837,7659,5830,5350,6572,3639,5191,2235,4961,1366,5023,660,3969,450,3724,14,1503,0,0,0,0,0,0,20250603
202505,경강선,삼동,0,0,1863,66,5431,1335,12455,2230,13492,2200,7582,1159,4866,1313,3954,1376,3212,2091,2979,2020,2386,2573,2324,3728,2667,5020,3293,8250,2774,9411,1400,8364,999,5273,693,4817,413,3393,140,1865,16,56,0,0,0,0,0,0,20250603
202505,경강선,성남,1,0,247,20,1624,864,5038,1494,5170,1905,2632,1030,1915,910,1754,1204,1617,1227,1373,1376,1236,1383,1863,1840,2088,2188,2638,3216,1893,4403,1181,2458,1066,1841,957,1531,773,1085,299,548,15,124,0,0,0,0,0,0,20250603
202505,경강선,세종대왕릉,0,0,271,7,619,265,874,771,979,1063,910,874,927,682,738,919,645,828,792,521,834,749,751,737,986,856,933,716,795,985,373,719,248,543,148,466,60,440,10,229,0,92,0,0,0,0,0,0,20250603
202505,경강선,신둔도예촌,0,0,947,20,3037,484,6078,2889,5030,3300,3844,1854,3059,1512,2506,1883,2577,1567,2474,1599,2288,1829,2903,2173,3175,2825,4247,4502,3286,4138,1478,4786,1125,3096,741,2669,262,2424,82,1394,2,348,0,0,0,0,0,0,20250603
202505,경강선,여주,10,0,2473,16,5050,960,9974,3836,8402,5622,7436,8912,6552,6431,5809,9274,6020,6493,7232,4891,8813,6093,9854,5832,10827,6788,9013,8348,7253,9540,4022,8745,3085,7206,2411,3634,1036,6524,287,3594,4,1512,0,0,0,0,0,0,20250603
202505,경강선,이매,22,3,765,36,1698,1057,4050,2399,2891,3259,1700,1513,1695,1255,1530,1137,1680,1329,1379,1494,1386,1348,1731,1670,2057,1869,2174,2676,2013,2915,1349,1650,1252,1171,1363,891,1050,701,369,497,14,86,0,0,0,0,0,0,20250603
202505,경강선,이천,5,0,966,68,3559,1994,8753,6455,7525,8608,6578,4696,6260,4498,5643,4297,5200,4973,5160,4734,5358,4964,5476,5311,7300,6717,7524,7668,7490,9585,3996,8164,3361,6425,2626,4789,1224,3726,608,2473,20,1048,0,0,0,0,0,0,20250603
202505,경강선,초월,0,0,2074,142,8143,1830,18320,4534,20251,5416,9117,2372,6749,2370,5606,2335,5423,3153,4700,3285,4419,4295,3904,5012,5377,7401,6244,9040,4910,14901,2496,11374,1844,8487,1316,7430,715,7009,279,4423,29,62,0,0,0,0,0,0,20250603
202505,경강선,판교,6,0,812,9,2755,8194,6628,18753,4417,37108,3128,19049,3476,12842,5797,10106,6202,7482,5599,5571,7114,5579,10101,5623,15534,7338,20331,7389,24045,7004,17446,3747,19345,3139,11105,2022,6549,1282,2026,808,2,217,0,0,0,0,0,0,20250603
202505,경부선,가산디지털단지,1280,11,6967,2426,8073,12783,16427,58884,18095,150617,12733,72322,12032,23534,13298,17128,15023,17493,16661,17639,16619,17335,20403,17145,30934,20852,78058,25798,105974,29761,43138,21096,26022,15164,21691,13773,14317,13327,6253,7753,238,1350,0,0,0,0,0,0,20250603
202505,경부선,관악,213,2,7920,1782,13804,4361,31153,7184,27873,11905,17094,11524,12351,10812,11052,8514,12867,8016,12570,8103,10962,8727,11013,10598,12052,13071,12518,19045,10806,28273,6711,20479,5449,12913,4502,12032,2577,10404,1190,7643,77,722,0,0,0,0,0,0,20250603
202505,경부선,광명,0,0,14,1616,3551,3159,11513,6469,10120,7853,7744,6685,4184,4431,8442,2610,6041,8799,5816,173,3808,8743,6726,4178,8147,5436,9229,7493,9960,11903,8688,6377,3005,4672,7875,3256,2749,4890,1315,67,6,4,0,0,0,0,0,0,20250603
202505,경부선,구로,11881,104,21296,4539,18152,14433,36776,31021,37158,65563,28163,38111,23200,28880,22995,27311,25602,24843,26621,25918,26504,25167,30295,28485,36188,32027,51889,39858,53807,41487,24798,28528,20603,20897,17677,19786,11880,17205,4759,13603,30,12511,0,1,0,0,1,0,20250603
202505,경부선,군포,56,1,5417,2816,8465,12158,17825,31303,16996,36622,10460,7970,8039,4824,8067,4784,8253,5196,7194,5753,6857,5975,8033,7480,11791,8117,24786,10929,31219,14045,10524,11538,7675,7451,4421,6550,2519,6000,1084,3700,56,601,0,0,0,0,0,0,20250603
202505,경부선,금정,537,7,25207,5646,39505,22137,92177,47212,90583,91865,59399,37357,44076,25186,40101,27740,40555,28875,38439,32232,35160,33639,37961,43232,44408,52748,69246,71035,76170,97484,36107,73637,28984,48280,23836,46033,16474,39128,7810,26348,618,11326,0,0,0,0,0,0,20250603
202505,경부선,금천구청,567,10,11369,1205,18497,6435,43148,16045,40935,28360,26193,12054,19746,9972,17485,10642,17438,13246,16045,13840,14702,14613,14716,18042,16378,24379,17463,31548,25798,45022,10720,30760,8370,17703,6738,17824,4301,14586,1589,9132,58,866,0,0,0,0,0,0,20250603
202505,경부선,남영,135,2,2697,1527,5038,7809,13035,19693,19540,43996,12320,26582,10212,16918,10714,14140,12109,13144,12879,14136,12819,12962,17095,13794,22510,15116,27333,19215,35220,24940,16162,16198,15078,11025,15364,9855,12391,9215,5089,5273,336,1233,0,0,0,0,0,0,20250603
202505,경부선,노량진,370,21,4881,2162,7914,6139,18635,8816,24117,14247,14449,12547,12119,10002,12589,12407,13692,13396,15146,12903,15196,11948,15614,14174,17282,19289,19853,27553,19557,38331,16065,21963,16616,13891,17394,12535,14871,11401,5153,7312,348,1632,0,0,0,0,0,0,20250603
202505,경부선,당정,29,0,4842,913,11958,3499,25066,9062,22331,17016,13589,9981,10060,7074,10153,5985,10739,6895,9263,6600,8769,6507,10177,8299,10970,10730,13532,14449,14048,21618,6139,17224,5020,11832,4007,9925,3973,9915,1421,6595,98,1278,0,0,0,0,0,0,20250603
202505,경부선,대방,536,5,5046,2167,9973,9380,25082,32190,30944,42297,19654,20375,14999,11971,14658,11845,15494,13018,14991,13907,15085,13254,15723,15124,16410,18093,28970,24708,35556,32808,13188,20281,10212,15416,8475,15152,6016,13699,2030,8538,149,2235,0,0,0,0,0,0,20250603
202505,경부선,독산,680,7,8744,2355,19719,13018,47844,40686,47732,83615,27261,37349,20891,13218,20325,12056,20688,13838,19353,14736,18353,14337,19805,18071,28992,21875,52391,29797,60379,46025,25567,35435,16158,22980,11362,22600,7413,21873,2946,12256,124,993,0,0,0,0,0,0,20250603
202505,경부선,두정,1061,8,5723,1386,11346,4144,19319,10131,18747,26131,17767,25298,13820,17430,14345,14673,16790,16292,16178,13929,15141,12650,18298,12074,19985,17940,21158,20222,19323,26832,12587,17889,10089,15306,9795,11943,6674,13356,3470,10799,70,3087,0,0,0,0,0,0,20250603
202505,경부선,명학,147,4,6852,1825,10306,8063,24459,24583,21547,49972,12329,15070,9782,9894,9554,12128,10872,8753,10177,9309,12906,9120,11359,8269,16301,9840,28132,13725,33149,19499,11942,16792,10011,9531,7441,8155,5632,8194,2327,5935,170,1283,0,0,0,0,0,0,20250603
202505,경부선,병점,3387,28,8509,3168,30443,12158,53826,21478,48109,32850,34648,21194,29153,16669,27824,17659,29095,21653,24250,19124,24267,22885,27519,27555,31854,34059,37059,46472,33715,53708,21484,43838,15849,33222,12850,25788,9370,26166,3441,18601,49,8223,0,0,0,0,0,0,20250603
202505,경부선,서동탄,0,0,1579,9,6070,803,10534,1332,4483,1204,3232,920,2213,750,2281,1154,1968,1150,1750,1244,1557,1576,1871,2229,1613,2759,1899,3449,2020,5631,923,5993,813,2715,442,2107,398,2684,142,1557,4,1153,0,0,0,0,0,0,20250603
202505,경부선,서울역,4,1,69,809,145,5695,12569,8773,23998,9972,21243,8065,15273,7144,20861,4863,20007,7096,19329,6397,6530,5851,22426,7299,18307,7881,22127,10445,29471,10802,26618,8127,16776,5784,23627,5327,17448,4390,10142,984,1531,150,0,0,0,0,0,0,20250603
202505,경부선,서정리,73,3,4746,2945,13119,7657,19045,15076,19374,21702,15883,11722,14985,8874,14486,8944,15151,11329,13028,11887,13752,11261,16518,13672,21416,19493,31891,22352,19837,22209,11234,19489,9424,15371,7022,12065,4801,11864,2809,9221,98,872,0,0,0,0,0,0,20250603
202505,경부선,석수,291,3,7784,2553,15861,6263,32979,11245,31736,12880,20086,10188,15101,8093,12964,6437,12786,7561,11890,7928,11264,9643,12411,12127,13264,14954,15942,21160,14059,29603,8265,22465,6159,14022,5126,14249,3594,12453,1404,7670,98,636,0,0,0,0,0,0,20250603
202505,경부선,성균관대,278,16,9843,2569,29195,8319,68197,11076,57968,28428,31357,20808,24912,17602,22644,17623,24669,16360,22969,21346,21456,19280,22717,23964,29717,30525,30798,43751,27165,62911,17692,48456,14547,31428,13380,28704,11433,24471,6345,18204,349,2914,0,0,0,0,0,0,20250603
202505,경부선,성환,36,0,2217,998,4180,3585,7455,12346,7338,21500,7911,24065,7913,10922,7767,7224,11039,10542,12102,10027,11057,6473,15782,7247,26336,7931,22141,8743,15444,9432,7306,7160,5811,6902,3786,6130,3941,6624,1946,5190,112,1279,0,0,0,0,0,0,20250603
202505,경부선,세류,524,6,4193,632,9628,3105,17361,3993,12074,4797,6987,3934,5488,3351,5268,3672,5282,4116,4661,4159,4198,4226,5417,4990,6371,6564,7210,8415,5421,13324,3526,10370,2839,7598,2383,7387,1427,5445,549,3416,13,998,0,0,0,0,0,0,20250603
202505,경부선,세마,230,5,2102,1143,7089,3567,11621,5313,10959,10140,7723,3005,5632,2460,5070,2944,5479,3000,5716,3670,4738,3842,5358,3805,6964,7622,8430,9343,8761,9786,3590,9400,2562,6272,2004,5703,1463,5460,618,3197,60,322,0,0,0,0,0,0,20250603
202505,경부선,송탄,77,3,5836,1035,8275,3386,13822,6325,12993,10000,10495,5182,9029,4595,9210,5524,9036,5621,8515,6118,7511,6927,9530,7839,11935,9815,10134,12445,9681,13392,5835,12869,4322,10312,3579,8840,2182,7635,1105,6646,63,461,0,0,0,0,0,0,20250603
202505,경부선,수원,2368,60,21250,5010,38242,33349,76963,59659,73129,83247,54489,83409,52359,81691,56432,82347,62685,95107,65837,88164,68346,85767,85913,86531,104346,100299,109172,112346,111298,135413,86717,96427,95296,56821,75888,47272,66082,36756,25315,25380,723,7854,0,0,0,0,0,0,20250603
202505,경부선,신길,817,5,8900,1684,10667,6373,24294,20393,31368,29946,18762,12567,12803,7648,11257,7296,13491,8290,11891,9462,10535,9228,11652,11176,13541,13091,19464,16753,27749,22217,11003,15825,8066,12006,6813,12553,4882,10451,1980,6602,168,1780,0,0,0,0,0,0,20250603
202505,경부선,신도림,559,7,2017,915,3528,3316,8754,7415,10571,15037,7215,8744,5315,5743,5034,5564,5360,5682,5300,6309,5518,6093,6024,7309,6637,7968,10532,10467,13733,13823,7075,7939,5844,5518,4517,4724,3508,3944,1706,2768,92,1348,1,1,0,0,0,0,20250603
202505,경부선,안양,398,8,16577,2842,37862,11981,88146,20372,77426,51854,47417,53922,36878,36941,35810,37215,41948,35298,41473,42016,38521,33228,46653,41851,57978,46576,57318,65640,43038,91318,28690,64848,24386,39985,23431,33216,19344,27340,8287,20188,493,3159,0,0,0,0,0,1,20250603
202505,경부선,영등포,4337,122,15544,7758,16405,26805,41302,58277,61139,121526,41806,93753,45023,77136,51998,84461,60501,90375,64780,93821,65211,84050,92072,81306,104478,83108,120949,92956,158957,104770,96148,67686,96898,42570,72036,33716,57905,28097,23537,15863,771,4399,0,0,0,0,0,0,20250603
202505,경부선,오산,505,4,7749,1773,17273,10438,29487,26057,32119,21469,23640,15207,21304,13229,20305,12208,20897,16263,18611,16977,18223,16996,19306,21528,24751,25635,26400,31386,26284,34880,16610,26724,12186,20467,9003,16712,5402,11762,2426,9811,159,938,0,0,0,0,0,0,20250603
202505,경부선,오산대,267,1,3409,972,8064,2711,14103,4469,12255,10118,8073,5339,6263,6955,5993,6639,6113,4992,7186,5736,7200,5611,8514,4878,10124,7637,10098,9894,9390,13366,4405,10958,3671,6626,3471,6174,2264,4999,1156,3395,114,346,0,0,0,0,0,0,20250603
202505,경부선,용산,364,13,4106,5881,6431,40156,23715,91509,34901,146306,50979,116104,34757,89955,59629,80785,56127,86994,69968,88742,57450,84676,107289,85247,114376,90760,130807,97996,162348,94092,108234,65397,114159,45372,110215,30503,78960,16904,28770,7367,1096,2148,0,0,0,0,0,0,20250603
202505,경부선,의왕,137,1,6687,2476,14052,8930,27939,32789,27663,28927,15676,12434,12168,7955,12525,8222,12789,8385,11474,10138,11198,9380,13079,11610,18752,14553,29677,19437,24081,27179,11757,20611,9751,14227,6644,12417,4228,10603,1752,7343,126,1417,0,0,0,0,0,0,20250603
202505,경부선,직산,61,1,812,380,1894,1254,2914,3558,2797,3763,2305,1462,1917,1101,1749,1087,1677,1203,1657,1398,1488,1374,1784,1475,1770,1959,4064,2613,3420,2552,1348,2561,1086,1572,703,1546,392,1287,168,1146,18,178,0,0,0,0,0,0,20250603
202505,경부선,진위,42,0,1100,352,1734,3121,3208,8185,3044,7915,2362,2724,2013,2464,1961,1366,2006,1150,2302,1390,2089,1294,3783,1742,4406,1960,7574,2565,7266,2698,2827,2534,1666,1664,1107,1761,552,1093,222,918,16,61,0,0,0,0,0,0,20250603
202505,경부선,천안,1452,6,3348,864,6603,4000,13073,6867,12712,17238,16715,16924,13229,14210,15178,15808,14731,15969,14847,14901,20743,14509,21714,15632,25024,16373,22022,22257,18788,19830,12795,13551,10153,10806,7350,7503,4511,6674,2657,4160,24,2922,0,0,0,0,0,0,20250603
202505,경부선,평택,134,3,8374,3279,14440,9920,29055,17260,34198,26230,29796,24054,27285,19578,24838,24888,24685,24649,26228,24946,25467,27057,27192,30065,31049,37259,34013,42060,31441,42445,21666,26848,22845,23546,16182,17486,13993,14911,7255,8672,108,2869,0,0,0,0,0,0,20250603
202505,경부선,평택지제,14,0,2760,4695,5594,8599,12311,12826,11915,7276,8501,5543,7152,4125,6713,4851,7342,5121,5208,4725,5737,5158,8021,6782,8233,8473,13739,10516,10340,11558,7956,9494,5601,6805,5116,6547,4880,6373,2721,3781,29,442,0,0,0,0,0,0,20250603
202505,경부선,화서,473,23,9621,1249,25103,4041,48172,6919,38053,14005,19176,14439,14871,13263,13571,19071,14359,21064,14825,23647,17033,21312,21192,22411,24155,25338,23517,31623,23194,47934,17747,34161,15080,19609,14340,15306,11615,13511,1948,9118,133,1571,0,0,0,0,0,0,20250603
202505,경원선,가능,475,8,8076,1890,11959,3769,24120,7401,22037,14906,14080,8070,13236,6759,12026,7792,11940,8149,10501,9126,9416,8486,10037,10567,11152,12282,12826,16067,9213,19697,6028,18958,4836,12175,4084,9745,2491,9299,1231,5209,220,2266,0,0,0,0,0,0,20250603
202505,경원선,광운대,2434,8,6869,1088,14781,2807,30657,6795,28934,20926,17176,11917,13601,12661,13850,17117,13930,12487,14517,14967,15384,14650,15608,14147,17230,17219,18412,20488,14140,26355,8737,21384,10425,14110,8576,12669,8469,11668,3804,9733,205,5262,1,0,0,0,0,0,20250603
202505,경원선,녹양,420,2,5671,922,7722,2239,16179,5248,15629,8889,10414,4825,9228,3977,8741,5449,8699,5539,7753,5882,6694,5690,6760,7123,7726,8206,7790,11390,7408,13492,3862,12658,3025,8705,2233,6745,1448,7017,589,4071,65,1617,0,0,0,0,0,0,20250603
202505,경원선,녹천,1487,41,4504,851,8212,1694,20167,4927,18590,4456,10709,2897,8416,3524,7826,3372,7978,4273,6323,4563,5646,5528,5706,6512,7497,7934,5878,9785,4958,14382,2859,11388,2113,7444,1868,6897,1562,6409,452,3573,40,1089,0,0,0,0,0,0,20250603
202505,경원선,덕계,33,1,6468,618,16479,3232,29712,4333,30271,7056,15282,5114,12205,3588,10226,4640,9402,5386,8642,6189,6834,6619,7412,9451,7747,12911,7876,17760,7016,24047,4303,19931,3424,13159,2749,11977,2128,9202,1147,6893,226,2547,0,0,0,0,0,0,20250603
202505,경원선,덕정,9,0,5275,1035,10582,5241,21457,9752,21768,20231,13341,14609,12209,8496,11583,7765,11797,7908,13394,9348,9878,8453,13300,9720,14222,11590,16709,14557,13818,17074,5636,14831,3973,10005,3263,9697,2182,7110,1195,5315,278,2279,0,0,0,0,0,0,20250603
202505,경원선,도봉,261,6,7048,1200,10230,3486,19490,4101,18367,11437,13996,8373,12196,7292,11290,7606,10678,8744,10523,9146,10149,9390,10000,11354,9927,13200,9831,14412,10820,16747,4991,14315,3475,8850,2861,7761,1782,7113,831,3855,136,1583,0,0,0,0,0,0,20250603
202505,경원선,도봉산,285,3,6942,1046,9776,3026,20749,5493,22107,10106,16566,14741,14045,17418,14737,17208,16672,16222,20808,13322,23105,11445,23304,11537,23240,11126,19249,10590,14830,11022,9826,8962,6110,5833,4199,5087,2558,4628,1147,2908,185,1249,0,0,0,0,0,0,20250603
202505,경원선,동두천,40,0,1321,541,2476,2319,4188,5489,5178,6123,4287,7145,3478,3390,3772,3418,4426,4900,4674,4291,4312,3383,6149,2970,7537,3058,5869,4088,4702,3844,2288,3179,1390,2715,741,2298,643,1943,406,2022,39,636,0,0,0,0,0,0,20250603
202505,경원선,동두천중앙,35,0,2509,681,4812,1904,8572,4299,8883,10624,6790,4308,6518,4979,5914,5121,6933,4734,5905,5139,5341,6082,6237,5845,6833,5746,6650,6739,6481,6950,3041,5562,2120,4418,1719,3457,965,3154,473,2385,21,1308,0,0,0,0,0,0,20250603
202505,경원선,망월사,510,8,8000,1158,13143,3672,28428,5438,26630,22648,19887,15994,16059,10570,17208,18582,17253,13821,16564,13039,17470,14641,14936,14777,17442,18588,20078,22133,12505,27431,7657,24074,6742,14792,6181,13292,7308,11745,2567,7324,454,3683,0,0,0,0,0,0,20250603
202505,경원선,방학,512,10,12050,1906,16067,7164,33356,10361,32096,21019,22929,12234,19267,12224,18862,12067,20028,13900,17509,14024,15993,16716,16109,20020,17569,22763,17552,25799,18098,30714,11491,26404,7927,15973,6681,14002,4473,12457,2371,6897,399,2753,0,0,0,0,0,0,20250603
202505,경원선,보산,47,0,1520,380,1951,1512,3796,2261,3961,3428,3370,1663,3361,1729,3022,1914,3052,1536,2779,2219,2553,2371,3126,2818,4815,2994,5164,3755,3143,4036,1849,4144,1440,3383,964,2424,511,1909,241,1679,17,716,0,0,0,0,0,0,20250603
202505,경원선,서빙고,91,0,1065,751,2356,4409,3479,4456,3977,9373,3921,4797,3730,4132,3042,2783,3763,3050,4127,4751,4277,4087,5077,5179,7588,4329,9284,4128,7768,4938,3313,4066,3229,2191,3053,2064,1501,1629,390,1002,26,246,0,0,0,0,0,0,20250603
202505,경원선,석계,1510,11,6037,2174,11126,4850,21107,5578,23876,8599,16903,7515,14713,7609,13883,9580,13703,9792,12929,11487,12196,12691,11945,16327,13265,20399,13373,24575,11163,32603,8343,23747,6808,16957,6148,15101,5628,12784,3048,8116,149,2176,0,0,0,0,0,0,20250603
202505,경원선,소요산,112,1,533,387,538,800,1676,1400,2606,2752,2403,4458,2759,8291,3823,9635,5251,9530,8276,7349,9368,6509,10639,4239,8379,3035,5951,2395,3307,1766,1100,1391,895,1196,384,873,174,693,122,508,5,397,0,2,0,0,0,0,20250603
202505,경원선,신이문,1546,9,8502,1158,14816,3431,34916,4345,38754,7910,23662,5359,16829,6205,14561,7658,14031,8892,12843,9685,10873,10972,10822,15675,11154,19276,10259,22458,9057,30569,5941,22828,4431,16262,3147,14409,2362,13916,1214,8368,112,2142,0,0,0,0,0,0,20250603
202505,경원선,양주,1994,14,6118,1462,12004,5496,30688,11754,25320,12063,20279,9373,17556,7473,15739,8636,14952,10138,14977,10910,11604,11608,11887,12908,13215,14217,13588,20317,13316,22781,6945,21040,4296,16186,3077,11617,1964,11468,943,6024,101,3266,0,0,0,0,0,0,20250603
202505,경원선,연천,1,0,204,8,777,706,1446,1298,4008,3634,2672,3252,1807,4095,2022,5094,2976,4018,4069,3152,4744,2424,4653,1889,4228,1848,2933,2038,2213,2066,872,1753,720,1139,251,581,97,474,84,418,0,255,0,0,0,0,0,0,20250603
202505,경원선,옥수,0,0,0,3,5,77,37,50,159,362,29,21,31,270,38,198,36,106,20,13,19,15,30,40,544,68,418,52,69,50,404,21,46,24,52,10,26,14,21,0,0,0,0,0,0,0,0,0,20250603
202505,경원선,왕십리(성동구청),1022,7,6200,1759,9506,6553,26681,13713,40835,22046,27282,21790,19123,21335,20022,23356,24810,26375,27077,26235,28497,27043,32184,31031,37325,35663,40557,47954,37280,65339,29989,46143,30197,29745,31476,25372,27655,22530,12989,12515,1512,4549,0,0,0,0,0,0,20250603
202505,경원선,외대앞,506,32,4657,2622,8756,10492,23512,7176,26073,29715,16888,14685,14364,19643,16128,21392,17922,17181,17243,13969,21214,18304,23167,15458,27914,18008,33077,23082,22748,28933,14564,21991,12684,15507,13173,15730,12763,16662,5953,11873,368,3065,0,0,0,0,0,0,20250603
202505,경원선,월계,962,7,5199,1459,9815,2978,25069,7179,24642,16502,16780,15912,13713,8964,13267,7482,13999,9875,12939,12535,11895,10025,13865,10701,18742,13948,16286,15710,11226,23282,6623,16886,5148,10815,4368,9886,3296,8989,1368,5301,101,1359,0,0,0,0,0,0,20250603
202505,경원선,응봉,106,0,1415,199,3191,1093,7234,1418,7333,2315,5430,2482,4028,2408,3523,2567,3328,3018,3134,3065,3056,4046,3456,3689,3785,4705,3481,5274,3192,5873,2113,4774,1960,3231,1263,2585,700,2074,330,1267,40,463,0,0,0,0,0,0,20250603
202505,경원선,의정부,3077,19,11074,2560,30039,8443,49384,13031,50546,37845,32743,38685,28830,30584,31259,33025,33813,35013,34921,38786,36364,36793,39419,35236,40438,39752,43303,48875,45249,59770,27990,51929,27383,31758,18784,28413,14527,24398,7520,17427,1233,9855,0,0,0,0,0,0,20250603
202505,경원선,이촌(국립중앙박물관),74,5,1273,584,4005,2943,9190,5095,11273,8501,8994,5456,7433,4471,7431,4403,7199,4602,7759,5318,7121,5398,8372,6423,9615,6360,10756,7040,10117,9432,5754,6767,5662,5050,4951,4382,3013,4160,984,2657,93,793,0,0,0,0,0,0,20250603
202505,경원선,전곡,1,0,620,12,1302,796,3159,902,4896,2333,3250,2460,2857,2243,2634,2553,3403,2906,3244,3065,3016,2508,3320,2167,3989,2933,2997,3237,2263,3658,1654,3204,1364,1768,835,1473,450,1232,363,1010,13,679,0,0,0,0,0,0,20250603
202505,경원선,지행,101,1,5101,861,10907,2809,21426,5700,24025,13117,15739,7609,14513,7435,12462,8199,12069,7810,11415,9533,10641,12190,10810,14198,11444,16656,11781,20735,11221,21728,7897,17852,6513,14037,5678,10870,3557,10027,2098,6638,221,4206,0,0,0,0,0,0,20250603
202505,경원선,창동,0,0,0,0,0,0,2,0,11,0,8,0,4,0,14,0,6,0,15,0,11,0,9,0,14,0,18,0,13,0,7,0,4,0,1,0,4,0,2,0,2,0,0,0,0,0,0,0,20250603
202505,경원선,청량리(서울시립대입구),1494,6,5756,2465,9042,16697,30137,19540,44897,26421,33207,37413,40572,34607,34410,43049,33863,35658,36289,35800,37673,42562,40465,38645,42069,45188,41722,45304,42786,55217,34603,39718,30088,22863,20792,21714,13178,14255,7329,7802,275,3692,0,0,0,0,0,0,20250603
202505,경원선,청산,0,0,62,0,235,233,641,265,633,254,336,310,420,355,315,381,378,292,354,302,376,279,378,266,426,322,477,358,315,268,139,340,128,153,45,112,6,89,19,103,0,72,0,0,0,0,0,0,20250603
202505,경원선,한남,93,0,896,748,1865,4914,2755,11204,3255,14244,3307,11614,3794,6502,4726,5368,5275,5363,4634,5719,5877,4615,7748,4835,8786,5028,14097,5920,13258,6465,6969,4263,5866,2372,5726,2344,4736,1417,1831,955,97,303,0,0,0,0,0,0,20250603
202505,경원선,회룡,1947,38,15492,2545,29439,6741,57426,9523,52511,14666,35818,12084,29800,12952,27114,15295,25468,17598,22638,19463,19409,21537,18237,26290,17865,31903,16245,39029,13557,47374,8922,43532,7010,25505,6059,23021,3780,18653,1587,11330,321,5549,0,0,0,0,0,0,20250603
202505,경의선,가좌,11,0,3583,368,8707,4053,23492,4356,26240,11228,14532,9184,10554,7113,9735,6384,9953,8017,8909,8757,8410,8992,9347,9454,10163,12664,10719,17395,10006,21282,6014,16794,4513,10207,3827,8000,3287,6242,1249,5288,35,692,0,1,0,0,0,0,20250603
202505,경의선,강매,0,0,2556,255,7668,895,18928,1354,16829,3537,9301,1350,6579,1603,5316,1677,5038,2067,4201,2522,3556,3221,3073,4471,3469,5808,3292,7940,3373,11840,1384,10577,974,6898,807,6587,570,6103,240,3415,9,1165,0,0,0,0,0,0,20250603
202505,경의선,검암,0,0,0,0,0,0,0,0,2,0,1,0,0,0,0,0,0,0,0,0,0,0,0,0,2,0,1,0,0,0,1,0,0,0,0,0,1,0,0,0,0,0,0,0,0,0,0,0,20250603
202505,경의선,계양,0,0,0,0,0,0,0,0,4,0,0,0,0,0,0,0,0,0,0,0,2,0,0,0,0,0,0,0,0,0,1,0,1,0,0,0,0,0,0,0,0,0,0,0,0,0,0,0,20250603
202505,경의선,곡산,10,2,333,171,882,803,1634,1849,1402,2783,1139,1215,1179,1039,1045,747,897,959,961,964,1142,1074,1188,1052,1395,1125,2147,1373,2052,1872,772,1069,578,759,432,741,279,583,80,323,7,84,0,0,0,0,0,0,20250603
202505,경의선,공덕,21,3,789,99,1957,2164,4701,7504,6077,18582,5640,8611,6079,3700,5946,3978,5779,3993,5973,3760,5883,3820,6131,4427,7484,4951,11869,6742,16581,7058,8202,4580,7263,3783,7031,3520,5545,2869,2515,1912,152,254,1,0,0,0,0,0,20250603
202505,경의선,금릉,32,0,3550,251,11139,2690,17905,5847,15826,10710,11524,6011,9052,4926,9110,4958,8244,5388,8296,6727,7236,7753,7473,8751,8934,11404,10701,13445,10495,14806,5345,15360,4251,9404,3295,8119,2516,7435,591,5980,56,1737,0,0,0,0,0,0,20250603
202505,경의선,금촌,111,2,4120,306,9908,4728,19166,9185,18947,16448,13239,9403,11810,8313,12252,8058,12686,10450,11738,10761,11014,9650,12774,11463,14795,14348,15341,16735,16230,17669,7691,15736,5927,11305,4367,9462,2769,7881,599,6146,155,1861,0,0,0,0,0,0,20250603
202505,경의선,능곡,180,20,4340,697,9383,2026,20219,3661,18077,7814,11023,5712,8881,5226,7466,5397,7641,5937,7307,5686,6904,6198,7088,7253,7435,9408,7852,12006,6897,16017,3941,12755,3415,8070,2697,8127,1461,7188,680,4692,61,2375,0,0,0,0,0,0,20250603
202505,경의선,디지털미디어시티,11,0,1206,379,3754,1618,9292,2050,10063,4547,6036,4066,4799,2594,4204,2743,4623,2891,4033,3526,4022,3398,4163,3849,5081,5053,5212,7531,5063,10254,3094,7654,2300,4834,1924,4409,1458,3772,776,2697,47,396,0,0,0,0,0,0,20250603
202505,경의선,문산,1169,1,3135,47,8379,2626,16722,8172,18381,14348,13213,6192,9922,7840,10224,8048,10673,8323,10818,9089,10472,6915,10542,11651,11822,11774,13856,13157,12256,13610,5929,16436,4511,9805,3356,8497,2032,7766,188,5676,0,3077,0,0,0,0,0,0,20250603
202505,경의선,백마,247,3,5168,907,16568,5880,33243,6824,26373,11011,16536,6894,12872,5558,12162,5472,11812,6424,10483,8343,9528,8529,9885,10429,12351,13506,12484,16833,10597,29109,5566,24365,4126,14807,3423,14301,3338,13173,901,8731,94,1948,0,0,0,0,0,0,20250603
202505,경의선,서강대,3,0,575,104,1611,1703,3065,2685,4047,9564,3415,6000,3218,5282,3003,3740,3454,3605,4276,4264,4081,3718,4234,3889,5697,4048,7083,4677,6653,4919,4125,3426,4003,2780,4302,2371,3628,2293,1610,1394,14,189,0,0,0,0,0,0,20250603
202505,경의선,서울역,1,0,839,12,1034,7794,2846,20608,3054,28320,2146,17043,1606,6980,1971,4765,2654,4438,3221,5833,3657,2867,5644,2522,7942,3356,13790,4581,21532,5120,8354,2769,5193,1534,4751,1423,802,211,2020,834,5,147,0,0,0,0,0,0,20250603
202505,경의선,수색,19,1,1586,341,4201,2611,8404,5561,10556,15079,6518,7322,4605,3700,4169,3415,4251,3096,3784,4106,3902,3822,4202,4072,5140,4864,8689,8145,11072,7148,5226,7007,3153,4839,2395,4065,2122,3176,712,2516,16,320,0,0,0,0,0,0,20250603
202505,경의선,신촌,1,1,354,7,275,1209,672,4844,517,6635,863,5150,725,2112,719,1222,998,1621,1041,1914,1015,1058,1640,929,2247,1061,4787,1405,5034,2033,2252,856,1352,641,1371,387,973,137,628,433,3,107,0,0,0,0,0,0,20250603
202505,경의선,야당,79,0,6070,440,15463,3083,30191,5171,28059,9770,16742,8582,12865,6670,12097,7516,12567,9292,11505,9772,10808,13106,11107,13134,11990,21421,12637,26781,11220,35022,9304,28105,9349,14784,9619,15498,9077,11522,4599,8764,956,2401,0,0,0,0,0,0,20250603
202505,경의선,운정,54,0,4705,738,16025,11648,26914,7640,28180,11178,15763,7557,11716,5627,10867,5988,9990,6820,9663,6326,8567,9453,9645,9184,14212,15747,15107,17905,11252,22916,6096,18526,4715,11385,3714,10750,2889,8903,821,6241,123,1601,0,0,0,0,0,0,20250603
202505,경의선,운천,0,0,0,0,0,0,0,0,0,0,59,15,31,14,7,0,0,0,0,0,0,0,5,8,20,4,54,83,1,0,0,0,0,0,0,0,0,0,0,0,0,0,0,0,0,0,0,0,20250603
202505,경의선,월롱,74,1,483,46,953,2538,1920,8034,2279,9843,2052,4424,1873,2213,2092,2000,2912,2513,3120,1958,2844,1400,4903,2008,6465,1907,9618,2778,9615,2462,3607,2115,3030,2166,2146,2346,787,1971,93,1458,12,660,0,0,0,0,0,0,20250603
202505,경의선,일산,1369,5,8609,805,26728,4094,50821,8420,38925,17989,25293,10539,19996,9306,18974,11132,18204,12156,16868,14322,15457,14517,16124,17298,19419,20076,15709,30398,14168,38705,8570,39305,6601,20263,4993,21507,4724,18554,1242,11416,196,4355,0,0,0,0,0,0,20250603
202505,경의선,임진강,0,0,0,0,0,0,0,0,0,0,43,488,60,306,9,6,4,5,2,3,9,5,250,130,133,32,582,53,0,0,0,0,0,0,0,0,0,0,0,0,0,0,0,0,0,0,0,0,20250603
202505,경의선,탄현,28,1,6765,453,20608,3123,35726,5720,28311,9896,18923,5818,14228,5261,12999,5625,13415,7025,11236,7762,9923,10291,10147,11440,11375,14700,11353,21596,10995,29833,5895,30452,4740,14912,3961,17141,3082,12595,1156,8803,179,2808,0,0,0,0,0,0,20250603
202505,경의선,파주,130,0,728,5,1406,905,2524,2774,3540,5903,2102,4000,2161,2174,1994,1488,2770,1472,2561,1613,2160,1011,3579,1699,4924,1689,5230,1742,4539,2060,1422,2077,1028,1601,947,1250,249,1146,24,870,7,426,0,0,0,0,0,0,20250603
202505,경의선,풍산,548,1,4393,484,11520,3981,24903,5050,22018,8396,15632,7098,11685,6517,10823,8149,10237,7760,10144,9152,9923,7575,10600,9634,11319,12580,11471,16282,9566,23032,5835,16434,5270,13861,4890,11301,2922,10230,1015,6877,88,1792,0,0,0,0,0,0,20250603
202505,경의선,한국항공대,0,0,740,659,1528,1704,4079,2259,4285,11576,3950,11437,4180,12581,5228,6043,5481,5250,5796,7263,7636,5545,6515,3696,12832,3720,10581,4390,9307,4659,4856,3542,3584,2984,3399,2419,4450,2845,2032,2210,138,677,0,0,0,0,0,0,20250603
202505,경의선,행신,1,0,4639,1742,14038,4591,35980,5588,31448,10276,17526,7013,13242,6469,12560,7493,11576,8585,9996,9597,9180,9482,8462,11685,11588,16482,13159,21735,10075,35791,6714,26492,7173,14233,6772,14261,5736,12456,2535,7242,86,2560,0,0,0,0,0,0,20250603
202505,경의선,홍대입구,6,0,446,158,763,609,1219,1944,1857,6708,1559,6549,1445,4998,1653,4773,2368,6308,2882,6011,3737,6483,4265,6167,5412,6469,7520,6655,8017,7270,6529,4847,6385,3291,6674,2571,6858,2365,3098,1461,63,249,0,1,0,0,0,0,20250603
202505,경의선,효창공원앞,2,0,756,381,2236,3105,5495,6119,8759,17525,5748,9291,4228,5217,4072,4336,4550,4052,4561,4598,4843,4349,5404,4636,7019,5309,8827,6992,13458,8836,5645,6166,3950,4820,3194,4513,2597,4019,1099,2907,24,287,0,0,0,0,0,0,20250603
202505,경인선,간석,305,3,6234,1211,11264,2651,20742,4477,20515,9433,12226,5425,10324,5634,10038,5680,10014,6814,9662,7771,8708,8399,9088,9441,9830,12376,9121,14785,9050,18505,4857,16556,4232,10812,3425,8966,2544,7499,1350,5488,117,2101,0,0,0,0,0,0,20250603
202505,경인선,개봉,1537,10,19616,6045,40822,13280,93532,14813,87933,24643,56596,22975,41251,19192,36798,22373,37544,27242,33931,28706,29865,30785,30719,40285,33231,50226,35786,66793,30440,92390,20004,66680,16705,43754,14460,39648,11598,32931,4360,19257,52,1785,0,0,0,0,0,0,20250603
202505,경인선,구일,295,10,4893,2459,11028,6937,26387,9140,23993,14785,14962,15384,12271,10361,11828,11537,11784,21793,10409,27539,10183,13149,13485,14952,24327,21668,34057,35766,13456,45026,12020,22269,7914,12475,26262,11430,22843,9358,3351,6372,44,639,0,0,0,0,0,0,20250603
202505,경인선,도원,712,36,2095,1887,3716,3233,7734,7161,7890,19874,5785,4482,5362,4820,5583,4280,5941,4435,5941,5280,5410,6037,8113,8229,12086,7688,10802,6142,12522,6333,4801,6179,2309,4403,1836,3483,1077,3141,471,2196,34,1397,0,0,0,0,0,0,20250603
202505,경인선,도화,392,3,4828,604,7363,1858,16210,4252,13907,7713,9777,4058,8211,4023,8074,4695,7829,6151,7346,5767,6804,6665,6820,7275,7778,9810,7307,10580,6956,11390,3520,10667,2957,6788,2091,5589,1366,5037,696,4060,59,1886,0,0,0,0,0,0,20250603
202505,경인선,동암,599,4,21809,3058,28767,7203,56886,12804,55938,16823,35004,14475,28732,15426,26595,17857,27927,19842,25684,20067,22426,21645,21426,26483,22906,35453,23865,45811,21496,56838,14110,48800,11963,33242,9998,30025,7596,25594,4071,15481,403,5087,1,1,0,0,0,0,20250603
202505,경인선,동인천,1859,24,7355,2401,17826,11296,40164,22766,33392,30440,23481,17888,21304,19753,22360,22043,24785,21328,24520,23725,24607,21476,30016,22918,31616,26441,35662,29282,35827,34577,18247,32783,13552,19521,10675,16391,6363,15406,2513,9361,5,3597,0,0,0,0,0,0,20250603
202505,경인선,백운,218,25,9031,1280,15417,2213,28480,4513,27388,10551,17533,6925,14176,6196,13020,7773,12638,8381,11578,8923,10145,10041,10010,12410,10494,15647,10907,19526,9016,25674,5523,23083,4217,13952,3811,13074,2673,9960,1356,6941,144,2426,0,0,0,0,0,0,20250603
202505,경인선,부개,2064,11,10974,1515,16869,3261,39811,6052,33425,10929,20736,6929,16145,6705,14567,8243,14709,10015,13679,10112,11207,12458,11139,14419,13044,18536,11469,23599,10726,29724,6317,25468,5056,16042,3880,14917,2563,12410,1419,8830,164,2279,0,0,0,0,0,0,20250603
202505,경인선,부천,3741,27,41500,4965,42991,11927,94534,18518,98692,47422,66231,48230,52012,43671,52576,42846,56004,54857,55186,56595,52594,52932,57314,62627,61385,69186,59988,93046,58118,110738,39564,87405,32688,57781,28755,50884,23048,44420,10972,28330,943,5613,0,0,0,0,0,0,20250603
202505,경인선,부평,10826,57,24350,4368,37437,10501,87684,19957,79878,34555,51476,39171,43962,37399,44963,44362,47485,51073,47598,57904,48266,59227,55626,59518,58641,73635,61155,92129,56037,118592,42804,93165,40332,56116,37283,49774,30287,39422,16487,25473,2524,8409,0,3,0,0,0,0,20250603
202505,경인선,소사,1269,15,14132,2675,12918,6044,26927,7290,25310,10244,18298,9390,14870,8844,13194,8618,14073,10548,13625,11187,11963,10982,12272,12994,14272,15560,13509,19468,11174,24603,6866,18689,4908,13760,4207,12579,2583,11345,1229,6888,96,2120,0,0,0,0,0,0,20250603
202505,경인선,송내,1794,8,17077,8224,40143,16056,100354,29585,85697,74405,54105,41345,40371,25040,40903,21999,40155,26573,35278,28982,32607,29562,35886,34234,39199,43728,48183,62820,70353,89062,28725,77040,22344,48042,18405,41835,13829,35526,6575,24014,634,3888,0,0,0,0,0,0,20250603
202505,경인선,역곡,1109,21,30628,3163,46393,9604,107712,15031,106241,37760,64994,36687,46252,27021,41540,28060,43554,31684,41356,34326,35760,34630,37487,43509,42507,58488,44332,75895,37482,110154,24751,84109,20138,51830,16646,50008,14466,41672,7700,27901,501,4331,0,0,0,0,0,0,20250603
202505,경인선,오류동,520,6,12985,1689,19715,4290,48711,5920,48401,11585,31411,11539,24137,9709,21541,10219,21672,14267,19423,15854,16956,15584,17281,19813,17099,22891,16076,29052,13932,43170,8638,36130,6568,24143,5828,21759,3787,19583,1810,13104,57,1744,0,0,0,0,0,0,20250603
202505,경인선,온수(성공회대입구),279,1,5895,1529,8941,3847,22280,9658,20935,13404,14801,8428,11823,6630,11339,6678,12736,8605,11220,8501,10694,9471,12130,10887,14451,12594,13270,14970,11314,21407,6140,16562,4838,11358,5886,10129,3164,9122,1687,5632,111,981,0,0,0,0,0,0,20250603
202505,경인선,인천,435,2,1377,950,3372,3210,5422,7500,5178,10656,4501,10139,5212,11099,6070,13662,8281,13232,10339,11176,14749,9331,16171,7267,18446,6513,17765,5598,15669,4666,7940,3650,6445,2759,3823,2209,1948,1785,577,1328,3,1005,0,0,0,0,0,0,20250603
202505,경인선,제물포,1022,12,8280,1934,17819,5483,37309,15197,31988,35264,21094,17755,17606,11026,18057,10365,18514,13517,17674,14050,15557,13102,19813,14794,26078,20056,23907,24374,24303,31706,10571,28085,8543,17049,7350,15700,4409,15183,1828,10316,81,3435,0,0,0,0,0,0,20250603
202505,경인선,주안,1206,31,15968,3177,29200,8433,58011,17840,54706,29384,37167,24536,31210,19645,32930,20699,35327,22252,32785,21862,29107,23537,31929,26169,34060,34367,39051,43262,35844,56321,22332,54300,20079,32037,18597,29399,14601,26607,7867,19247,727,6403,0,0,0,0,0,0,20250603
202505,경인선,중동,1172,33,11821,1587,18728,4663,41920,5920,34413,11223,22397,8511,16845,8568,16334,8974,16185,10400,14679,12621,13193,12616,12775,15203,12922,18664,13140,25172,11562,32989,7204,26096,5649,17109,4388,15529,2942,13073,1302,8591,117,2019,0,0,0,0,0,0,20250603
202505,경춘선,가평,0,0,986,191,2130,1452,4080,3165,4981,5440,4404,5906,4501,5893,5179,6389,4394,6017,4325,4962,5560,5116,6830,5059,7255,3821,7359,4540,5952,4011,3228,4430,2361,2895,1275,1905,688,2002,299,1459,16,494,0,0,0,0,0,0,20250603
202505,경춘선,갈매,8,0,2061,445,4446,1093,14470,3032,9470,5053,6727,2615,4692,3206,3710,2056,4006,2571,3662,3169,3463,2709,3521,4600,3903,4411,3968,6630,4931,9855,2306,8565,1825,3907,2470,3117,1565,3279,705,1646,19,455,0,0,0,0,0,0,20250603
202505,경춘선,강촌,14,2,509,67,781,244,543,492,687,2142,924,2197,998,2183,1311,2862,1092,1277,1268,1025,1962,1632,2558,1137,2511,1086,1965,1048,1188,925,724,597,410,483,311,471,131,353,73,231,27,89,0,0,0,0,0,0,20250603
202505,경춘선,굴봉산,1,1,52,0,74,46,183,204,213,515,184,550,240,892,401,819,364,385,679,317,675,324,847,309,694,222,389,200,204,171,144,104,83,94,55,49,12,59,5,56,1,20,0,0,0,0,0,0,20250603
202505,경춘선,금곡,30,0,2081,303,2598,1158,5765,2948,4993,6373,4196,2885,3242,1952,3572,1750,3365,2906,3107,2353,2392,2636,3503,2624,3171,2980,3589,4264,3696,4710,1556,4033,1017,2064,743,2182,469,1957,196,1082,5,312,0,0,0,0,0,0,20250603
202505,경춘선,김유정,49,2,246,27,299,153,700,704,648,1307,593,1504,656,2419,972,2257,989,2090,1552,1395,1596,1462,2289,1090,1926,1027,2068,925,1509,770,684,671,450,485,228,277,122,257,32,199,14,107,0,0,0,0,0,0,20250603
202505,경춘선,남춘천,565,7,1775,29,3967,2056,5273,2266,7168,6160,7621,7670,7173,6322,6740,11188,7280,9777,9875,6575,9359,5936,9895,6577,9108,6703,8133,6387,6533,8194,4875,9417,3786,4838,3288,4423,2098,5614,630,3090,17,2621,0,0,0,0,0,0,20250603
202505,경춘선,대성리,5,1,7561,232,7076,675,3118,912,2982,1722,3607,1213,4975,2122,4311,1752,1685,2007,1360,4090,1634,13087,1841,7170,2011,6595,2269,5061,1164,2213,851,1971,544,865,398,539,387,515,227,427,7,30,0,0,0,0,0,0,20250603
202505,경춘선,마석,21,0,1449,533,9224,3288,16206,6613,15506,7054,10566,7195,9797,5225,7969,5830,8096,5915,7582,6956,7181,7381,7442,8525,8262,8124,7817,12881,7155,13761,3802,10352,3074,7794,2244,5793,1618,5410,646,2524,40,984,0,0,0,0,0,0,20250603
202505,경춘선,백양리,0,0,38,6,31,35,44,471,116,264,170,421,245,517,332,507,357,311,435,192,394,340,484,207,382,191,443,87,229,106,73,75,74,64,41,28,35,39,27,41,5,12,0,0,0,0,0,0,20250603
202505,경춘선,별내,28,1,1322,493,2885,1901,8384,4570,8219,6185,5801,3523,4428,3687,3813,2942,4104,2778,4188,3614,4265,3114,4554,4410,4954,4204,5888,6046,6196,8128,3370,6218,2405,3169,2154,2236,1793,2433,911,1387,44,365,0,1,0,0,0,0,20250603
202505,경춘선,사릉,74,0,1721,743,3967,1727,9635,4462,7809,3897,5145,2578,4159,2364,3333,2477,3672,2347,3448,2205,2679,2713,2817,3256,2947,3505,4312,5822,4616,8414,1962,6741,1359,3391,1110,2692,570,2666,218,1647,21,427,0,0,0,0,0,0,20250603
202505,경춘선,상천,5,0,712,60,349,290,760,497,806,1090,651,1188,738,1516,877,1047,814,952,949,584,1196,1201,1409,1011,1387,689,897,464,569,564,259,548,198,269,75,337,37,146,17,91,3,40,0,0,0,0,0,0,20250603
202505,경춘선,신내,34,0,1563,577,4975,2926,12933,6705,10649,9319,5764,2810,4637,2482,4062,2778,4122,2804,3932,3357,3668,2862,4389,5152,4855,3995,6045,6772,7266,9548,3153,6771,1954,4001,1639,3269,1244,2979,735,2116,84,783,0,0,0,0,0,0,20250603
202505,경춘선,천마산,18,1,1047,249,3983,815,7346,1771,7485,2143,5281,1993,4074,1779,2976,2083,2890,2100,2608,2260,2527,2787,1983,3416,2369,3096,2170,4848,2065,4850,1009,5278,687,2957,590,2664,299,1968,134,1283,9,307,0,0,0,0,0,0,20250603
202505,경춘선,청평,18,2,1246,303,2992,1223,4685,2652,5271,4941,4794,4817,4606,4875,5332,4086,4593,5968,5262,4219,5023,3967,4938,4410,5411,5441,5499,5158,4142,4967,2101,4396,1676,2368,1021,2044,573,1787,246,1268,11,339,0,0,0,0,0,0,20250603
202505,경춘선,춘천,331,3,823,6,1545,685,2153,1146,3038,4870,3412,6198,2820,5116,3443,6289,3547,4846,5157,4526,6197,2965,7840,3722,9056,2811,7905,2830,5208,3070,3468,2955,2246,1778,1435,2093,1084,1519,406,1483,5,864,0,0,0,0,0,0,20250603
202505,경춘선,퇴계원,44,0,3095,604,6022,1871,16609,3728,13166,5292,9596,3386,7490,3629,5948,3191,7312,3383,5666,4567,4083,4202,4610,6010,5152,6848,5280,9475,5665,11810,2482,10567,1904,5554,1551,4599,1071,5186,466,2614,26,821,0,0,0,0,0,0,20250603
202505,경춘선,평내호평,672,3,6154,721,14505,2420,28439,5178,25982,10652,15375,7082,13040,5799,11562,6084,10499,8514,9907,7918,8621,10921,8847,10749,9154,12791,10153,22255,9153,25433,5907,21494,4804,10611,3937,9623,3747,8702,1790,6177,57,2781,0,0,0,0,0,0,20250603
202505,공항철도 1호선,검암,1555,1,9064,628,14470,2291,32484,6734,22364,14427,12830,5770,9795,4308,10435,3944,9229,4729,7919,5358,6944,6525,7000,7810,8074,11089,8866,14731,10680,25130,4431,22858,3559,14017,2985,12810,2676,12907,1053,10001,189,5353,0,0,0,0,0,0,20250603
202505,공항철도 1호선,계양,38,0,14120,734,38156,3970,69287,5395,54708,7706,37403,7305,26075,6063,22344,6842,21024,7908,17780,11368,14394,13735,14127,17632,15336,25554,14653,34575,10668,60907,7499,50698,5149,33171,4159,31009,3004,29187,1415,16960,249,5707,0,0,0,0,0,0,20250603
202505,공항철도 1호선,공덕,106,0,2048,223,3152,1935,6806,4002,7643,11952,5069,6461,4109,4209,4232,4431,4257,4771,4155,5295,3807,4849,4177,5654,4857,7194,7394,9754,10334,13670,4790,9312,3989,6527,3998,6473,2918,5851,1576,4354,83,2002,0,0,0,0,0,0,20250603
202505,공항철도 1호선,공항화물청사,4,0,522,906,1536,7778,2021,10608,2028,16683,1571,2768,832,1724,725,2860,989,3420,1255,2653,1778,3071,3001,2542,4692,2119,9884,2148,11563,1310,3255,1287,2279,1814,2575,850,2262,395,654,190,7,73,0,0,0,0,0,0,20250603
202505,공항철도 1호선,김포공항,20,1,1843,2276,2870,11177,5934,19237,12049,17569,15668,10231,16472,9852,15443,10644,15011,12356,18860,10838,18113,9797,17801,9132,17932,10129,20664,11679,25089,9878,18285,4996,12555,2594,17101,1642,16580,1443,6401,1013,176,820,0,52,0,0,0,0,20250603
202505,공항철도 1호선,디지털미디어시티,156,10,4373,844,9470,7514,22048,31050,23863,78877,14380,37394,11436,16269,12604,12637,13757,13717,14469,14006,14579,11686,17225,12203,21452,14818,47828,21731,73295,28396,29900,19492,18564,11964,17532,11172,13116,10312,5973,6519,751,3110,0,5,0,0,0,0,20250603
202505,공항철도 1호선,마곡나루(서울식물원),34,2,3101,1474,6139,13866,14925,36580,17026,74442,10171,36049,7557,15022,9802,10762,11225,11302,11173,12178,11854,11680,17369,11651,27196,11491,66683,16247,58693,20604,24403,13656,16712,9016,13641,8696,10822,8711,3271,5507,527,3379,0,0,0,0,0,0,20250603
202505,공항철도 1호선,서울역,346,0,3055,1920,5088,16674,12710,23744,18383,34071,19092,29922,19038,24232,23259,24963,28150,24731,29609,24217,22013,20259,31429,23057,32003,23163,38905,24390,38711,24272,31171,22586,23407,14910,26790,14073,19145,10193,12225,4948,182,3557,0,1,0,0,0,0,20250603
202505,공항철도 1호선,영종,6,0,4021,211,12287,1912,18580,3635,14912,3872,10808,3751,9945,3868,9621,4923,8625,4784,7461,4629,6747,6233,6906,9298,7371,9718,7508,10794,4771,17709,3141,15938,2906,9660,2533,10443,1808,10259,871,8814,160,2897,0,0,0,0,0,0,20250603
202505,공항철도 1호선,운서,177,10,17977,1009,24634,8160,34036,11908,28270,13408,17001,11963,18043,7432,21192,8451,19987,10598,14993,11650,13594,14652,14856,16488,16453,19269,17778,24014,13545,35461,8500,28435,7627,25527,7373,24360,5928,26018,2718,18982,316,6253,0,0,0,0,0,0,20250603
202505,공항철도 1호선,인천공항1터미널,0,0,12196,10634,14970,19862,19048,36579,19584,33963,15167,27536,14398,27277,18829,31581,26531,39285,27288,28912,31249,25866,37934,21863,35016,23050,33170,25840,37691,18592,26027,18552,24988,12451,28518,10750,29291,7458,12413,7238,160,4815,0,0,0,0,0,0,20250603
202505,공항철도 1호선,인천공항2터미널,0,0,7158,8279,6669,13972,10338,21081,10698,18412,8178,9049,4417,10170,6346,16605,9859,18294,12505,13877,16307,12112,21317,10369,18130,10770,23811,12511,23246,7369,13559,4009,16627,3415,17704,2863,13925,1993,4633,2119,2,2558,0,0,0,0,0,0,20250603
202505,공항철도 1호선,청라국제도시,151,2,7617,293,17739,6372,32431,7972,21563,16096,14494,5110,11406,3939,12471,3741,11527,4709,9304,6186,8568,7113,9694,8439,11810,11663,15469,16005,17509,25098,6030,23614,4322,16133,3383,15650,2460,16571,1243,9592,192,4336,0,0,0,0,0,0,20250603
202505,공항철도 1호선,홍대입구,258,8,6070,522,6629,4507,10980,10937,14382,26406,14120,32213,14862,28205,16893,31932,19800,37478,22581,37947,25877,33931,31813,33847,39528,34931,46081,37425,50076,41907,42586,28414,41042,17287,44317,14856,37385,13228,17328,10882,1480,3641,1,0,0,0,0,0,20250603
202505,과천선,경마공원,1,0,505,540,1190,2972,1978,4255,2460,12670,2442,36195,2602,36900,3200,22045,4070,21011,6279,16331,8688,10907,15094,6019,22841,4069,33186,2697,66928,2387,9412,1749,2280,1220,886,1040,419,894,176,562,31,100,0,0,0,0,0,0,20250603
202505,과천선,과천,10,2,2718,403,10194,2581,24474,5957,24267,9204,16722,5994,12918,5469,11864,5325,11459,6463,11144,7232,10000,8363,10678,10643,11022,11856,10157,15206,8791,20621,4847,17117,3364,10711,2329,11462,1698,10386,623,6167,92,1431,0,0,0,0,0,0,20250603
202505,과천선,대공원,4,0,116,284,379,4051,761,6706,1322,31885,2228,49261,3975,38067,9644,28500,17931,21758,18120,20904,26989,16877,37412,10403,34773,5893,31339,3241,25056,2413,11280,1308,7040,863,7896,597,4248,468,242,185,11,38,0,0,0,0,0,0,20250603
202505,과천선,범계,107,1,9938,3192,42227,13036,103755,26551,89241,58760,56489,46480,43958,33094,41118,34655,45273,35879,43487,43462,42282,42968,45015,51644,51322,60245,55704,78517,59802,110107,38992,87935,40095,46492,31953,40925,26337,36644,11029,21247,1170,7306,0,0,0,0,0,0,20250603
202505,과천선,선바위,0,0,936,1359,6033,10134,15107,21516,18373,24494,14493,14463,11673,8106,10714,8350,11853,9586,12280,8416,11594,7757,13030,8859,16762,10528,25707,12843,29071,15336,12989,11141,9096,9131,6916,7880,4088,7301,1351,4192,153,804,0,0,0,0,0,0,20250603
202505,과천선,인덕원,90,7,9989,3459,32615,16901,79581,45409,72971,98677,51817,40638,40444,23552,35834,23954,37259,24527,36590,27812,33749,29051,36902,33380,43056,42891,64752,58697,80631,84063,30933,70929,25624,39983,24215,37379,15422,35703,6238,21982,707,7041,0,0,0,0,0,0,20250603
202505,과천선,정부과천청사,21,2,2533,1651,9590,14995,23422,41773,21500,96870,17349,27369,15324,13745,15811,11509,17088,13426,17317,14404,17311,14370,19696,15246,29210,17686,45619,21683,64303,27221,19765,21911,15530,12405,14196,11586,8107,9462,2282,5768,220,1447,0,0,0,0,0,0,20250603
202505,과천선,평촌,70,5,5178,2479,23566,9370,61796,34149,51893,80495,30987,28421,24668,16305,22374,15148,23214,15898,21221,19978,20838,18903,24148,20127,26981,25409,45398,34898,56128,50162,21960,43283,17411,24401,16485,20370,11918,18882,4314,10440,501,3836,0,0,0,0,0,0,20250603
202505,분당선,가천대,18,1,4879,860,7832,4066,18635,7180,25062,45457,17450,36954,13710,29494,18219,21346,22039,24930,20924,17835,27752,18512,28126,14012,39357,14434,41290,17447,23065,23383,13659,18673,10842,15019,10803,16646,8760,17391,5046,13056,219,1469,0,0,0,0,0,0,20250603
202505,분당선,강남구청,22,0,1450,816,2837,6040,7558,18685,11473,51867,9681,40273,9123,20364,10046,14841,11705,14957,12789,16929,14648,15133,16484,14981,19671,15457,30803,17554,44668,21274,23556,12861,14384,7943,12867,6572,8292,5808,2581,3458,106,782,0,0,0,0,0,0,20250603
202505,분당선,개포동,8,0,1274,514,4206,3344,12671,6952,13830,9188,9914,6664,8015,5919,7016,4657,8274,5705,7496,6326,7249,6651,8128,7720,9273,9063,8674,11657,8581,14358,5067,10924,4073,7284,3623,6991,3288,6131,1244,3795,29,125,0,0,0,0,0,0,20250603
202505,분당선,구룡,5,0,1061,508,3333,3967,9252,9890,13026,8171,9725,4425,7153,3353,6557,3092,6353,4665,6075,4922,5664,4844,7584,5947,8734,6768,6829,8452,6443,10463,3831,8193,2663,5271,2767,5008,1347,4580,394,3070,35,109,0,0,0,0,0,0,20250603
202505,분당선,구성,148,1,2870,669,10200,4557,25301,9524,28514,12246,17529,8131,13624,6448,11356,7004,10843,8340,9151,8391,9105,9331,9205,12098,10764,14707,14006,21300,13169,27108,7576,19656,6898,14284,4916,11304,4187,12902,1911,7006,130,737,0,0,0,0,0,0,20250603
202505,분당선,기흥,332,13,5901,874,16181,4972,37487,15511,36646,30525,21622,13774,15694,12647,15888,12927,15678,10504,15370,13493,15956,12743,16138,14102,19951,17404,24760,24205,24302,35369,13347,27766,10348,17514,9020,14420,7282,15869,2557,9096,57,1017,0,0,0,0,0,0,20250603
202505,분당선,대모산입구,4,0,2668,602,7463,3359,23660,6460,25279,10972,15837,6172,11244,5004,9528,5386,9929,6841,9225,7680,7603,7391,7605,10095,9461,11486,10987,14075,10270,18473,5579,15102,4213,9727,2903,9811,2009,9620,671,5326,18,382,0,0,0,0,0,0,20250603
202505,분당선,도곡,25,0,1614,1245,4881,7241,12518,16486,16765,22883,13996,18669,11951,9998,12011,9386,12649,9521,13141,11274,13068,11431,16374,12525,17319,13325,21000,15419,21750,17303,11612,14006,8723,9857,7193,8775,5650,8168,1254,4443,78,363,0,0,0,0,0,0,20250603
202505,분당선,망포,42,1,6386,2721,22248,9400,56175,27965,52595,42776,27765,17702,19746,10357,17472,11632,18369,13209,18094,14083,16325,14464,18571,20527,22552,25435,36122,35252,41874,49817,21380,44353,16786,28326,13898,23264,10578,21069,3857,13350,144,1006,0,0,0,0,0,0,20250603
202505,분당선,매교,476,8,5011,1024,10439,3592,21702,6918,22544,13356,11010,5769,7253,5002,6924,5655,7232,6247,6403,6178,5925,6798,9087,7064,11596,10298,9028,15432,8200,20289,4859,14005,3933,9662,3676,8293,2746,7335,793,4002,32,693,0,0,0,0,0,0,20250603
202505,분당선,매탄권선,52,1,4088,878,11329,3496,24099,5796,22063,14460,12400,5908,9298,4058,8213,3980,8687,5189,7218,5888,6451,5541,7215,8587,10229,10895,11070,14833,9543,21999,5491,15406,4206,10559,3600,9305,2771,9206,891,5723,12,541,0,0,0,0,0,0,20250603
202505,분당선,모란,624,27,15989,2642,22667,11802,52445,23020,66645,37388,49574,31302,36649,30722,34609,35293,39563,35298,38093,36618,36334,37243,37314,44279,40903,46882,41926,50509,39424,63404,23014,46186,17664,34472,15061,31731,12078,27016,6684,16354,373,1616,0,0,0,0,0,0,20250603
202505,분당선,미금,594,2,3565,786,13178,11545,27234,22618,32187,45918,25448,36122,24947,23324,26410,23187,27052,24805,26947,26138,28263,26284,33378,26643,31867,30397,37291,34661,38580,39048,21658,30653,18233,21225,18149,18520,13095,16280,4245,9198,212,2175,0,0,0,0,0,0,20250603
202505,분당선,보정,35,0,1128,101,3566,1163,8930,2695,10374,5837,6914,2196,5410,1656,4824,2119,4025,2461,3769,2606,3271,3219,4030,4243,4891,5185,4358,6075,3421,6958,1690,6042,1324,4049,1161,3841,1086,4144,371,2529,7,184,0,0,0,0,0,0,20250603
202505,분당선,복정,0,0,0,0,1,0,2,0,7,0,3,0,5,0,12,0,4,0,3,0,6,0,7,0,7,0,5,0,6,0,6,0,3,0,6,0,2,0,1,0,1,0,0,0,0,0,0,0,20250603
202505,분당선,상갈,42,0,3442,764,8625,2751,19427,6769,19809,9602,14049,5960,9846,4585,8592,4937,8167,5042,7273,7035,6721,6811,8189,7958,8703,11517,10152,13559,9835,16464,5827,13787,3868,10418,3420,9682,2063,9005,607,5245,2,779,0,0,0,0,0,0,20250603
202505,분당선,서울숲,172,1,2716,618,5545,6225,12809,22879,21313,46947,15462,40627,10674,32248,12234,28179,15773,28270,19078,29819,23364,28883,29604,28363,35468,26161,50844,26801,55189,30875,36083,19518,26409,10732,20070,8699,12996,7361,3321,3627,140,822,0,0,0,0,0,0,20250603
202505,분당선,서현,322,14,4319,2901,12901,13011,33482,34450,38575,82054,31289,65927,29118,39945,31436,35285,34171,37726,35824,39015,39515,39550,46127,38711,49519,45317,65446,52606,79602,59537,46322,42229,45208,27365,35873,21944,26858,19074,9971,10106,469,1720,0,0,0,0,0,0,20250603
202505,분당선,선릉,56,5,1086,1618,2518,12749,5253,47731,7997,118778,7180,78508,8048,37078,9937,24923,12159,23191,13356,25755,14855,19851,19656,18032,27432,19374,48292,22673,69389,24257,30958,14829,20945,8177,18641,7332,15702,6055,4550,3590,257,713,0,0,0,0,0,0,20250603
202505,분당선,선정릉,12,0,985,905,2196,4536,4865,12731,7356,42305,7290,37176,6306,14738,7437,9835,9650,9149,10060,9345,11302,8760,11757,7767,13754,8071,24151,9238,37147,10156,19466,6527,10481,4387,8585,3912,5535,3657,2014,2179,103,483,0,0,0,0,0,0,20250603
202505,분당선,수내,140,0,3037,1869,8070,8965,18744,23053,22911,50688,17100,40783,14800,22663,15803,17432,18378,18857,19272,18725,21573,18678,23305,18824,26154,22036,36824,25449,47120,28537,27538,20293,25012,13245,17861,11596,13575,11203,3477,5665,208,1114,0,0,0,0,0,0,20250603
202505,분당선,수서,68,1,4206,4901,11150,15414,40619,30423,59016,44139,38842,29188,35703,22478,25600,20791,32845,24299,27191,22483,21947,24023,29660,28681,31495,35534,40860,49086,40838,61878,20179,39566,19960,29485,15776,26834,15101,24671,8546,10061,272,2070,0,0,0,0,0,0,20250603
202505,분당선,수원,753,5,6158,796,9402,4742,22740,10240,23371,15104,13212,13821,9222,10737,9615,12739,10513,14000,11298,13910,11222,14343,13391,13837,15774,16442,18660,23649,20431,27334,15448,18732,16186,11087,14368,9098,13097,6635,4959,4160,142,757,0,0,0,0,0,0,20250603
202505,분당선,수원시청,240,2,7248,2193,13733,8127,33084,18764,32146,53119,18289,37712,15920,19157,17912,18444,20748,21091,19876,22027,20357,18361,24278,20106,31916,24058,33707,37486,43553,49787,23117,35215,20797,24114,21529,16953,17528,16023,6640,10283,256,1346,0,0,0,0,0,0,20250603
202505,분당선,신갈,95,1,2969,216,9443,1183,18516,2489,19734,7323,12217,4997,9198,3778,8854,4516,7721,5158,7055,5814,6544,6308,7237,7904,7936,8889,5962,12180,5115,17165,2666,13773,1894,9883,1735,7832,1191,9245,453,5160,13,338,0,0,0,0,0,0,20250603
202505,분당선,압구정로데오,169,5,2713,1173,3837,14003,5775,26960,9086,66236,9073,98635,10778,57403,15602,41473,21207,35697,25544,35703,31232,33429,39927,32710,50432,33823,62447,39760,80683,41377,65944,24634,55649,12647,37122,8904,25465,7440,9032,4400,444,970,0,0,0,0,0,0,20250603
202505,분당선,야탑,200,4,7666,3319,20486,16460,51571,42577,58308,92074,44037,57147,37803,39671,38386,36427,41038,39217,40839,42538,42233,39527,47526,42999,52665,48552,67253,58625,77169,70507,39045,53832,29855,35436,27295,28079,18931,28142,7284,15113,361,2522,0,0,0,0,0,0,20250603
202505,분당선,영통,88,10,2888,2096,8493,5095,18937,11758,19546,28532,12551,19992,11085,14473,11812,12896,13086,13598,14584,14625,14234,14489,17099,15243,21047,17308,25907,23908,27625,27564,14952,20130,13647,12595,15607,12134,15442,11639,5759,7306,223,498,0,0,0,0,0,0,20250603
202505,분당선,오리,680,6,3745,433,15353,8360,29298,14901,29597,32307,21734,15499,18240,11438,16887,12177,17454,13756,17216,12592,16423,12845,18340,14911,19487,16759,26227,19739,30247,24372,12420,20064,10256,14228,8807,12236,6373,11268,1992,6963,89,1739,0,0,0,0,0,0,20250603
202505,분당선,이매,66,3,2666,804,6005,3421,13893,10530,15634,17506,11463,7798,10372,7164,10830,6964,10979,7510,8761,10611,8590,8030,10791,9555,17902,10766,13447,13386,13684,15285,6620,12276,5009,8230,6787,7358,4648,7584,1045,4498,68,1009,0,0,0,0,0,0,20250603
202505,분당선,정자,307,10,3357,1215,11180,15840,27336,41974,31178,80728,24078,51122,19472,26150,20806,20540,21537,19349,22305,21695,22569,20170,28479,22179,32898,28467,55909,39429,66190,45025,36529,34973,29645,22438,29306,20115,25789,17691,10059,10616,1000,2961,1,0,0,0,0,0,20250603
202505,분당선,죽전,1526,12,5377,1008,18203,7789,41510,16681,37295,31117,24752,30111,19783,23386,19190,23217,20909,22675,22004,22055,21885,23555,24596,26287,27938,30044,32749,36358,32240,49112,21671,38287,26458,24988,14014,21903,11590,21675,4122,14530,2,7326,0,0,0,0,0,0,20250603
202505,분당선,청명,27,0,3113,907,8510,2852,19987,6352,19610,9955,11061,4726,7357,4437,6420,4097,6620,4752,6201,5232,5591,5777,6812,6709,8032,8605,8185,11761,9762,17143,4488,13155,3199,8680,2374,8287,2268,7261,763,4419,16,352,0,0,0,0,0,0,20250603
202505,분당선,태평,355,24,15541,1646,20090,5138,41223,7959,58757,17801,41324,12983,24698,12247,20960,13750,21518,15606,20906,16465,18843,19493,18659,26050,20149,30166,20418,35270,18828,44393,10873,32335,8991,25111,6289,27810,4445,22073,1942,12558,106,1290,1,0,0,0,0,0,20250603
202505,분당선,한티,20,1,2430,1680,9041,11163,24333,29490,28284,46554,20255,41132,17262,25835,17862,21611,21938,25931,24067,32819,23117,23235,25767,27610,31903,32474,46620,42014,44454,38418,27786,25674,31139,16472,25880,14859,32248,12583,4571,6915,214,462,0,0,0,0,0,0,20250603
202505,서해선,김포공항,16,7,292,2400,698,8034,1977,10375,2998,13011,3243,8835,3330,9305,3375,10647,3929,10679,5413,9628,6070,8501,6911,7634,7446,8437,9608,9444,11925,8644,8254,4554,6428,2394,7050,1597,6069,1088,1978,1139,73,436,0,0,0,0,0,0,20250603
202505,서해선,부천종합운동장,25,0,2650,434,4699,1439,13173,3290,13246,4611,6728,2687,3991,2284,3762,2017,3937,2425,3608,2556,3302,2887,3506,3536,4044,4971,4519,6290,5399,10737,2386,8288,1961,4790,1601,4337,1080,4261,405,2566,33,467,0,0,0,0,0,0,20250603
202505,서해선,원종,32,1,6298,1039,9023,3429,18787,6438,17670,9544,11216,5295,8879,4810,8631,5341,8546,7091,7877,6418,6656,7399,7503,8890,9103,11475,9392,15077,9682,18901,5420,14502,4436,8436,3344,7947,2524,6949,1208,4312,39,715,0,0,0,0,0,0,20250603
202505,수인선,고색,627,1,3746,501,9247,3580,20364,19169,16867,24401,8591,6579,6119,3999,5808,4780,6643,4873,5605,4785,5356,4913,6832,5958,8683,8195,17755,10345,20878,14133,7122,13859,6426,9340,4407,7246,2409,6335,995,4285,5,2493,0,0,0,0,0,0,20250603
202505,수인선,남동인더스파크,0,0,450,886,1063,4488,1418,17410,2151,21522,1537,2987,1569,1504,1881,1620,2077,1737,2271,1684,2365,1344,3055,1094,3942,1376,15271,1681,11141,1972,3791,2200,4105,1569,1623,1013,544,605,237,421,0,22,0,0,0,0,0,0,20250603
202505,수인선,달월,0,0,19,48,33,105,152,127,131,265,96,115,82,112,81,92,103,93,117,102,134,122,157,120,217,150,399,157,706,163,103,77,94,69,37,49,26,85,9,29,4,9,0,0,0,0,0,0,20250603
202505,수인선,사리,10,3,5073,474,11578,1765,26121,4020,23554,5599,13237,2966,10142,3040,8311,3190,8837,4263,8046,5437,6300,5411,6680,7590,7032,10995,7532,12562,7104,21557,4474,14229,2758,10117,2278,10482,2402,8741,949,6437,24,822,0,0,0,0,0,0,20250603
202505,수인선,소래포구,11,0,3024,484,8307,2336,17446,4053,15682,7782,9648,7091,8120,9946,10146,16495,11125,16782,12746,12832,15779,11361,17247,10384,14334,12290,11763,12675,9432,16012,5512,10238,4378,7166,4448,7404,3101,5757,1489,4055,24,751,0,0,0,0,0,0,20250603
202505,수인선,송도,3,0,2284,442,4916,2129,8904,2605,8779,4916,5242,2979,4734,2859,4789,3309,5215,3460,5359,3552,4544,3809,4833,5101,5364,5641,5452,7206,4084,7913,2480,5639,1865,3615,1652,3409,974,2539,326,1716,7,489,0,0,0,0,0,0,20250603
202505,수인선,숭의,8,0,3946,861,7134,3895,14706,8228,12569,11894,7994,5123,7846,4414,7542,4529,7545,5148,7042,6224,6877,6165,7238,6839,8539,8445,10217,10561,9754,12899,5452,7635,3552,5898,2429,5698,1987,4402,943,2808,15,650,0,0,0,0,0,0,20250603
202505,수인선,신포,12,3,1039,283,1902,1230,3381,4484,3274,7861,2396,3649,1971,3079,2585,3585,3344,3722,3557,4276,4029,3523,5130,3691,6401,4060,6398,4428,6335,5053,3227,2629,2867,1936,2099,1582,1356,1323,508,875,1,266,0,0,0,0,0,0,20250603
202505,수인선,야목,0,0,425,9,1334,489,2164,767,1905,692,1299,538,961,579,824,508,908,542,745,648,747,608,893,739,1077,954,1008,1121,1040,2037,553,1148,322,565,214,857,180,620,80,396,0,69,0,0,0,0,0,0,20250603
202505,수인선,어천,2,0,349,91,1967,1926,4838,2988,4611,3387,3655,1928,3075,1820,2923,1911,2983,1946,2648,2490,2332,2321,3124,2563,3668,3855,3383,3483,4377,5191,1785,3501,1272,2009,786,2138,527,1770,219,858,1,154,0,0,0,0,0,0,20250603
202505,수인선,연수,7,1,3063,921,7155,2714,15365,4859,14701,11191,7865,7186,6722,6501,7038,6353,8025,7451,8344,7923,8071,7010,8731,8239,8773,10776,9185,14636,11220,15969,6201,10846,5715,7545,5580,7079,4374,4737,2520,3515,47,615,0,0,0,0,0,0,20250603
202505,수인선,오목천,10,2,1302,508,6229,2275,13888,5879,15052,15019,9587,8410,7423,5709,7019,4838,8770,5486,8227,6616,6781,5362,9349,6335,12246,8676,13847,7528,11227,14070,5286,8681,3547,5291,3421,5264,2757,5805,1061,3526,8,387,0,0,0,0,0,0,20250603
202505,수인선,원인재,58,0,3731,809,7255,2694,14044,6102,16875,8623,9595,5042,7944,5057,7784,5327,7974,6624,7802,6760,6815,6968,7596,9317,7657,10969,8613,13307,8263,16145,5326,11582,4604,8473,3769,8282,2978,6781,1580,5041,94,896,0,0,0,0,0,0,20250603
202505,수인선,월곶,2,0,2034,439,5340,1580,12316,1816,11698,3259,6828,3673,5134,5422,4940,5272,4941,5042,4396,4721,4747,4465,4855,5208,5560,6599,5728,8341,7085,10778,3746,5795,2417,4423,2039,4782,1387,3662,580,2310,4,360,0,0,0,0,0,0,20250603
202505,수인선,인천,67,1,500,269,1230,1215,2027,2795,1959,4558,2031,3312,1903,3982,2082,5967,2510,5878,2608,5062,3137,5062,4324,4259,3826,3957,3566,3776,3030,3793,1978,2621,1562,1904,1096,1375,604,1449,152,835,8,309,0,0,0,0,0,0,20250603
202505,수인선,인천논현,3,0,2864,829,6588,5339,15125,8650,14811,13600,9911,9861,8783,7357,9186,8039,10015,8453,9140,9598,9221,9893,10157,10549,11393,13267,12532,16778,11554,19655,7357,11803,7233,8308,6669,7390,5046,5555,2313,4234,10,650,0,0,0,0,0,0,20250603
202505,수인선,인하대,25,0,4672,581,12690,2950,26269,5782,21708,20975,10926,12862,10129,15372,11136,10206,12691,10827,13182,12514,12390,11743,15438,11301,18777,15087,19268,21394,15431,26238,8795,15544,8621,10921,8404,9610,8683,8215,5801,5769,102,1668,0,0,0,0,0,0,20250603
202505,수인선,호구포,2,0,1811,787,3542,6741,7205,19033,8374,20353,5546,4272,4979,3115,5147,3732,5551,4194,4957,4222,4940,4137,5218,4482,6255,5824,16643,6824,15061,7998,5267,6264,5674,4883,4155,4119,1983,3105,1017,2565,3,382,0,0,0,0,0,0,20250603
202505,신림선,관악산(서울대),3,2,996,840,2044,2322,6523,4720,7093,12417,4780,16535,4649,13963,5349,8149,7403,7204,8948,7442,9598,6126,11926,4882,12594,4366,11425,4393,9489,5382,4466,3853,2757,2819,1903,2588,1454,2622,729,1838,185,807,0,63,0,0,0,0,20250603
202505,신림선,당곡,4,0,2243,273,4940,1269,13526,4903,19908,9074,12986,6450,8861,5717,8276,5732,8643,6722,8744,6393,7847,7165,8161,8488,8741,9530,10609,12304,10229,16676,6056,13148,5172,8308,3363,7382,2264,6699,962,4090,196,1408,3,4,0,0,0,0,20250603
202505,신림선,대방,35,0,1913,421,2965,1717,7919,3497,11533,5502,7723,3602,5542,3025,5523,3009,6113,3528,5873,3961,5813,3775,5861,4202,5965,5403,6847,6197,6249,8560,3832,5900,3257,4182,2658,4097,2235,3854,988,2624,293,824,1,44,0,0,0,0,20250603
202505,신림선,보라매,1,0,1981,388,3712,2176,10554,6957,15077,13490,9207,6111,6836,4989,6526,5433,7110,5431,7512,5917,7261,5725,8337,6835,9929,7116,10516,9404,13202,13158,5748,10023,5033,6485,4368,5463,3152,5041,1387,3242,344,997,0,4,0,0,0,0,20250603
202505,신림선,보라매공원,0,0,667,472,2145,1739,6340,5684,7653,9270,5007,6157,4132,6847,5194,7939,5879,7818,6493,9264,7558,9731,9647,8856,8961,7494,8681,7302,8357,8650,4204,5927,3124,3705,2029,3044,1577,2690,380,1573,102,567,0,0,0,0,0,0,20250603
202505,신림선,보라매병원,10,0,976,612,2142,6074,8298,25278,9402,46990,10396,23541,10475,15013,12538,13073,12887,13497,13275,15174,16551,14139,20029,11350,20749,10019,32091,10956,33125,12280,12547,9019,10037,5167,7489,4826,4834,3433,1393,1621,156,508,0,0,0,0,0,0,20250603
202505,신림선,샛강,1,0,443,978,803,2845,1905,13755,2917,26448,2560,10389,2176,4845,2591,3875,3103,3462,2895,4082,3860,3730,4693,3588,5323,3938,11434,4319,17726,4778,6410,2658,4877,1868,4518,1313,3070,1036,1511,636,452,327,0,62,0,0,0,0,20250603
202505,신림선,서울대벤처타운,11,0,7159,342,11859,3295,34032,7000,45543,10677,29658,9125,20369,7943,18001,9448,18647,10489,18569,11639,15848,12304,14858,15962,16286,20672,16184,24686,15172,35073,9730,29981,7337,18685,5961,18210,5657,17708,2077,13391,461,5271,2,4,0,0,0,0,20250603
202505,신림선,서울지방병무청,0,0,1464,473,3708,1496,10188,4518,13270,6137,8293,3734,7613,3315,6508,3400,5951,5340,5193,5147,4919,5641,5877,6886,5928,7673,5207,9559,4711,11734,2682,8710,2086,6166,1852,5422,1181,5236,343,3426,89,977,0,2,0,0,0,0,20250603
202505,신림선,서원,0,0,2661,472,4847,938,13787,1436,19457,2430,12956,2443,7634,2335,6363,2682,6416,3387,5887,3606,4940,4039,4522,5601,4710,6403,4253,8539,3906,12315,2617,11099,1760,7402,1568,7562,1160,6803,364,4540,100,1545,0,0,0,0,0,0,20250603
202505,신림선,신림,1,0,1027,428,1688,947,4806,1791,7076,3177,4900,3286,3819,3442,4079,3800,4388,4438,4058,4444,4347,4859,4312,5720,4361,6390,4569,7931,4694,10657,3803,7349,2813,4638,2360,4030,2024,3596,1128,1971,399,820,0,1,0,0,0,0,20250603
202505,안산선,고잔,309,4,6099,863,16666,5798,28985,14020,24102,27922,17531,16487,15652,12682,15606,11550,14694,12273,13792,13558,14084,13325,16714,13820,17840,15219,22021,20358,22862,26671,9463,20138,7722,12753,8321,11730,5303,10165,2326,8536,179,3419,0,0,0,0,0,0,20250603
202505,안산선,대야미,33,1,3201,1132,8713,3392,18414,5138,21404,7990,12187,4796,9555,5130,8358,5158,8483,5664,8361,5816,8022,6401,7994,8904,9031,10904,8724,12085,10240,16096,5361,11988,4401,8762,2461,7181,1566,7941,960,4419,147,1201,0,0,0,0,0,0,20250603
202505,안산선,반월,19,0,4284,1067,8981,2660,18200,4606,17785,7652,10869,3950,8469,4128,7913,4546,7983,5040,7362,5346,6321,6195,6434,7708,7430,10324,7823,12259,7004,16276,3674,12645,3202,9625,2108,7607,1653,7394,550,4276,88,1112,0,0,0,0,0,0,20250603
202505,안산선,산본,687,4,10570,1707,25007,6734,55349,15503,52382,30110,30589,23899,27264,22097,25335,22678,27152,25731,27014,26845,26582,27675,29210,31510,30429,37653,29762,43015,32071,67796,21019,52301,18424,30774,16547,25761,12633,21257,4890,14104,523,4650,0,0,0,0,0,0,20250603
202505,안산선,상록수,652,15,14307,2609,30224,8488,63517,13437,60526,22716,36930,18865,28876,16207,24705,14940,25913,15453,23473,17335,20274,19912,22093,23838,26098,31168,27638,42420,22954,61624,15492,48727,11759,36695,9406,31931,6665,26256,2983,18283,453,5864,0,0,0,0,0,0,20250603
202505,안산선,수리산,26,2,3687,564,9713,1696,17731,4685,17976,8016,11034,4816,8400,5364,8060,4182,7183,4080,6665,4446,5445,4976,7006,5909,6109,7231,5698,8714,4929,12645,2824,9546,2102,7125,1397,5479,899,5590,452,3145,51,937,0,0,0,0,0,0,20250603
202505,안산선,신길온천,60,1,3290,179,5165,2142,9152,3853,7564,2438,5435,1593,4144,1582,3627,1979,3369,2205,3131,2147,3006,2774,3009,3390,3982,4002,4737,5753,3899,7302,2069,5620,1309,4208,933,4173,591,3052,236,2271,19,611,0,0,0,0,0,0,20250603
202505,안산선,안산,1967,13,11100,1584,13318,15131,24707,37355,25446,29058,22648,15144,18973,14294,17979,16442,19259,17107,19590,17000,19914,18534,20876,20124,25519,21305,42065,28755,41251,28237,20752,22743,17134,18552,10791,15920,4848,12694,1629,7836,135,3157,0,0,0,0,0,0,20250603
202505,안산선,오이도,178,3,6326,596,14715,6408,31990,11332,27548,12901,17469,8627,13815,9512,12720,12012,12788,12325,12060,12017,11610,13203,14313,15298,16501,18700,18193,21411,16523,27894,9840,21599,8616,14495,6917,13148,4190,12025,1338,9175,16,4003,0,0,0,0,0,0,20250603
202505,안산선,정왕,421,7,9140,892,13153,12437,22848,22814,22505,33059,18629,28614,15204,17997,15037,14330,16252,15530,17312,15369,16001,14914,20482,15758,26303,16710,33881,21362,33656,25924,16872,19063,12395,14993,9902,14648,7252,12420,2920,8594,141,2666,0,0,0,0,0,0,20250603
202505,안산선,중앙,342,30,11088,1518,30688,11152,55742,18727,48472,41174,31590,35460,28034,24079,30079,22958,34381,28311,29944,32259,28931,30935,31893,32799,37770,41472,40516,55229,41125,71710,28035,56583,27810,36019,28167,31737,23715,26658,9830,21081,1008,6891,0,0,0,0,0,0,20250603
202505,안산선,초지,276,1,4358,313,11953,4371,21428,9636,17755,11987,11443,8191,8574,5394,7702,4875,9019,5749,6967,5602,6390,6254,7368,7540,8941,9043,10721,13399,10946,17116,5072,15101,3866,10377,3088,9406,1804,8033,731,6257,61,2441,0,0,0,0,0,0,20250603
202505,안산선,한대앞,214,3,8680,1138,17596,4466,31808,9191,27885,26699,20898,17381,17562,17972,17433,11552,17827,14895,16638,13273,17628,14744,17605,15457,21810,20628,22985,26472,19259,34411,11316,27243,10061,18675,9965,17298,7918,14733,3526,10348,283,3353,0,0,0,0,0,0,20250603
202505,우이신설선,4.19민주묘지,5,2,1729,446,3453,1245,9058,2529,10227,14042,7350,6266,6424,8229,7084,12922,7567,6826,7971,6973,8429,6842,8174,6165,12053,6415,11450,6995,7838,8282,4755,7434,3875,4984,3968,4422,2086,3838,851,2797,242,813,0,0,1,2,0,0,20250603
202505,우이신설선,가오리,4,1,2680,503,6721,1538,17023,3311,17686,6554,11802,4905,9284,4650,8555,5275,8510,5823,7771,6607,6530,6897,6683,8896,6919,10444,6432,10858,5131,14408,3899,12633,2692,7885,1778,7053,1274,6264,551,3498,139,1021,0,0,0,0,0,0,20250603
202505,우이신설선,보문,16,1,677,119,1110,1541,2949,3563,4699,5333,3806,4108,3123,2948,3643,2983,3395,3505,3612,3151,3278,2960,4125,3299,4452,3906,4204,4044,4199,4448,2828,3274,2348,2347,1930,2081,1592,1710,725,1271,186,315,0,2,0,0,0,0,20250603
202505,우이신설선,북한산보국문,4,2,2628,571,7792,2388,18968,6733,22073,13133,16406,8419,13175,8133,12053,8161,12490,8194,11675,8404,10890,9052,11614,10741,13565,12934,14769,15133,13393,19451,6741,15983,5184,11732,4580,11110,3793,10195,2225,6867,700,1633,0,0,0,3,0,0,20250603
202505,우이신설선,북한산우이,12,0,2378,693,3716,2142,9592,3834,9768,7630,6990,10715,5499,11090,6344,9425,7601,7510,8356,5729,9750,5648,9216,5679,8873,5656,6814,5799,5710,6847,3612,5333,2869,3741,1958,3239,1091,2790,562,1752,178,768,1,46,0,0,0,0,20250603
202505,우이신설선,삼양,3,0,1336,440,3486,893,8276,1880,9209,3890,6744,3132,5402,3309,5205,3262,4958,3984,4453,4345,4192,4356,3795,5785,3794,6503,3540,6417,3207,7672,2454,6781,1742,4545,1157,4107,751,3261,372,1885,81,548,0,0,0,1,0,0,20250603
202505,우이신설선,삼양사거리,3,2,1565,404,3349,2143,7588,2514,9355,4919,6679,3804,5811,3669,5048,3726,5705,4486,5510,4660,4707,4677,4521,6132,4978,6778,4428,6658,4096,7402,3085,6447,2189,4130,1540,3413,1041,2585,512,1679,116,459,0,0,0,0,0,0,20250603
202505,우이신설선,성신여대입구(돈암),1,0,780,570,1529,1577,3592,4836,7009,10262,5483,7794,5503,6908,6183,7531,7066,7470,7049,8209,7155,7809,7917,8353,8373,9218,8834,10579,9819,12626,7247,7837,6870,5072,7618,4355,6650,3411,2947,2261,750,767,0,0,0,0,0,0,20250603
202505,우이신설선,솔밭공원,13,0,1949,328,4271,1143,11062,1770,11329,3264,7622,2817,5719,2759,5320,3060,5173,3757,4343,4417,4076,4540,4436,5097,4576,5751,3863,6141,3026,8255,1835,7435,1424,5209,959,4805,641,3813,316,2488,53,604,0,4,0,0,0,0,20250603
202505,우이신설선,솔샘,2,1,3540,430,11297,1478,29650,3747,29607,4846,18072,3277,12604,3752,10829,4221,10550,6074,9338,6652,7784,7519,7449,10558,7047,13354,6470,15024,5253,23795,3734,20691,2539,12680,1939,11999,1419,10644,705,6021,169,2029,0,0,0,1,0,0,20250603
202505,우이신설선,신설동,108,5,1087,1191,1117,3550,1938,7119,3000,12643,2317,8679,2511,5325,3163,4350,3637,4467,4195,4538,4738,3211,6352,2790,6857,2865,8709,2371,10529,2553,5743,1663,3936,1299,3337,1196,2492,1135,959,609,220,569,0,138,0,0,0,0,20250603
202505,우이신설선,정릉,6,1,2124,572,6008,1995,14035,3614,17073,7103,14068,5072,11129,4930,10207,5450,10490,6268,9498,6797,8497,7317,8422,9190,8755,10614,9067,12200,8792,15912,4798,12363,3547,8280,2909,7401,2450,6354,1301,3413,330,900,0,0,0,0,0,0,20250603
202505,우이신설선,화계,6,2,2250,706,4880,1906,12487,3010,14762,6403,9791,6377,8212,5620,7978,5708,9229,5955,7885,5848,6717,5724,6560,6724,6972,7352,5256,7989,4705,10660,3138,9305,2361,6465,1618,5179,1094,4842,576,2970,203,904,0,0,0,0,0,0,20250603
202505,일산선,대곡,252,4,2793,2426,8757,10005,23813,24723,26017,32071,15451,21661,12091,14808,10819,14397,12677,14525,13139,12959,13041,12392,15691,13502,19514,14797,27032,17844,36374,24166,24200,17111,15029,10237,14293,10238,12441,9041,7693,6791,1279,2677,0,0,0,0,0,0,20250603
202505,일산선,대화,177,0,7721,1624,23819,5005,47815,12984,37534,17979,27510,14060,22870,14201,20098,13816,19580,16173,18905,16098,18540,14783,19735,18006,20581,17221,21544,24068,19295,26700,9948,24601,7567,17456,6243,15683,5715,13403,1715,9015,160,3473,0,0,0,0,0,0,20250603
202505,일산선,마두,39,1,3792,1776,10650,4886,19078,8904,19233,22619,14802,16408,15808,12842,15794,12226,15616,11474,14181,15516,14928,14315,17024,14008,18450,15894,18308,16895,17174,19577,7636,17311,5858,10440,5053,9877,3949,8828,1131,5853,123,1271,0,0,0,0,0,0,20250603
202505,일산선,백석,69,2,5129,2300,10567,7211,22058,12548,25767,27631,19593,16462,17989,15291,18020,14525,18392,16004,17853,17979,18405,18268,20512,18932,20719,21822,24211,24186,23959,29367,13642,25517,11630,15567,10682,13121,7548,11987,3064,7594,396,1871,0,0,0,0,0,0,20250603
202505,일산선,삼송,732,6,9010,1337,32019,7165,81257,16234,79551,30458,45063,21486,34586,19397,29672,21186,30303,24251,28238,26544,26884,28113,27154,33672,31564,37570,34101,50801,33407,72787,21144,60488,16914,37885,14418,36412,14283,28351,3725,15565,615,3363,2,1,0,0,0,0,20250603
202505,일산선,원당,222,1,9487,814,21931,6222,47407,7863,49645,14242,32082,10610,24857,10279,21420,12841,21460,14246,19905,13789,17378,17952,17277,19919,17785,25863,17692,31052,16282,41984,9088,35560,6898,25189,5407,22157,3495,19454,1136,12522,112,2137,0,0,0,0,0,0,20250603
202505,일산선,원흥,230,4,7275,609,18076,4049,46754,7343,50628,14474,30152,10575,22073,8980,19708,10212,19322,11907,17875,13670,15148,15216,15744,18219,15661,23069,16767,30900,17085,39853,8666,37425,7317,23767,6526,21622,4651,19900,2290,12200,311,2632,0,1,0,0,0,0,20250603
202505,일산선,정발산,74,0,2630,964,5078,3377,8654,6474,11050,22202,9362,24054,10030,23357,12413,22121,14456,19915,18066,21004,20265,18174,24515,15898,24460,15874,25419,16547,27382,17740,14649,14452,13943,8123,9694,6855,7203,5356,2299,3781,290,939,0,0,0,0,0,0,20250603
202505,일산선,주엽,159,1,6420,1393,17045,3357,26020,7738,28342,15492,21141,13964,19811,14478,19980,14787,19571,15218,18482,17706,18179,17375,19575,20483,19072,20525,16667,25598,15024,27009,8616,24700,8647,15380,5936,13472,4507,11350,1290,7744,142,2139,0,0,0,0,0,0,20250603
202505,일산선,지축,0,0,0,0,0,0,1,0,4,0,5,0,1,0,0,0,3,0,3,0,1,0,2,0,0,0,6,0,2,0,8,0,2,0,3,0,0,0,0,0,0,0,0,0,0,0,0,0,20250603
202505,일산선,화정,174,1,12466,1507,24854,6266,54097,13550,55339,36569,37108,25126,33448,23586,30801,24361,32038,26980,33616,28417,31028,30780,31466,37544,34253,40001,33155,49023,31122,61269,18575,49504,16245,32515,17470,29040,12906,26218,4942,15715,670,3651,0,0,0,0,0,0,20250603
202505,장항선,배방,76,0,1193,348,1934,797,3850,1380,4465,2605,3406,1711,2581,1468,2380,2040,2563,1991,2620,2271,2818,1867,2469,2144,2475,3732,2762,4249,2866,4809,1775,3340,1351,2597,1218,2531,1279,2022,769,1845,37,287,0,0,0,0,0,0,20250603
202505,장항선,봉명,19,1,1396,519,1848,955,2788,4707,3336,4798,2680,3699,3085,2657,2950,1725,2751,2052,2296,2775,2483,2047,3095,2142,3294,1870,3984,3123,2356,2674,1360,1930,1241,1291,943,1280,736,1336,734,906,10,288,0,0,0,0,0,0,20250603
202505,장항선,신창(순천향대),363,1,826,121,1830,690,2941,4037,2506,10866,2529,7494,3872,8405,4388,5270,4622,5500,6585,3859,7577,3385,6120,2637,11617,3566,8177,2611,9251,5100,3163,3389,2877,3629,3178,3629,2415,3223,1493,2465,21,687,0,0,0,0,0,0,20250603
202505,장항선,쌍용(나사렛대),79,2,3146,429,4521,695,7767,1809,9387,7750,5638,5888,4944,4494,5151,3838,5025,6773,5643,4661,5074,3359,6599,4965,6450,5914,6342,7686,6125,7834,3598,5523,2667,4306,1936,4907,1768,3633,973,3361,70,852,0,0,0,0,0,0,20250603
202505,장항선,아산,75,1,1189,1689,2772,4732,7845,6611,11248,10729,6054,9450,6342,8846,7315,7365,8103,8337,8526,8378,9636,6258,11918,7668,10734,8011,10473,10672,14194,10848,10478,6502,6622,6062,7730,4537,7331,3100,4235,2184,152,615,0,0,0,0,0,0,20250603
202505,장항선,온양온천,791,6,2124,587,4864,3008,10402,6565,12337,9279,11032,10714,11049,11253,10975,15946,13104,12399,14623,11817,14847,8034,12781,9936,12089,11799,9380,12464,10495,11933,5108,9329,3954,6756,3135,7047,2138,5301,1350,3658,28,1235,0,0,0,0,0,0,20250603
202505,장항선,탕정,57,2,1227,326,2161,1123,4844,2283,5233,4561,3438,2944,3266,2481,2992,2558,3513,2881,3921,3515,4007,2679,4625,2997,3816,4926,4857,5538,4991,6296,3778,3997,2834,3437,2626,2997,3030,2627,1702,2272,71,295,0,0,0,0,0,0,20250603
202505,중앙선,구리,832,8,6136,1308,12312,4038,28304,6665,28230,13619,16393,12057,14298,12050,13471,10778,14164,11896,13431,13571,12918,12715,13776,16377,14825,19015,15351,22643,14527,32315,9735,24957,9035,14655,5629,12844,4681,11791,1498,7648,46,1642,0,0,0,0,0,0,20250603
202505,중앙선,국수,0,0,892,38,1115,319,2291,658,2145,1813,2080,1446,1536,1074,1462,1638,1470,1269,1614,1287,1372,1064,2089,1504,2046,1647,1378,1998,994,1981,607,1531,417,1253,275,1201,214,1097,18,705,2,103,0,0,0,2,0,0,20250603
202505,중앙선,덕소,1615,5,3553,936,10065,2299,23863,4605,21209,6266,14253,6396,12204,5471,10593,5188,9403,6560,9674,7824,8132,7520,8101,11161,8731,12513,8633,14792,6744,21019,4343,18741,3600,9726,2553,11025,2256,9347,744,7013,6,1781,0,0,0,0,0,0,20250603
202505,중앙선,도농,889,5,8586,862,19828,2927,47258,6903,40782,12979,23909,8046,19911,7929,17347,8047,15697,8543,14010,11239,12179,11570,12360,16854,14494,19880,14435,22199,12367,37254,6633,33785,5344,18186,4351,16563,3013,14553,922,11556,22,2098,0,0,0,0,0,0,20250603
202505,중앙선,도심,2,0,1962,245,6069,871,13957,2444,9732,4768,6731,1944,5160,1703,3722,1811,4201,2095,3532,2351,3412,1939,3102,4559,4129,3104,3411,5500,2836,7900,1528,6279,1258,3770,993,3866,650,4185,274,2149,0,0,0,0,0,0,0,0,20250603
202505,중앙선,망우,265,2,8644,740,12203,3269,31515,5461,26943,14093,17503,9805,14376,9294,13221,10200,14656,11416,13783,10948,12044,13016,12772,15553,13465,16935,12892,22054,12825,27027,8212,21909,5793,13849,4866,10762,3221,9879,1298,6418,30,619,0,0,0,0,0,0,20250603
202505,중앙선,상봉,690,15,6929,791,9256,3681,21906,4781,23216,8045,14378,6064,9999,6420,9050,6798,10802,8771,9110,8151,9144,9254,9960,10499,9031,11784,10105,16471,9593,23634,6811,19101,5672,11926,5211,9705,3227,10137,1646,5984,155,1256,0,0,0,0,0,0,20250603
202505,중앙선,신원,0,0,211,90,296,190,539,521,490,622,438,783,440,852,530,667,488,407,671,413,610,329,792,428,731,344,716,475,689,416,294,270,178,264,100,200,118,202,69,110,1,20,0,0,0,0,0,0,20250603
202505,중앙선,아신,0,0,525,34,848,292,1827,645,1532,1168,1533,1136,1585,1097,1152,1518,980,853,1194,1112,1094,1032,1326,923,1707,1657,1306,1528,871,1648,633,985,347,929,257,1000,194,930,17,462,4,127,0,0,0,0,0,0,20250603
202505,중앙선,양수,2,0,1109,222,2252,949,6621,2578,5584,3799,4683,4363,3844,5336,3710,5096,3549,4308,4497,4283,4768,3492,6606,4130,6562,4140,5630,5049,3876,4482,2188,4974,1845,3186,960,3101,421,2044,172,1864,0,352,0,0,0,0,0,0,20250603
202505,중앙선,양원,113,2,3044,368,4999,1955,12490,9886,11577,6759,7275,3366,5140,3740,4693,3536,5429,3420,4880,3870,4462,3818,7071,4874,8250,5776,5554,7732,4373,9975,2750,9628,2200,5378,1561,4557,1200,4087,344,2645,8,196,0,1,0,0,0,0,20250603
202505,중앙선,양정,201,1,227,131,695,929,1333,1435,1229,2115,884,1213,823,1098,873,670,881,642,1000,733,1263,712,1402,1045,1586,742,1962,839,2078,1166,722,727,365,285,305,438,96,350,41,262,1,60,0,0,0,0,0,0,20250603
202505,중앙선,양평,163,5,2296,82,4682,1380,11167,4949,7736,7463,6329,5058,8067,6007,6751,8723,6963,7934,7669,4756,7582,7850,7649,6149,8650,7019,8070,11047,6194,10473,3791,5186,3386,7175,2748,4071,1858,4631,236,4036,97,1288,0,0,0,0,0,0,20250603
202505,중앙선,오빈,9,0,307,53,482,398,1152,434,1006,508,893,569,864,588,675,660,624,473,609,429,531,599,595,518,696,739,607,932,462,1174,280,509,192,453,101,542,59,390,4,228,0,66,0,0,0,0,0,0,20250603
202505,중앙선,용문,543,2,1216,15,2700,585,4667,2413,5196,4983,4097,3672,4551,5605,4414,10782,5979,5803,7113,7581,8170,5177,9336,2481,8313,6921,6420,5704,3554,4548,2332,3249,1053,3680,825,2146,349,2337,2,1766,0,733,0,0,0,0,0,0,20250603
202505,중앙선,운길산,1,0,316,106,506,464,1582,916,1670,1716,1182,3485,1177,4898,1242,4320,1659,2515,2370,2018,3380,1619,4687,1718,4019,1339,3230,1317,1990,1119,1296,1188,719,665,316,759,214,581,76,483,2,1,0,0,0,0,0,0,20250603
202505,중앙선,원덕,91,0,345,2,650,210,937,483,1116,603,1099,667,1041,1018,791,904,771,741,828,700,997,669,915,749,923,913,704,1247,559,977,332,592,228,518,103,496,22,428,4,294,3,86,0,0,0,0,0,0,20250603
202505,중앙선,중랑,175,6,6358,791,9822,2263,20975,3484,23043,6862,16506,5653,10622,5791,9844,6061,10071,6704,9680,8490,8655,7943,8607,11367,8456,12644,8182,16761,8338,21505,5674,16425,4145,10863,3501,9579,2461,8706,1112,5225,22,415,0,0,0,0,0,0,20250603
202505,중앙선,지평,0,0,0,0,0,0,218,281,28,198,67,12,393,659,0,1,1,1,168,1,532,503,1,4,2,0,186,222,57,83,268,258,0,3,60,163,1,2,0,0,0,0,0,0,0,0,0,0,20250603
202505,중앙선,팔당,4,0,262,103,627,543,1215,1806,1286,3371,1188,3439,1414,3420,1192,2731,1359,2632,1650,1896,2196,1683,2767,2104,3259,1574,2966,1623,2721,1620,2052,1029,1710,638,1198,420,849,395,144,191,0,0,0,0,0,0,0,0,20250603
202505,중앙선,회기,954,13,13714,3995,23403,13763,58944,32418,77105,64985,55550,49873,42461,43193,44188,39044,48917,37963,50396,43415,49719,38018,57995,40011,66441,47196,72934,62156,59654,81102,35164,62779,31831,42998,35353,44874,33608,48397,17545,31563,903,6552,0,0,0,0,0,0,20250603
202504,1호선,동대문,650,26,11355,2005,10238,7181,18411,13000,23460,21085,22404,22546,19709,24313,20233,27325,23766,25559,26188,25164,28645,24527,28462,23450,28688,23543,27750,23655,25700,24598,19951,23481,17100,16990,15294,15703,11790,15311,5837,9939,938,3210,3,321,0,0,0,0,20250503
202504,1호선,동묘앞,117,3,2844,819,4206,5444,9689,11943,14749,24759,13307,18094,14237,23546,17570,31601,25944,33246,34013,38191,34957,31610,35594,26132,35644,20749,33684,16225,23222,13632,12138,10159,6565,7170,5325,7084,4032,6901,1426,4897,120,1996,3,267,0,0,0,0,20250503
202504,1호선,서울역,712,48,10654,9668,29272,64058,97455,135373,155399,261969,118203,175970,101213,99755,111940,93828,123452,103297,117973,104909,103738,98240,133507,117364,146929,124624,224563,150853,265929,177855,145082,113988,106271,83004,109218,79024,70750,57048,47363,29252,5212,8018,10,262,0,0,0,0,20250503
202504,1호선,시청,124,5,2267,5900,3888,28761,7841,84305,10722,221985,13612,98129,16118,50987,21365,46047,24832,41519,34064,43954,42289,34289,57005,28728,71682,26400,104360,26880,173376,25784,65359,13532,57800,9715,50460,8268,30570,5761,10163,3763,606,1015,0,15,0,0,0,0,20250503
202504,1호선,신설동,381,18,9393,2330,10420,9020,24157,27668,35224,58781,23404,33582,20553,21548,21651,19042,23634,18847,25558,20872,23825,19441,25654,21232,31004,23226,44020,26227,54387,33422,21579,24093,15311,17267,13836,16766,9620,14437,4128,9416,455,3039,0,0,1,2,0,0,20250503
202504,1호선,제기동,360,2,5371,2495,9893,11107,24329,22620,34844,40718,24509,34079,26293,38686,33022,47956,38598,48415,41275,48961,46694,46751,49372,37762,48422,34984,46159,28603,40490,28995,21934,19051,14143,12771,9163,12097,5775,10103,2523,6377,181,1562,0,0,0,0,0,0,20250503
202504,1호선,종각,111,2,4119,6777,4648,39955,7136,127188,11204,286486,15032,154974,21361,66362,31108,60510,35726,52704,45802,52242,57198,44536,69348,39126,90187,41687,166223,48863,228712,49925,100534,26308,94340,15195,96733,10638,65783,7435,27547,4475,1970,1200,1,2,0,0,0,0,20250503
202504,1호선,종로3가,171,10,3868,2825,4263,13062,6458,30165,10918,71486,15895,66942,23059,58083,33201,67444,45595,64980,50916,60936,60589,53263,69576,46471,77105,44595,92049,43796,96400,45111,59692,25208,55840,14341,58976,11150,41000,8727,19478,6189,2113,2711,3,46,0,0,0,0,20250503
202504,1호선,종로5가,36,1,2144,3717,3339,16961,6526,44798,11147,94804,15653,66599,25153,59526,35310,61374,44335,54852,52882,53995,62178,50463,64666,42089,70216,39263,89895,36571,92908,34315,51324,19779,37497,10875,34104,8179,22363,6328,5893,3871,516,984,0,1,0,1,0,0,20250503
202504,1호선,청량리(서울시립대입구),1021,23,10925,2846,19709,11685,53099,18965,62902,42396,39247,39933,34736,41186,39856,47799,45757,48396,49151,49539,51434,51365,54211,49619,55953,50114,53809,53060,48483,63288,27964,40172,21186,25716,16885,24554,10398,20797,4277,12260,346,4067,0,1,0,0,0,0,20250503
202504,2호선,강남,169,6,7425,11404,18548,59347,44977,168061,66631,339718,56780,341745,58472,160250,74357,105063,90754,99702,108033,116269,117851,104253,141225,97871,167230,108346,260160,142885,337297,181424,221922,107607,168178,61816,182881,53554,156824,44706,70107,22533,12554,7068,1,115,0,0,0,0,20250503
202504,2호선,강변(동서울터미널),33,1,9435,1543,24297,20655,71804,23371,107647,41901,77168,34127,60592,30894,50504,31032,46270,34207,44154,39013,39628,42692,42813,51082,46704,56572,52975,70450,57414,95420,37916,65130,29362,45611,23138,37869,15066,32575,5598,17096,826,5073,0,69,0,0,0,0,20250503
202504,2호선,건대입구,306,6,15126,1787,23131,14874,58738,26264,99013,67569,69068,52041,44085,49563,41314,47881,49393,53213,53208,58574,53985,59648,58895,64163,68600,76567,80485,106603,90702,155093,68956,108671,71065,69167,76287,65825,73037,57374,44460,33130,8179,13067,7,1090,1,2,0,0,20250503
202504,2호선,교대(법원.검찰청),20,1,2784,6846,11617,29056,27558,62893,40448,174956,32069,138679,29489,75218,34720,61980,37903,56858,46448,63408,53563,56282,57547,52349,62807,53181,103552,68737,144313,74481,68299,44058,58188,28248,55106,25017,39921,23775,16141,11971,3338,4280,0,22,0,0,0,0,20250503
202504,2호선,구로디지털단지,307,16,40237,5099,57245,19856,151803,88289,198395,239495,121119,143688,74283,61002,65502,47233,71548,53596,70170,66329,64040,63884,70316,71697,87609,85673,143650,116737,212263,171814,103637,134335,65898,90836,54263,89432,42005,84912,19178,49309,3783,15650,1,251,0,0,0,0,20250503
202504,2호선,구의(광진구청),73,14,13752,1412,29402,15203,79624,19670,127289,44711,78802,23754,43057,22606,33877,21563,35915,25117,34825,29319,31674,31065,32517,38661,38536,46422,41106,65309,48262,104657,26761,74571,20347,51213,18522,48413,16135,44564,8275,24324,1400,8408,6,202,0,0,0,0,20250503
202504,2호선,낙성대(강감찬),57,1,12221,2283,29154,10184,92630,22218,132799,46516,86695,36955,48128,30823,39543,26555,43077,29531,42593,32389,37849,33662,39053,39883,41993,47072,48527,65343,54370,108070,31788,86433,25859,58950,23641,56270,16969,55646,9217,33396,1781,10306,1,203,0,0,0,0,20250503
202504,2호선,당산,41,3,8592,3809,20745,14960,54424,31467,64105,82542,40459,35807,28791,18448,26925,18328,27035,21407,25658,23820,23375,24660,25497,29076,32716,36461,46880,54690,61511,81098,28944,54543,23138,37025,22035,35390,18083,32520,9724,20115,1843,5358,16,131,0,0,0,0,20250503
202504,2호선,대림(구로구청),667,33,37580,3433,32254,11160,72990,24293,100170,56121,65829,37378,43012,33845,37265,35376,40452,33560,37574,34023,34360,35486,34660,45072,37740,53190,45252,65815,51379,72521,26169,54001,19896,42645,15317,49682,10883,46468,5424,22962,846,6383,4,255,0,0,0,0,20250503
202504,2호선,도림천,0,0,475,402,1432,998,3842,5090,4045,6560,2446,2759,2527,1822,2626,1956,2478,2286,2150,1993,2565,2471,3061,2119,3544,2502,3829,3128,4262,4172,1983,3141,1306,2224,1157,1779,735,1402,237,1038,49,326,1,4,0,0,0,0,20250503
202504,2호선,동대문역사문화공원(DDP),284,13,5074,1188,4417,9873,7221,25722,14163,51775,17593,34004,20002,32756,21614,31861,25113,31049,26098,31474,28679,32108,35566,31859,41125,31095,48344,34964,49260,39825,34076,36524,27509,27590,25956,22683,19275,19098,10433,11135,2414,3925,0,111,0,0,0,0,20250503
202504,2호선,뚝섬,4,2,3654,2274,10163,17624,21339,45376,29175,153718,19063,106302,17233,51294,19968,43289,24756,43990,30986,46374,37028,41579,48145,42041,59940,41804,95658,45750,150822,57418,81857,32842,57763,17637,50545,15101,31703,13319,11488,8181,1708,2858,0,39,0,0,0,0,20250503
202504,2호선,문래,8,0,4613,2679,16505,11779,49146,44461,55156,147909,30937,66825,23151,29060,21989,23882,26792,27359,27493,29075,28933,27136,31085,29610,38955,34844,69907,44660,119681,68019,43742,45593,30930,24585,34137,22141,26984,19415,12954,11281,2340,3770,1,160,0,0,0,0,20250503
202504,2호선,방배,2,0,2584,3630,9758,13817,25008,31049,34005,87794,26094,67146,21150,38441,23345,29953,25631,31039,28889,27346,33570,27202,38781,26220,47109,26530,57974,34749,70460,39023,33470,26390,26122,17631,26031,16597,20579,16605,8319,9144,1693,2982,0,11,0,0,0,0,20250503
202504,2호선,봉천,107,10,15716,1365,31723,6890,91419,15556,132959,30724,80640,23350,45104,20835,38253,23791,39301,25788,37122,28041,33578,31661,31283,41169,33577,46979,34259,63495,34446,96800,21995,76320,18178,50179,15473,46986,11810,43410,5327,25138,1048,8493,6,607,0,0,0,0,20250503
202504,2호선,사당,118,6,13427,4505,33778,38419,90264,57577,114062,81122,82746,57726,54546,48978,50974,59380,57284,60273,60864,57076,64757,56979,65476,69593,71479,93256,87583,139335,108387,191200,75769,126284,72689,78714,79275,73561,71166,69196,38730,39990,7251,12527,3,692,0,0,0,0,20250503
202504,2호선,삼성(무역센터),113,1,4879,5982,7629,53816,16191,155791,22132,348601,23089,265488,27066,133659,41272,95782,52894,86302,71116,93290,89537,78786,114370,66558,148818,61633,250873,64793,312545,64743,163236,36630,125312,20701,102476,16641,66718,12777,16996,7069,2245,3550,0,1311,0,0,0,0,20250503
202504,2호선,상왕십리,18,0,6508,835,15714,6913,46491,12981,72192,33490,40386,19352,25117,14729,21548,13864,22781,15465,21918,17984,19323,19321,20327,22884,23025,29199,26129,37934,28213,58975,20016,38595,13078,26684,11341,24813,7647,22863,3152,13566,493,4744,0,18,0,0,0,0,20250503
202504,2호선,서울대입구(관악구청),4688,53,28153,2676,47796,14907,138735,30351,188567,77696,126167,65539,72780,56723,62451,47494,69757,51665,69037,56247,63695,56942,69682,67557,74986,79194,86921,110144,96146,179805,58837,140816,50239,92317,52919,87247,44813,86063,23918,48902,4387,18813,1,3914,0,0,0,0,20250503
202504,2호선,서초,4,0,2029,4849,13934,25599,23062,58276,32008,125373,30242,92572,23072,45895,31236,35035,28814,26923,36544,28375,37429,27162,47195,22944,52330,25833,80364,27942,98187,29944,44916,20682,32910,13161,31140,12022,17860,11892,5977,6183,1054,1700,0,4,0,0,0,0,20250503
202504,2호선,선릉,154,3,4578,6301,12458,47546,25706,138431,39173,303607,38205,227423,42161,105235,52992,70794,64597,65577,74465,76226,83306,60331,108819,55428,139466,54898,224966,62107,306627,64439,154412,41188,101172,26525,91155,23601,72587,20352,26216,11663,4310,5328,0,156,0,0,0,0,20250503
202504,2호선,성수,74,8,5216,5019,9514,38406,23128,82680,30717,273979,25607,175692,24552,107367,29741,96860,41661,96827,55684,101721,69721,97221,88521,94885,117015,89585,179389,89810,287722,89431,157743,53192,121774,27098,100278,19777,64964,15568,23513,11324,3601,6049,2,867,0,0,0,0,20250503
202504,2호선,시청,14,1,1175,2262,2326,23583,5523,83677,9479,247017,14804,100249,21554,33917,27442,30261,26783,29088,34109,33529,40215,26634,49920,23558,63219,22016,117629,24191,185910,24810,67348,13966,51683,9435,45576,9021,26697,7577,9933,4234,1399,1434,1,90,0,0,0,0,20250503
202504,2호선,신답,15,1,1253,39,2391,938,6935,1147,11577,1903,4749,1152,2796,1070,2474,1208,2252,1455,2209,1572,1854,2067,1758,2908,2293,3827,2163,5210,2143,10319,1114,7071,746,3713,534,3927,385,3224,202,1931,79,563,0,0,0,0,0,0,20250503
202504,2호선,신당,41,4,5925,1147,12331,7591,34224,17057,56746,32306,31981,23191,21784,18741,21117,20597,23223,22037,23634,22930,23415,23511,24667,26594,27741,32152,30613,41488,34687,60991,24753,40061,19567,25708,18232,23172,15981,20925,8405,12289,1724,4340,1,50,0,0,0,0,20250503
202504,2호선,신대방,267,10,24892,1856,38194,9107,98452,16025,139277,26393,86525,19276,48392,18775,37827,20266,38677,22828,36677,27006,30803,32203,30257,41101,31957,49470,34039,65804,33152,98828,21476,82783,16384,58711,13507,60334,10378,56129,5356,32637,1063,10147,8,203,0,0,0,0,20250503
202504,2호선,신도림,4146,11,38481,5177,61396,21362,158484,48241,162283,114367,100935,80683,68419,63549,63622,66516,72615,66583,76570,72488,77028,71153,81371,80434,88786,94182,110163,125644,131043,188707,79988,129062,70115,79658,59429,74580,46784,71331,24131,48155,3310,22148,20,2953,0,0,0,0,20250503
202504,2호선,신림,156,8,37229,3797,73048,18919,198076,32009,286298,47052,174334,44851,96195,41422,78575,44620,84673,50634,78248,58659,70280,65056,68392,82805,73648,102957,77557,140801,79210,236014,54789,197442,46987,134075,43700,126226,37080,118602,21524,73872,5191,25319,6,779,0,0,0,0,20250503
202504,2호선,신설동,51,2,1130,318,1530,1880,5503,5559,10357,14736,6366,9700,5698,8190,6491,7458,8375,7390,8550,8196,8472,6540,8874,6014,9659,5540,12839,6264,12776,8435,4976,6030,3669,4471,2692,4317,1887,4050,802,2530,132,1031,2,142,0,0,0,0,20250503
202504,2호선,신정네거리,106,0,9024,827,19921,2371,54985,4767,48856,12581,26830,8857,18775,7692,16728,8830,17492,10222,14765,12267,12781,14535,11497,18089,12693,24265,12497,33565,11852,50548,7425,38196,5911,21660,4650,19814,3590,17462,1624,10835,372,3414,1,178,0,0,0,0,20250503
202504,2호선,신촌,76,6,6580,2646,15414,16571,40053,38966,57753,97385,43481,103488,43767,78003,50398,68487,61509,69829,66651,75605,69763,65596,78541,62156,93598,68865,110452,88559,108912,119461,75292,81058,77626,51754,81128,46192,76196,41722,36872,26290,6571,7885,1,122,0,0,0,0,20250503
202504,2호선,아현,19,2,4974,1040,12455,5284,33107,12843,46620,22847,26726,15371,19027,13021,17377,11101,18975,13157,17289,14575,15756,15515,18803,17594,21924,20344,21657,26713,21697,37264,13814,27212,10085,18941,7944,18233,5916,16457,2316,8943,437,3064,0,29,0,0,0,0,20250503
202504,2호선,양천구청,48,0,5277,879,13197,2902,36103,5854,32498,9469,18783,5334,13368,4755,11394,5615,11473,6882,9809,8867,8156,9687,8439,12298,9090,15428,9083,21884,9247,31965,4390,25683,3171,15279,2550,13879,2219,10943,834,8119,187,2729,2,23,0,0,0,0,20250503
202504,2호선,역삼,39,2,3659,6035,9704,49325,17744,171675,28881,398797,26814,318057,28031,124870,36474,68177,43719,60199,52786,66938,63323,51475,81879,45228,109394,43823,242486,53956,292013,60427,161801,39288,92163,24929,82916,21798,54818,17906,20449,10574,3572,3652,1,73,0,0,0,0,20250503
202504,2호선,영등포구청,66,2,5285,3520,14724,15702,44451,43249,55952,134502,34446,59111,25762,29846,26508,26046,29057,27451,30658,30176,30511,27514,35764,29220,41609,33268,63546,43295,107919,63327,41072,42568,30942,26124,27111,23825,20132,21322,9530,13974,1803,5218,6,205,9,10,0,0,20250503
202504,2호선,왕십리(성동구청),682,1,6271,1011,10386,9803,28709,15672,48714,30459,30346,21181,21194,16893,20358,17531,23618,19399,24095,20509,23583,21198,26716,22896,33892,27846,36948,38887,37637,59951,25756,37013,23850,24810,26379,22106,26111,21245,15638,13798,3319,5926,2,25,0,0,0,0,20250503
202504,2호선,용답,4,0,2348,385,3818,1424,9188,2133,14949,4468,8034,5806,5751,3698,4961,3352,5649,3799,5644,4395,4962,4144,5222,5184,6879,6494,6565,7782,4762,12649,2953,7902,2080,5688,1725,6606,1257,6572,643,3553,155,1217,0,1,0,0,0,0,20250503
202504,2호선,용두(동대문구청),53,0,1116,96,2036,1018,6054,2749,9817,5892,5723,3533,4495,4387,4342,3750,4684,3643,4759,4644,5024,4510,5878,4879,5133,5120,5179,5937,5762,9315,2748,6463,1798,3832,1656,3603,861,2766,393,1653,67,620,0,1,0,0,0,0,20250503
202504,2호선,을지로3가,34,1,1131,2258,2969,22956,7825,80491,15675,181721,21755,74311,26002,36001,27932,30879,28728,28209,32044,32204,36406,28587,40972,29139,52877,34308,100394,40556,146663,48812,59835,31845,46613,20265,50636,17221,41921,15473,23292,9343,4318,2523,1,84,0,0,0,0,20250503
202504,2호선,을지로4가,14,1,1260,1198,2566,15543,6545,38260,13087,81882,15785,40426,19415,26644,22436,25980,22398,23735,24246,23485,26443,22168,30396,20877,38285,20988,65007,21808,72236,23621,31657,16385,20387,12239,17566,12090,12446,11494,6035,6928,1169,1980,1,32,0,0,0,0,20250503
202504,2호선,을지로입구,110,1,2500,3023,4556,34426,11820,140698,19200,361588,30690,178225,38320,94459,46487,77647,52104,67709,63235,70428,72897,62847,87286,63341,105263,66573,184738,77097,290325,79431,139505,53346,132612,37294,94080,29873,74104,22604,31416,11935,4205,4274,7,1020,0,1,0,0,20250503
202504,2호선,이대,13,0,3792,889,10466,7466,30621,17878,41714,52799,26307,59895,22216,47743,23926,31967,31292,35939,32530,39323,30744,29100,40875,30393,44557,31552,55398,39075,51908,52056,30934,36078,27371,25509,28993,25468,21713,24751,8422,16546,1315,5346,0,73,0,0,0,0,20250503
202504,2호선,잠실(송파구청),100,3,13964,5173,55244,38638,133131,89794,183093,187127,131692,167613,92799,141472,91958,142971,105727,141089,121083,146567,133085,147812,159585,158082,188486,175229,231391,221257,265553,277237,193171,181573,184739,114811,169626,104786,119837,90026,39513,45771,6693,11489,0,176,0,0,0,0,20250503
202504,2호선,잠실나루,6,0,3866,3276,14506,20422,43729,25144,52229,41550,34149,25092,26884,19758,25626,17590,23852,21343,22210,22786,23362,21540,26206,22598,35707,24291,41346,31747,32874,45260,16388,32181,11909,20085,8931,19107,6477,17626,2972,9370,442,3113,0,26,0,0,0,0,20250503
202504,2호선,잠실새내,43,0,6161,1185,21159,9139,70335,19411,94096,30543,59265,31702,39288,25998,35170,29471,36605,35009,35873,38681,32049,39755,35421,46863,39370,57163,43375,74377,47016,96160,35747,64783,31029,39765,30717,36794,30814,32761,17599,16825,3387,5667,0,57,0,0,0,0,20250503
202504,2호선,종합운동장,13,0,1746,1408,6671,15590,19889,20406,25531,31215,17459,15443,13155,15438,13575,17366,14659,42086,15248,66128,14858,23543,21055,22879,36057,38630,68622,105871,41012,114108,16058,30623,26425,13115,145778,14630,35746,11040,3422,5548,399,1765,1,91,0,0,0,0,20250503
202504,2호선,충정로(경기대입구),21,2,3655,1014,7116,7018,17822,27868,25064,67599,16381,28971,12886,13156,12946,11765,13764,11826,14151,14695,14019,13029,15462,13039,19017,14854,35693,18645,50765,23987,16520,16189,11714,11890,10624,11759,6923,10459,3016,6565,744,2196,1,63,0,0,0,0,20250503
202504,2호선,한양대,3,0,1220,687,2772,10318,6210,16399,9548,78820,7289,64099,9700,62991,16187,22025,20859,44318,22912,30174,29251,23703,38318,16897,51290,14241,59693,18499,47735,23221,25596,11413,21520,7604,24860,7123,16319,6812,9396,4590,2192,1600,0,8,0,0,0,0,20250503
202504,2호선,합정,133,14,10288,3166,17871,13833,42716,34105,55264,101964,37664,91643,30136,55193,32521,49707,37459,53581,41916,60908,44093,55092,48767,57764,59069,67747,81203,87011,120503,121300,79963,82021,67090,46813,72270,38272,69045,33787,36065,22775,7347,8759,3,85,0,0,0,0,20250503
202504,2호선,홍대입구,980,28,23560,3554,30602,18358,64889,46022,86349,122730,69601,158969,65483,119983,70903,132277,82483,145954,95644,162784,104183,150731,126239,154972,155582,167078,183089,196973,207420,243302,174150,179510,170458,115118,195121,94459,186490,75180,93582,51001,13203,19671,6,2118,0,0,0,0,20250503
202504,3호선,가락시장,57,17,3132,781,8327,6091,24345,12331,25400,29179,18557,14867,15498,10636,14226,11127,14593,12406,14770,12886,14222,14022,15512,15719,16605,17583,21287,21672,28571,27315,12825,20118,9973,13112,9098,11299,5927,10452,2417,5400,449,2035,0,44,0,0,0,0,20250503
202504,3호선,경복궁(정부서울청사),26,12,2786,2013,7370,18230,15631,49926,23825,153911,23082,114035,23409,82107,32491,74879,42168,64242,52219,63691,64635,51533,79328,44153,93418,40850,112078,39132,133428,41700,56579,26415,47413,14895,45011,12737,27643,11162,9936,6198,1311,1936,1,50,0,0,0,0,20250503
202504,3호선,경찰병원,6,2,3063,280,8999,3392,26113,10521,28861,28356,17505,15485,12633,9038,10993,7128,10349,8999,10635,10102,10767,9471,10762,10094,10946,10937,16525,16805,19483,23817,8008,18965,5991,11505,5270,9977,3496,8911,986,5147,152,1602,0,0,0,0,0,0,20250503
202504,3호선,고속터미널,134,2,5499,3954,8655,35802,28902,51213,50323,78596,55143,98192,58489,99219,70366,103867,83092,97299,91798,96344,104737,101296,120639,107884,129377,106185,143803,113216,140906,119537,120287,75137,132410,47801,81530,36860,51041,25059,17548,12447,1974,2892,0,1,0,0,0,0,20250503
202504,3호선,교대(법원.검찰청),90,3,1959,802,5307,8219,12298,21483,17410,53151,15043,38663,16174,19234,20121,13184,22860,12935,27900,13883,32002,12408,34228,11822,36691,12359,57906,17393,76813,21492,36716,11594,33419,6759,30373,5467,21879,5105,8581,2978,1365,1040,0,2,0,0,0,0,20250503
202504,3호선,구파발,218,1,13219,1834,37550,11964,92501,24564,87871,32398,49614,26659,34870,27616,32863,25973,33346,27083,31569,29393,31461,31321,36469,33124,41138,40109,40666,50726,31208,80034,20413,64190,16388,37771,14215,34030,11321,31020,3034,20103,652,8853,0,250,0,0,0,0,20250503
202504,3호선,금호,63,15,4399,585,11301,2797,30100,5199,40875,10094,25013,7271,16180,7372,13465,7660,13217,9002,11883,10485,10573,11421,10213,14506,11162,18073,12211,22679,12109,32852,8970,22656,6405,16116,4889,13830,3794,13021,1911,6891,404,2086,0,0,0,0,0,0,20250503
202504,3호선,남부터미널(예술의전당),18,2,3207,1333,9825,31818,32166,71771,48027,170988,40234,91144,36947,49996,40339,36583,41735,38306,44451,47426,45478,43623,51173,44720,67385,50220,113968,58828,142864,68618,65301,42783,45672,26339,45231,20758,31929,16799,8716,10372,1042,3032,0,1,0,0,0,0,20250503
202504,3호선,녹번,63,2,10295,553,27440,3807,77031,8816,84286,18093,46964,11902,29957,9797,24301,11022,23924,13041,21189,15387,17841,17392,17509,22934,18433,29667,18763,39070,20415,64187,10788,53652,7744,33064,6454,29889,4469,26749,1693,14939,273,4478,4,4,0,0,0,0,20250503
202504,3호선,대청,119,0,4192,1097,13494,7218,36105,22115,42188,29091,23809,13299,17746,9786,15793,8947,15198,11043,15422,12611,14107,13010,19336,16100,22033,17996,25894,24086,28606,33222,12389,26712,8967,18482,7383,16649,5669,16843,1927,8573,339,3192,0,4,0,0,0,0,20250503
202504,3호선,대치,16,1,3085,683,14793,8585,34335,19653,33640,28403,21039,20145,16211,14153,14542,13555,15818,17438,16663,21179,16487,19531,17777,24205,20327,29819,29371,33655,29394,34754,18752,26100,13477,15648,16501,14957,33199,12312,3497,6883,434,2560,0,1,0,0,0,0,20250503
202504,3호선,도곡,60,2,1223,364,5265,4966,13971,17348,17367,23607,10974,18267,8800,9400,8392,8983,8727,7957,8945,9245,9648,9061,12825,9617,15218,9996,18906,12107,19784,15260,10370,11396,7553,7104,6769,6621,5206,5580,1475,3372,222,2206,0,466,0,0,0,0,20250503
202504,3호선,독립문,163,2,4831,968,7094,6923,17735,17312,21510,25900,17449,23261,14946,20412,15061,13975,18015,13043,15761,14229,15762,13794,19143,14172,19602,14864,19266,16167,19067,19014,9013,15353,6816,10076,5707,9147,3995,8127,1460,5103,214,2144,2,649,0,0,0,0,20250503
202504,3호선,동대입구,15,1,1629,1322,2974,9543,5393,18190,8952,71659,9206,46869,11489,47184,13436,35086,14746,27314,24759,33181,26773,24228,27921,21956,34251,21202,50377,24931,50779,24552,27241,11929,32324,6821,25500,6821,16832,4904,4820,3316,753,1409,2,86,0,0,0,0,20250503
202504,3호선,매봉,17,1,1996,847,8046,10757,21815,26383,25056,81811,18228,36069,16474,19869,15383,18781,16941,16382,18333,15904,20766,15454,23213,16797,26370,18263,42937,23452,65351,29133,22744,18092,17490,11505,18879,9607,11138,9348,3404,4668,494,1685,0,80,0,0,0,0,20250503
202504,3호선,무악재,1,0,2026,127,5998,1338,17804,3352,20979,6347,12452,4357,8655,4060,7454,4112,7006,4541,6231,5450,5957,6045,5273,7482,5957,9654,7230,12088,7073,17978,3646,14093,2459,9197,2117,8367,1308,6951,648,4927,110,1409,0,1,0,0,0,0,20250503
202504,3호선,불광,28,2,10487,1492,21579,7240,58301,12075,67787,33290,39629,28957,28947,24333,26812,24997,28009,27213,28010,30670,27522,29526,29017,33845,30479,37510,31219,43535,31141,64327,18535,49791,14545,31498,11873,27129,7879,24822,3634,14619,660,4572,0,0,0,0,0,0,20250503
202504,3호선,수서,113,0,4823,2579,14845,18139,42589,38704,49830,62795,33550,37849,38258,25798,29032,21974,34897,26578,31388,23753,25206,25737,36597,30036,39701,34371,50561,40300,56760,55186,25710,40718,25510,29032,16801,24325,16348,22420,7110,9470,644,3785,2,301,0,0,0,0,20250503
202504,3호선,신사,77,4,3167,1805,6656,17006,12914,45689,19545,111581,17348,139135,20588,70971,25773,46951,29466,44428,35835,46717,42567,43081,49493,39067,58862,41672,90104,51589,127449,63417,91211,34060,58839,18468,57800,14886,47197,11905,19622,8160,3050,3837,0,9,0,0,0,0,20250503
202504,3호선,안국,49,0,1905,2184,3254,27651,6996,98572,11381,130410,15367,93253,18313,76338,27847,77256,39351,64776,48068,62476,59348,58009,77000,48688,97619,39963,128530,34628,131593,32218,62733,16716,51531,8860,42786,7291,22656,6031,7619,4127,712,1385,0,1,0,0,0,0,20250503
202504,3호선,압구정,74,15,2994,2384,8958,25850,17895,53353,27139,143906,23073,152777,27649,81374,33692,64929,39971,50886,45245,53434,54811,49748,62728,47132,74534,48059,98006,56278,134765,58330,91959,33838,73567,18254,51874,14904,33748,12077,11100,6949,1600,2521,2,221,0,0,0,0,20250503
202504,3호선,약수,79,2,6432,1129,11212,6520,28352,16702,38990,34920,27805,22332,20173,16720,18866,16073,20518,16418,20391,17658,20167,19433,22034,20938,24008,25489,28145,30867,33152,44011,20624,27679,16427,19376,15858,17037,11537,15368,5402,9019,920,3886,9,715,0,0,0,0,20250503
202504,3호선,양재(서초구청),45,1,5204,3160,15350,44087,41831,122615,52430,248157,35664,129849,33935,58888,35281,49225,40955,45753,47306,48577,51729,43661,62618,44343,82166,48131,143074,67811,202927,81895,94922,52326,69859,33778,63510,29530,39638,25853,13114,12930,1631,4344,0,7,0,0,0,0,20250503
202504,3호선,연신내,287,9,26599,2440,53583,14159,128194,31621,153551,46845,91364,40145,62862,37348,59353,38790,62757,42272,57763,45608,51758,49725,55821,61465,61450,71821,58561,92084,56858,140339,39819,112696,31985,68199,28014,63374,22802,54966,12252,35431,2178,12208,0,15,0,0,0,0,20250503
202504,3호선,오금,19,0,4824,20,10542,2650,33804,6662,33627,13766,17538,6504,11068,5121,8500,4739,8957,6151,8469,6963,7415,6785,7164,9428,9249,10979,11040,15884,12089,24312,4967,16638,3949,11555,3271,9518,2693,11450,834,5509,131,2285,0,0,0,0,0,0,20250503
202504,3호선,옥수,172,0,3187,799,10229,4284,25717,8336,35258,14093,23965,10637,16232,9407,14655,11261,14486,12270,14513,14446,14283,15204,14773,17895,16034,20585,17416,28016,18047,36659,12140,25948,10079,17518,8554,15422,5915,13879,2425,6937,439,2105,1,2,3,4,0,0,20250503
202504,3호선,을지로3가,20,1,711,1219,1721,10143,4191,39214,8974,83267,12122,32999,13694,16741,13295,15279,13272,14870,15444,15605,17939,14021,19999,14508,24245,16985,47055,21225,72426,25552,29347,15632,22031,8835,22917,6776,18575,5089,10066,4337,1703,1524,0,19,0,0,0,0,20250503
202504,3호선,일원,9,0,2615,1682,10284,12923,29125,38678,28519,29397,21042,21252,19681,18018,19203,13291,19258,15735,16822,16683,19089,16234,25194,15358,31972,15050,40232,18069,20460,25042,11363,20187,7080,13382,6031,12199,4068,13242,1538,5322,178,1804,1,33,0,0,0,0,20250503
202504,3호선,잠원,2,0,1484,976,5150,10237,15424,7917,20721,10718,13086,7154,9482,5034,8952,5164,8948,6190,8448,7525,7121,7809,9303,8721,13444,9149,13018,12635,10412,16071,6447,11354,4483,7813,4043,7762,2814,7858,933,3888,172,1415,0,0,0,0,0,0,20250503
202504,3호선,종로3가,36,5,892,1090,1439,7990,2606,18106,4201,46407,6734,45914,9832,38793,12855,32170,14803,28302,17299,27650,20755,26343,25071,24884,31051,24930,45257,25240,57350,26048,31567,15969,23199,9270,26282,6639,21770,5004,10524,3269,1519,1411,0,16,0,0,0,0,20250503
202504,3호선,지축,35,1,3553,679,13471,4207,34722,7238,35253,13185,18858,8237,12695,6889,10384,6572,11064,7893,10164,9935,9664,9887,10695,11912,11716,15473,12430,21537,11648,32897,8159,25500,6498,16598,5521,14883,4349,12688,1875,7113,328,1295,0,0,0,0,0,0,20250503
202504,3호선,충무로,0,0,0,0,0,0,0,0,1,0,2,0,7,0,7,0,11,0,8,0,4,0,8,0,12,0,14,0,19,0,14,0,8,0,7,0,7,0,7,0,2,0,0,0,0,0,0,0,20250503
202504,3호선,학여울,0,0,671,222,2289,2106,5147,3713,5147,8659,3968,6491,3233,5895,3778,4731,4405,5063,4778,5586,5102,5021,5783,4635,7522,4031,9098,4845,8131,5198,3208,4096,2096,2669,1840,2418,1370,2207,336,1210,46,462,0,0,0,0,0,0,20250503
202504,3호선,홍제,67,2,10291,1394,26497,7527,70397,12406,76728,27808,48114,23969,34380,22885,31075,21511,32857,22329,31156,24443,28645,27404,30008,32491,32487,37706,32431,47409,30394,68305,17743,54497,13951,33917,10694,30691,7802,26020,3057,16240,540,4399,0,0,0,0,0,0,20250503
202504,4호선,길음,14,3,11204,1612,37068,8091,97772,17289,99111,39030,55701,30804,36940,26682,32865,28703,33580,26816,32620,30504,30498,32422,32454,35293,37487,44973,38565,58644,37656,86329,20929,67422,16972,42758,13746,39640,13806,37844,5239,22059,751,6219,0,0,0,0,0,0,20250503
202504,4호선,남태령,15,0,582,51,1188,2067,2588,6637,3946,6109,3083,1963,2537,1353,2222,1292,2397,1524,2366,1461,2065,1588,3033,1529,4135,2005,5778,1756,4615,2045,1923,1618,1159,1590,761,1221,478,1119,213,561,16,153,0,0,0,0,0,0,20250503
202504,4호선,노원,300,7,13372,827,27406,9873,59627,17022,60531,37711,37745,36213,29866,27927,30558,27529,34391,29591,33375,35194,32929,34488,35586,38529,37927,48543,37984,62222,38280,89600,28298,69848,28520,43109,27222,36498,23852,32436,11404,21118,2818,7986,14,886,0,0,0,0,20250503
202504,4호선,동대문,219,30,4683,2117,3097,15488,5177,35071,7912,65938,14090,65839,20620,60671,26804,54068,32613,46655,39709,44077,48781,41396,55932,34739,69062,27792,83463,22716,58812,20523,36265,21250,29089,14947,26019,10738,17156,8023,7764,5385,1367,1623,4,114,0,0,0,0,20250503
202504,4호선,동대문역사문화공원(DDP),333,3,5783,1553,5187,13872,9828,34316,14997,71009,18948,42777,20195,33100,22835,30770,24821,27971,28021,29034,33263,27922,41170,26008,48809,25219,68988,28055,82731,30795,49663,30659,40767,21619,37188,18147,28882,15317,15338,9993,3024,3375,3,145,0,0,0,0,20250503
202504,4호선,동작(현충원),8,2,213,1952,925,7790,2453,3837,2772,6206,2328,4216,2348,4358,3014,3267,2978,3593,3278,4858,3481,4260,4779,3789,8719,3440,9586,3856,6896,4812,3439,3377,2989,2617,2701,1392,1756,989,682,626,83,351,0,106,0,1,0,0,20250503
202504,4호선,명동,55,2,1614,1067,4169,29151,8706,62856,17464,144060,32898,110863,38183,75572,46025,76732,48434,82711,55063,75924,66570,70629,84178,71692,99734,72508,109247,76392,149999,74939,90130,58239,82159,46237,81769,31722,74828,18074,32223,9749,2294,3304,2,101,0,0,0,0,20250503
202504,4호선,미아(서울사이버대학),45,2,12338,1795,22977,6629,53568,20542,56367,43693,37087,23011,28590,18684,27431,22580,28262,19986,27032,22155,26301,24151,27577,28154,32214,32709,32394,38248,31886,51378,18761,43634,12873,26956,14360,24115,10716,21513,3373,13722,550,4233,1,1,0,0,0,0,20250503
202504,4호선,미아사거리,83,2,15399,3261,39264,9096,95504,23082,103714,35882,62870,32378,44468,28689,40835,30376,42170,32196,41658,37172,39714,39295,43206,49586,47244,57794,42356,72617,43294,101383,31295,77555,29515,48695,18158,43513,13021,38898,6280,21904,956,5320,0,1,0,0,0,0,20250503
202504,4호선,불암산,82,0,8762,25,19765,4520,48887,6953,38495,10589,24380,10390,17913,10880,16222,9949,15716,10567,15234,11206,13494,12602,12783,14968,14087,17637,13405,20836,12520,28077,8231,25790,5616,17755,4655,15912,3151,14809,1472,9811,305,3650,0,474,0,0,0,0,20250503
202504,4호선,사당,176,31,11630,1198,30121,19696,75603,29674,87200,41641,67410,30198,46406,26099,38046,33149,39938,33468,41020,30246,39367,29617,37758,34895,41164,47911,49502,69770,53399,102812,35927,64674,33285,38809,36134,36015,31329,32510,14879,20713,2010,6537,6,663,0,0,0,0,20250503
202504,4호선,삼각지(전쟁기념관),3,0,607,354,2505,5530,7902,12566,12110,25323,7392,12276,5865,10868,6475,11898,7487,12474,8667,12864,9244,11130,10457,11736,12256,14536,16478,19827,27513,27278,12524,17019,13296,8898,15733,7080,14058,5801,7113,3844,1075,1543,0,54,0,0,0,0,20250503
202504,4호선,상계,82,6,15721,226,44250,7511,95090,20983,77999,22079,48046,20089,34679,20381,31320,21382,33694,24678,31891,25545,27815,27265,29206,32620,31362,38993,30851,50675,27152,71300,18154,63835,13543,40231,12266,34082,11802,31481,3826,19920,733,6529,12,695,0,0,0,0,20250503
202504,4호선,서울역,247,16,5249,1012,6853,18740,13746,47012,17424,100121,15215,63547,14511,34724,16048,33847,16817,36456,16180,37478,16209,34792,19421,39947,24289,43144,51571,45503,68558,47720,26638,35292,17905,26145,15685,25305,11144,20044,5146,9856,683,3004,0,257,0,0,0,0,20250503
202504,4호선,성신여대입구(돈암),45,6,6310,1639,22158,7449,54131,19840,61845,49616,43356,33834,34076,26052,35017,38961,38623,31095,39143,32452,40318,36585,41689,35836,46162,44252,54444,57190,54826,74650,35575,58296,32619,40555,33573,37402,29471,34095,14341,22641,2735,7326,0,0,0,0,0,0,20250503
202504,4호선,수유(강북구청),96,4,23226,3503,50179,12026,122109,22931,129638,59896,84875,42649,59572,32932,55478,35020,58551,37514,55317,44142,50301,46384,49948,58363,55122,73868,57940,89546,66455,132100,40326,112501,31609,74847,27044,67349,22076,61693,11346,40497,1978,11471,2,40,0,0,0,0,20250503
202504,4호선,숙대입구(갈월),16,6,3354,1034,8722,9331,21148,26922,30655,60129,22596,39493,19136,30244,19610,26809,23281,21057,25048,23595,25443,21444,30349,21572,42280,26185,46137,33720,54868,44267,30046,28298,26772,18479,28670,17414,23064,15915,10504,9532,1451,2395,0,16,0,0,0,0,20250503
202504,4호선,신용산,11,0,1504,1426,4304,15275,12705,45112,19683,103725,17788,73021,15408,36146,21329,31524,22604,32493,26295,33598,25596,31222,34698,32647,45837,36251,71555,43675,102801,52794,49713,29943,41386,17247,40496,13298,30187,9442,12705,4872,1568,1423,0,63,0,0,0,0,20250503
202504,4호선,쌍문,226,16,26098,1272,58517,8825,135035,17466,136294,31074,81925,24113,57183,21561,49672,24668,50146,28185,43786,32115,37740,36016,36214,47419,38522,59583,38397,74568,35430,110335,24337,102294,18174,64719,14170,57377,10548,53086,4975,33537,810,10947,2,54,0,0,0,0,20250503
202504,4호선,이촌(국립중앙박물관),29,5,1254,934,5826,9399,14188,14704,19646,29109,13373,20666,10840,18867,12604,18459,16930,18987,16793,22808,18167,20854,22982,20926,30181,19555,30910,19079,28980,24309,12094,15969,9692,10118,8281,9456,4460,7928,1578,4151,195,1424,2,74,0,0,0,0,20250503
202504,4호선,창동,1967,60,17876,2512,42545,14761,97712,23631,87692,49814,55721,38418,45157,33076,44389,33095,45097,40593,42405,48077,39881,48804,44397,53026,50404,61629,51040,73614,53922,98824,31955,80695,24745,50059,21229,43451,17042,40547,7510,22959,1470,8880,4,222,0,0,0,0,20250503
202504,4호선,총신대입구(이수),78,2,6489,1135,19463,12620,53587,21347,64826,44923,41751,33112,31955,26466,29707,26009,32227,30104,34100,33195,31216,34487,33002,42361,34897,48378,40770,60232,46437,84549,27621,51949,25952,31747,21176,26877,16950,22931,7565,13534,1184,3774,10,711,0,0,0,0,20250503
202504,4호선,충무로,53,1,3446,2902,5943,26409,13097,67647,23445,197394,30527,116635,34701,72742,36671,59110,37428,53335,45333,51855,52952,44965,59370,40920,77649,43418,118405,49035,169889,54386,78280,34262,64456,24731,61044,25174,45751,23496,25447,15871,5124,5243,10,261,0,1,0,0,20250503
202504,4호선,한성대입구(삼선교),65,2,6902,1640,14369,10038,34132,20852,40848,36916,29514,31585,22006,24527,21847,24350,24690,24618,26875,25342,25545,26546,30024,25516,37918,29463,41429,37501,37629,42626,25732,33316,22594,21954,19693,20591,14618,18758,7191,11864,1174,5759,3,1698,2,1,0,0,20250503
202504,4호선,혜화,18,1,3544,2124,8603,24850,20054,58054,25326,128865,28433,96784,35559,73142,40610,70739,44150,76099,47168,93706,62040,81067,84819,63091,100467,61769,120910,75081,126735,86331,75442,61827,78871,25114,102279,22364,96478,19961,32474,12118,4638,3724,1,451,0,0,0,0,20250503
202504,4호선,회현(남대문시장),30,0,1742,772,3993,24514,5866,61993,10703,162443,15410,108967,22249,91616,34341,88159,45276,69748,58803,62840,73104,56440,83766,46049,96005,35522,119655,28392,135343,24811,66690,15217,58070,8743,25203,8244,13841,6762,5107,4446,725,1419,3,83,0,0,0,0,20250503
202504,5호선,강동,143,1,11978,1477,23377,11515,61367,30295,76103,57779,40294,32760,28796,20410,26119,19436,29213,20827,26756,26380,26536,24303,27289,27200,33068,30814,43661,38876,48669,60623,24010,44104,16732,30651,13646,28065,9853,25809,4235,15558,876,7009,0,3,0,0,0,0,20250503
202504,5호선,강일,1,0,3327,672,11001,3221,32580,7062,28273,9546,16976,4167,12763,3858,9789,4224,9426,6608,9234,6051,7007,7568,8299,9904,8835,11190,9324,15918,9265,20791,4485,20465,3094,12365,2179,11185,1791,10126,703,6443,193,2261,0,0,0,0,0,0,20250503
202504,5호선,개롱,17,0,4043,784,10855,2687,26451,8529,26209,17637,15556,9474,12169,6656,10558,6998,11790,7458,10272,9076,9024,10362,9842,11349,13914,15587,12944,18549,13715,24102,6849,22006,4943,12759,4649,10366,2835,11531,964,6183,96,2151,0,0,0,0,0,0,20250503
202504,5호선,개화산,2,0,4878,228,10373,3746,25342,6397,25547,14575,13250,7025,9249,6062,9259,6040,9233,6994,8724,7109,7978,7327,7773,8979,9172,10758,12587,13651,12134,20078,5404,16937,3953,10605,3318,10052,2339,8957,865,5153,106,1748,0,56,0,0,0,0,20250503
202504,5호선,거여,1,0,6915,584,18818,3641,50798,9971,46714,20684,26244,10254,17510,7669,15149,8822,15727,8677,14350,12496,12287,12002,12692,16474,15867,21995,16769,25959,16289,42472,8148,35568,5913,19224,5509,16294,3599,17676,1407,9293,202,3227,0,0,0,0,0,0,20250503
202504,5호선,고덕,8,0,4534,1720,12056,8057,32142,22695,28593,25296,19456,17920,17394,15742,18212,12399,18405,13869,16355,19384,17257,15939,21526,18901,25450,20140,27012,20701,22016,31233,12788,25845,10075,13664,10043,13287,10432,12106,2383,6256,492,2689,1,182,0,0,0,0,20250503
202504,5호선,공덕,14,0,1955,1048,6205,9589,22933,39220,36082,83443,18961,44217,16217,19417,17397,18611,19301,17149,22314,18658,19502,16542,22459,17977,28463,21489,47084,33575,69564,50852,28065,24299,22715,15629,22904,14267,17262,12785,7343,6310,1012,1842,1,1,0,0,0,0,20250503
202504,5호선,광나루(장신대),6,0,4733,1979,13847,10383,33026,16726,37458,36641,22605,21446,17849,18795,16863,15579,19816,16436,19210,15988,19249,15739,22663,17529,27417,21773,26538,26142,30399,34993,15125,25209,12542,15892,14380,15132,8643,14617,2851,8255,447,2355,0,0,0,0,0,0,20250503
202504,5호선,광화문(세종문화회관),10,0,1294,1010,3812,38752,10328,103269,14854,293509,13305,139337,18132,68405,25636,61470,32046,51760,44093,55994,50977,44836,64205,35325,85534,34285,136535,39564,226250,44637,82167,22301,69730,10919,69926,8182,40798,5517,14202,3017,1525,844,0,5,0,0,0,0,20250503
202504,5호선,군자(능동),56,0,7901,898,11799,6120,36377,10537,51031,28832,24643,20287,15324,15126,14820,13644,16104,15129,16361,16922,15331,17117,16133,19003,18982,24670,24925,35986,28668,58689,17910,37031,15159,23536,15282,21124,12081,20222,6650,12017,1381,6166,0,1091,0,0,0,0,20250503
202504,5호선,굽은다리(강동구민회관앞),3,0,7985,715,14709,3059,38922,7369,41554,16123,23311,11538,17570,9992,16193,11168,17163,12698,16572,14658,14324,14416,14233,15896,15848,21407,16151,23572,16335,38505,9690,28087,7813,17921,7369,14328,4671,15507,1661,7875,344,3059,1,2,0,0,0,0,20250503
202504,5호선,길동,2,0,5533,901,10952,4522,27419,8375,32586,22610,18470,15603,15811,11302,15316,12142,16664,13034,16509,12982,13996,14955,14271,16200,16125,19914,17720,23212,19228,30805,10415,24343,7560,14981,7393,12312,5117,10773,2111,6211,428,3005,0,0,0,0,0,0,20250503
202504,5호선,김포공항,5,1,1011,3477,5289,9895,21418,20179,26551,25900,12835,13994,12014,14300,16875,16277,20045,16046,23118,15964,25196,14895,28292,14481,25445,14927,30296,16213,36997,15402,24398,8824,19296,4562,17805,2986,16186,2114,7533,1088,394,552,3,9,0,0,0,0,20250503
202504,5호선,까치산,322,3,25487,1503,49051,8160,129377,12016,157699,22863,82994,19063,49559,18191,43031,20591,44214,25514,39589,28785,32903,34816,30519,46721,32022,58532,32238,77171,31447,129361,20941,96312,16253,64020,13754,60067,10593,50555,5254,30855,905,9755,0,458,0,0,0,0,20250503
202504,5호선,답십리,18,4,8892,1400,21381,10990,62906,15951,83151,39284,39316,19731,24321,14118,20475,14036,21913,16049,21435,18618,19257,17932,20855,21990,27168,26188,31737,36486,36631,62084,17778,39545,12137,26474,10185,24234,6870,21667,3310,12477,535,4360,0,4,0,0,0,0,20250503
202504,5호선,동대문역사문화공원(DDP),0,0,168,305,838,3403,1530,11185,2923,32406,3220,12153,3673,4127,3191,3440,3093,3754,3441,4060,4204,3481,4432,3376,6301,3553,14147,3908,22589,4237,8144,2637,4430,2486,3937,2757,2583,2468,1164,1705,244,484,0,5,0,0,0,0,20250503
202504,5호선,둔촌동,3,1,6563,492,18145,6831,48753,13714,50640,25896,28666,15106,19942,13028,18563,13462,18800,15349,18119,17864,17548,17617,18462,22558,20337,26108,25124,35359,25289,51413,14749,37525,11798,18690,9743,19989,8023,16228,3287,8621,407,3058,0,0,0,0,0,0,20250503
202504,5호선,마곡,2,0,2899,2963,9579,12068,27427,24771,27478,66885,15231,37540,12591,17514,13665,14781,14571,15864,15771,17279,17100,15974,21335,16358,29631,19263,41009,22923,54012,32566,24744,23490,18454,13186,15467,11053,10653,10510,4328,5469,610,2280,0,1,0,0,0,0,20250503
202504,5호선,마장,2,0,2457,544,6933,4048,17809,7452,21501,17074,12453,11712,9329,8696,9021,7691,10989,8670,10074,8344,9678,7388,10473,8156,12610,9357,12668,13163,12374,19355,7965,12345,6296,8244,5606,7548,4235,7541,1327,4284,266,1527,1,12,0,0,0,0,20250503
202504,5호선,마천,45,0,7225,316,16005,2651,47444,4408,35132,11906,18739,7072,12202,6220,10351,5700,11077,6961,9406,8507,8120,7755,7613,12665,8904,14543,8317,17681,10327,26255,4684,22740,3668,12156,2690,11880,1692,11901,664,6782,103,2640,0,0,0,0,0,0,20250503
202504,5호선,마포,9,0,2599,1558,9625,12994,31525,22859,40971,75944,22700,37228,18777,18732,18353,18825,19366,16810,20025,17607,19647,16143,21634,18183,27316,23044,40127,33551,60593,48863,22966,27950,20170,18363,21470,16375,15030,14417,6339,8113,979,2327,0,0,0,0,0,0,20250503
202504,5호선,명일,4,1,5815,1616,14154,3682,35214,8118,33771,14991,19635,9746,15964,9809,13862,9727,14484,9085,12828,12299,11991,11745,11963,15479,14839,19926,12731,19598,12859,35411,8167,26752,6928,14626,7069,12200,4231,12492,1943,6932,434,2600,1,18,0,0,0,0,20250503
202504,5호선,목동,42,0,8951,1510,23251,6338,66401,17371,77393,29181,39204,21666,28121,16342,25340,15039,25288,18634,24021,22934,21185,23063,22580,28384,24659,36053,27961,50777,29768,88224,16629,55567,13956,32940,14274,31090,14749,28398,4768,15329,669,5128,1,1,0,0,0,0,20250503
202504,5호선,미사,15,0,8626,924,25136,9091,78352,16588,72871,28966,36439,25858,26749,19836,24361,20291,26730,21775,26063,21835,24122,26098,27565,26497,28957,36873,32117,50432,33396,71334,20210,67804,17978,37895,18068,29146,15609,26246,7029,16488,1976,6275,0,0,0,0,0,0,20250503
202504,5호선,발산,1,0,3790,2750,11774,15547,32005,48731,33124,136820,22588,68987,23307,36284,26908,34347,31584,33074,34030,33751,37844,31436,44798,30950,51669,33739,82126,40462,100925,55707,44898,39135,38788,22914,36561,18297,28185,15819,11687,9400,1676,3594,0,0,0,0,0,0,20250503
202504,5호선,방이,1,0,2780,942,7602,4040,21295,9762,19869,24748,13656,14004,11485,9204,9711,8569,11111,11248,11878,10982,10017,12661,11288,13978,12548,16791,16536,21776,20575,23942,11231,18944,9548,10698,12290,9161,12977,7509,2658,4912,272,1400,0,0,0,0,0,0,20250503
202504,5호선,방화,14,1,5645,8,12774,3749,30623,6251,27263,14681,16507,8344,12664,6688,12278,7091,12463,8255,11577,9243,9717,9763,10809,11600,12158,13848,11990,16828,11260,23883,5842,20758,4132,12644,3093,11295,2231,11300,957,6463,167,2585,0,267,0,0,0,0,20250503
202504,5호선,상일동,55,1,10845,1366,35793,6166,82298,13010,63710,19119,36940,10466,26264,9719,20805,9729,21140,15094,18139,17996,17009,17418,18430,23984,19154,25677,20938,39591,21369,60379,11415,51010,8453,28574,5872,26678,4355,23378,1864,13895,506,6337,3,1345,0,0,0,0,20250503
202504,5호선,서대문,11,0,3268,967,7087,19580,22033,79543,26351,189478,19663,55335,20098,26193,22900,24436,23272,22780,23370,26547,28354,21659,35893,18120,49481,19156,84911,22773,130788,29516,36783,16740,29122,11952,25797,12077,17844,9073,5739,5375,625,1587,0,52,0,0,0,0,20250503
202504,5호선,송정,13,1,4001,1099,8210,4207,20025,7617,23937,12427,15232,7527,12244,6698,10596,6990,10870,8471,9731,8394,9450,9300,9858,10021,11558,12160,12294,14381,12799,20659,7717,16256,5802,11281,4984,10548,3807,9775,2105,5883,272,2200,0,0,0,0,0,0,20250503
202504,5호선,신금호,41,1,2800,440,7599,2860,23172,10041,30260,15011,16757,8182,10631,6736,9357,6497,9852,7823,9007,8865,9096,9508,9333,11838,11809,14028,10463,18294,11301,27803,7951,17979,5687,11965,4726,10772,2970,9555,1250,5752,321,2124,0,0,0,0,0,0,20250503
202504,5호선,신길,68,1,2173,473,5163,2210,18672,5736,28389,15711,12262,7524,8661,3349,6589,3897,6786,4265,5798,4969,5189,5155,5853,6114,6539,8207,9259,12821,14783,23516,5813,14062,4167,11581,4299,11770,2915,10678,1704,6465,259,1966,0,0,0,0,0,0,20250503
202504,5호선,신정(은행정),120,1,13227,857,25467,3534,68569,8998,80460,13877,39165,8915,22745,7373,18074,8129,18846,9812,17380,11764,13739,13796,13324,18234,15049,23400,16634,32551,16258,50684,9212,36945,6692,25088,5563,23254,4215,21658,1656,12770,260,4046,0,0,0,0,0,0,20250503
202504,5호선,아차산(어린이대공원후문),20,0,9636,1462,19148,6423,46255,15943,60758,36003,33946,21647,23957,20945,21809,22462,25394,21588,27143,21700,27076,23436,31469,27132,30796,32617,32169,37917,31176,56937,19105,39039,14534,25770,12546,21695,8693,19246,3635,11171,595,3161,0,0,0,0,0,0,20250503
202504,5호선,애오개,61,24,2307,1045,6952,5638,22714,8679,29828,18263,14216,11505,9851,7522,9503,7026,11002,6625,10548,8597,8922,8738,10632,9275,11666,10986,13270,16458,15470,24470,8004,15446,5681,9704,4629,8969,3014,8348,1135,4679,144,2163,0,381,0,0,0,0,20250503
202504,5호선,양평,3,0,2803,1074,8029,4135,27840,10759,32956,46846,14664,17205,9734,7299,8809,6626,9861,6884,9583,7597,8625,7666,9511,8582,11796,10461,21687,15060,36751,25987,11245,17119,7057,11963,5822,11182,3950,10211,1437,5776,206,1885,0,0,0,0,0,0,20250503
202504,5호선,여의나루,19,0,1099,1466,3173,11858,7495,51624,11325,85589,7178,36416,8405,29680,10504,31673,15617,33144,18666,39101,24585,40935,31895,42777,42485,42496,73187,46822,87101,53690,52864,29428,54778,16398,45183,10193,31559,6974,12315,3194,1389,1174,0,0,0,0,0,0,20250503
202504,5호선,여의도,9,1,2887,3146,4905,28434,12171,168501,15624,236443,14192,90618,16295,40126,23222,39754,23637,37107,30879,40642,35681,32509,44982,30806,60007,31311,156634,36538,183150,44978,75948,21397,64898,11546,51357,10287,28615,8397,9534,4475,1244,2405,0,1,0,0,0,0,20250503
202504,5호선,영등포구청,2,1,1252,764,3210,2920,10419,7612,16285,28718,6625,11988,5147,5710,5613,5134,6138,5551,6658,5760,6393,5403,6976,5675,8447,6671,12905,9417,25402,17089,8389,8865,6105,5659,5585,5363,4134,4740,1881,2822,312,791,0,0,0,0,0,0,20250503
202504,5호선,영등포시장,19,0,3082,1021,7816,5389,29367,16646,41182,50171,18627,28761,13002,17983,14027,17656,16833,21727,17031,23673,18283,18449,21670,17010,27568,17859,36023,23236,48419,39155,20336,22953,14471,15051,12244,14493,9037,13144,3718,7939,535,2079,0,0,0,0,0,0,20250503
202504,5호선,오금,22,0,1207,606,3775,2810,8727,11555,8633,22477,6592,7597,5316,4020,5245,3666,5920,4009,5760,4106,5235,4669,6916,4740,8434,6044,11213,7517,15642,8861,5035,6805,3697,4173,2985,3845,2354,4161,724,2688,132,952,0,0,0,0,0,0,20250503
202504,5호선,오목교(목동운동장앞),8,0,5432,1908,17853,9325,56212,29466,61975,64253,34942,48933,26673,30936,27816,30822,31069,31455,30055,35122,30866,32894,34779,36801,40358,43591,50162,57455,61876,78891,34533,50147,35753,29595,27713,25848,25039,22296,7533,12099,1122,3812,1,0,0,1,0,0,20250503
202504,5호선,올림픽공원(한국체대),17,0,1634,897,6150,3744,13658,7520,14859,13568,10715,7847,8697,7495,8603,6736,9251,8127,8993,9616,7942,10603,11113,11614,12546,11795,12583,11716,12285,12225,9490,9270,9040,5923,7500,5851,5060,4518,1184,3241,110,956,0,0,0,0,0,0,20250503
202504,5호선,왕십리(성동구청),10,0,1781,652,2459,3553,6456,6767,9250,17609,5312,9808,4600,7006,5292,7157,6044,7454,6705,8059,7212,7794,8007,8300,10754,9173,11321,11722,14998,16971,9305,9251,8404,5513,8639,4856,6818,4222,3370,2504,703,1748,0,293,0,0,0,0,20250503
202504,5호선,우장산,6,3,7738,950,25383,4816,59971,17655,63728,25786,34408,16402,27335,14172,25477,13945,26044,17764,23449,20569,20962,22859,24048,26417,27318,32000,25869,39740,21363,59710,13679,44911,9995,28029,8991,24949,7602,24708,2042,14149,293,3760,0,0,0,0,0,0,20250503
202504,5호선,을지로4가,2,0,379,593,1238,6710,3135,19839,4502,46146,4389,21247,5493,13043,7150,12367,8242,10878,9673,10521,11170,9108,12825,8509,15996,8301,29472,8479,40320,9479,15997,5194,11202,3554,10233,3238,7019,2340,3186,1395,513,580,0,1,0,0,0,0,20250503
202504,5호선,장한평,23,0,8480,1200,22434,13520,63177,25513,84420,72800,44079,31480,27255,22980,24167,20031,25825,20181,24989,22159,23914,22045,25318,25110,32583,31105,45162,45815,64803,73800,29040,50002,17011,31143,14030,28844,10319,26512,4597,15904,792,5106,0,155,0,0,0,0,20250503
202504,5호선,종로3가,62,5,1452,435,2350,9856,3638,17654,6105,50071,8678,41117,11262,35901,14539,37748,20575,36267,23785,35847,29359,33380,35861,32912,45041,33897,55271,40448,67535,50052,42119,30272,42083,17418,48688,12743,41441,9652,24361,6269,3681,2218,1,18,0,0,0,0,20250503
202504,5호선,천호(풍납토성),75,0,7610,1998,14098,14022,38247,20605,46257,42693,28056,39349,24693,29642,28078,30317,32664,32620,33719,36561,34925,33696,40009,36859,46620,39337,52832,48130,55071,63896,38681,43767,33561,26389,24312,23130,18859,19896,8994,11448,1853,4569,1,0,0,0,0,0,20250503
202504,5호선,청구,7,1,1595,240,2656,2062,7203,4083,10209,15547,6409,8960,5197,4227,5214,3700,5523,4519,5073,4672,4946,5024,5249,5303,7465,6197,9057,7722,14501,10988,7798,7105,5216,5017,4198,4525,3396,4156,1841,2473,328,774,0,0,0,0,0,0,20250503
202504,5호선,충정로(경기대입구),4,1,857,248,2738,3152,6832,18143,9466,40761,5693,14104,4334,4629,5201,4987,5323,4283,5865,5148,6283,5500,6821,4354,8551,5041,20967,6870,32739,10009,9281,6281,6400,4556,5689,4497,3271,4125,1237,2559,187,753,0,94,0,0,0,0,20250503
202504,5호선,하남검단산,26,1,4957,15,11195,3148,27483,5244,21930,13118,14033,9979,10978,9633,9724,8732,10357,10811,10378,10017,10464,9498,12057,13092,12904,12100,13161,15259,11773,19411,7576,17574,6801,10933,5194,10220,4236,8959,1472,5821,116,2710,0,0,0,0,0,0,20250503
202504,5호선,하남시청(덕풍?신장),55,0,6355,158,15542,3808,34978,6899,31354,19048,19964,9187,15757,10483,14862,9762,15534,9443,14144,13383,13051,11872,13686,17467,16646,19153,15740,19268,16059,28416,8853,25716,6900,14302,5597,13977,3478,12731,1539,7552,378,3799,0,0,0,0,0,0,20250503
202504,5호선,하남풍산,2,0,2213,475,6269,2551,11939,8077,13219,19053,8230,11036,7312,7412,6847,6380,7787,5747,8041,7028,7618,6532,9311,6715,10243,8844,13357,7930,14583,12746,5761,11002,4362,6364,3847,5520,2446,5524,783,3337,192,1328,0,0,0,0,0,0,20250503
202504,5호선,행당,35,1,4041,660,12026,2705,34781,5399,45895,10140,23138,7065,15165,5585,12714,6585,12451,8028,11774,9254,9604,10589,10397,13021,10433,15875,10169,20820,10445,32855,6804,21242,5209,14407,4262,13557,3653,11623,1307,6796,258,2154,0,0,0,0,0,0,20250503
202504,5호선,화곡,575,2,24330,1644,46234,9717,124669,16843,153607,37398,77220,26484,48163,19610,42668,20944,44122,24386,39638,27902,34178,32883,33050,41483,36606,54781,40340,71795,42517,129630,25556,91570,18109,58206,14892,54912,11081,47575,4602,28805,695,8650,0,0,0,0,0,0,20250503
202504,6호선,고려대(종암),13,2,3756,871,8011,5191,22665,14154,29440,31555,15999,16440,11601,17813,12620,12189,13656,10637,15622,14123,15583,11949,15232,11033,23754,13974,26710,17066,23795,28357,12648,20679,10752,12953,14218,13284,9262,12333,4606,8630,790,2918,0,52,0,0,0,0,20250503
202504,6호선,공덕,184,0,5002,2433,9349,13025,24123,46601,35583,103807,26030,53211,21958,25398,23782,22590,24469,22474,26804,23417,26193,22583,31543,22679,38084,28542,63431,34837,89657,47247,40072,28818,31921,19215,29136,18039,21410,15740,9843,10759,1377,4685,1,225,0,0,0,0,20250503
202504,6호선,광흥창(서강),4,0,3264,1477,8972,6742,23852,17296,30753,36815,19553,20892,14777,13246,15142,11114,15698,12451,14232,12589,14096,12522,15404,13882,17765,14868,23913,19093,32951,26869,15094,19484,10571,12738,9770,11275,6252,10940,2596,6214,498,2065,0,1,0,0,0,0,20250503
202504,6호선,구산,16,0,6676,293,13891,2360,35117,7948,42086,8378,22599,5651,15027,5415,13240,7221,13745,7738,12425,8391,10765,9357,12299,12404,13538,15828,12370,17509,10143,24991,6536,21509,5076,11550,4217,10697,3961,9115,1322,5675,262,1859,0,0,0,0,0,0,20250503
202504,6호선,녹사평(용산구청),47,0,1083,436,2177,3902,5306,9892,8191,19039,7006,9769,5090,7745,5481,7736,6106,9290,7018,10223,7471,9527,9335,10717,12298,10655,15989,13281,20282,15702,13013,10684,11811,6877,13534,5583,10492,4877,4940,2755,768,985,0,0,0,0,0,0,20250503
202504,6호선,대흥(서강대앞),3,0,2827,1144,5971,5594,17341,21079,23861,39076,15428,22697,11608,22888,12173,15816,13740,15378,18756,19633,16019,14265,17422,15111,23716,17316,28631,21127,31025,29468,15647,17963,14115,11085,14376,9722,13341,9174,4875,6365,790,2040,0,1,0,0,0,0,20250503
202504,6호선,독바위,14,0,2537,260,5086,911,15425,2377,13859,3419,7333,2787,4967,2867,4373,2477,4468,3348,4007,3331,3487,3796,3502,4812,3740,5874,3457,7733,3060,12116,1957,10449,1281,6578,898,5509,606,5275,340,3510,52,1302,0,0,0,0,0,0,20250503
202504,6호선,돌곶이,33,0,7908,1187,17579,3913,46821,7595,50009,20921,24693,13260,16881,10363,14507,9800,15893,12923,14734,13796,13419,12976,14517,16594,15695,19691,17933,25652,17723,40229,12064,31456,8042,18274,7433,15929,5845,15898,2784,9367,552,3575,0,0,0,0,0,0,20250503
202504,6호선,동묘앞,135,2,4894,1044,5439,4368,11501,8940,18819,23953,14520,19950,13733,16536,16008,17720,18615,17105,19151,19539,19985,19237,22410,17722,23696,18028,25377,18861,23909,21920,14522,15978,10994,11797,8691,11786,6394,11501,3325,8232,590,2673,0,66,0,0,0,0,20250503
202504,6호선,디지털미디어시티,134,33,6967,2568,19456,12836,57596,32082,60475,68293,32962,32063,20581,13110,16866,11901,16855,13669,16070,14832,14669,15656,16435,18375,21768,25958,36949,34842,48468,54048,21792,38803,11203,24273,9516,22587,7110,20963,3432,11835,823,5105,0,7,0,0,0,0,20250503
202504,6호선,마포구청,14,7,6436,1753,16557,7869,47238,16590,60989,38159,38555,20161,25033,14715,23368,13809,22532,16882,22140,18693,19552,17247,20358,21541,22927,24059,27644,30629,37497,47411,19465,35005,14207,23298,12951,21552,9494,20300,4480,12839,707,3708,0,0,0,0,0,0,20250503
202504,6호선,망원,4,1,6118,797,11454,5643,29069,11167,40222,36088,27469,34172,20654,28834,21801,31770,27194,32864,28535,38640,28415,34403,29577,38369,32312,39720,38955,44318,44767,54657,33399,38916,29002,20924,25803,18879,19966,15450,9143,10757,1546,2843,0,0,0,0,0,0,20250503
202504,6호선,버티고개,2,0,1084,368,2064,1461,5797,2827,8541,6736,5548,5180,3620,4510,3979,2998,4373,3322,3478,3551,3211,3718,3660,4053,3966,4486,5096,5392,7439,7646,3587,5535,2383,3691,1731,3693,1399,3218,569,2056,95,605,0,36,0,0,0,0,20250503
202504,6호선,보문,20,0,4476,783,8842,4954,26373,11302,37734,22164,20321,11825,12461,8437,12091,9185,12450,9702,12931,10380,11760,9337,12797,11528,14881,13316,16965,18997,19211,27858,9758,21691,8122,13720,7741,13620,6395,13383,3303,8951,738,3260,0,0,0,0,0,0,20250503
202504,6호선,봉화산(서울의료원),4,0,6436,943,18292,2840,48733,6361,42449,12521,21027,7660,15003,6863,13169,6545,13163,8730,11791,10409,10140,10610,9980,14054,11550,16423,12842,22826,10782,31579,5731,29342,4113,17807,3446,14641,2844,14760,1229,8044,161,3051,0,241,0,0,0,0,20250503
202504,6호선,불광,3,0,1764,428,4634,3130,13022,4042,15164,8416,8473,7284,7215,6066,7652,6183,8506,6422,9253,7546,9399,7160,10565,8513,11300,9271,10841,11857,10357,16267,6504,11873,5281,7361,4103,6289,2132,5855,900,3550,181,1230,0,0,0,0,0,0,20250503
202504,6호선,삼각지(전쟁기념관),3,1,1447,752,3292,6295,9833,15906,15132,30775,11150,14250,8240,11148,9902,10591,11601,11202,13339,11994,13303,10533,16544,11130,19644,11861,27205,14496,32987,18082,15312,11130,12348,7879,12271,7373,9468,7790,5305,5175,923,1592,3,7,0,0,0,0,20250503
202504,6호선,상수,24,0,5063,1352,7109,4182,11388,7080,14606,26802,10862,38467,8992,22116,9612,19035,12986,21012,15085,23962,15332,18984,18039,18280,24175,21143,28152,25995,31480,36584,22626,24341,21614,15854,24748,13122,24780,12829,16228,10137,3429,3748,0,0,0,0,0,0,20250503
202504,6호선,상월곡(한국과학기술연구원),48,0,5816,511,10038,2109,26110,4142,30652,16638,16507,11161,11372,11487,10811,9584,10641,7498,10538,9555,10639,8376,9555,9714,12251,11455,12254,14707,10860,20712,7139,17397,4189,10676,5033,10202,2830,9803,1409,6548,226,2294,0,0,0,0,0,0,20250503
202504,6호선,새절(신사),76,1,11674,641,22788,5194,59607,9199,66355,16980,34169,14936,22165,10395,19212,12214,20341,13727,18109,16985,16386,16320,17875,21922,21792,24960,19058,34128,16520,52409,10412,41387,7517,25448,6363,22216,4918,19886,2023,12835,325,4403,0,4,0,0,0,0,20250503
202504,6호선,석계,1343,3,9335,1788,21364,6033,52977,10042,58061,18067,31043,13162,22096,11774,18896,14255,20528,15101,18588,16663,16659,17244,16728,20995,18313,27431,20004,33427,16885,54388,12417,43281,8869,25948,8435,22788,7161,21096,4162,13281,877,4682,1,7,0,0,0,0,20250503
202504,6호선,신내,0,0,0,0,1,0,1,0,1,0,1,0,1,0,1,0,2,0,0,0,1,0,2,0,1,0,1,0,4,0,2,0,1,0,2,0,1,0,0,0,0,0,0,0,0,0,0,0,20250503
202504,6호선,신당,116,1,5704,1206,5052,8404,8101,17169,13521,38139,10413,22763,8948,13445,11248,10832,11626,10263,11953,10127,13035,9667,14786,9395,18688,11842,20195,13177,27059,19303,17797,20488,16069,11592,14673,8863,12757,9714,7335,7773,1735,2561,0,16,0,0,0,0,20250503
202504,6호선,안암(고대병원앞),12,0,1947,1493,3683,6903,10164,21128,13880,62295,12575,41587,14581,49883,18461,30446,20179,22963,22743,29310,28395,23449,29379,16137,47473,16714,57407,19128,42220,27932,25485,18637,22785,12496,24596,13028,22864,13474,14799,9241,2765,3927,0,142,0,0,0,0,20250503
202504,6호선,약수,3,1,1499,261,2126,2525,5456,6880,8514,16962,6614,9125,5123,5501,5013,5296,5759,5183,5789,5656,5965,5385,6540,5901,7575,6331,9858,8120,14228,10450,7710,6423,6087,4086,6290,3329,4778,2915,2403,1804,497,631,0,1,0,0,0,0,20250503
202504,6호선,역촌,2,0,2364,291,6204,3208,17337,3435,18260,8504,9724,4644,6465,3747,6591,4854,6449,5236,6355,5309,5386,5730,4887,6945,5030,8743,5785,11976,4868,18943,3135,14621,2285,8387,2031,8569,1285,7532,628,4936,104,1594,0,0,1,1,0,0,20250503
202504,6호선,연신내,0,0,0,0,0,0,1,0,5,0,8,0,7,0,4,0,6,0,6,0,6,0,4,0,3,0,4,0,1,0,4,0,4,0,3,0,1,0,3,0,3,0,0,0,0,0,0,0,20250503
202504,6호선,월곡(동덕여대),14,2,7191,1015,15670,3921,45269,8625,52822,31826,26703,19937,18473,18077,17673,16087,18836,14149,19406,16106,20136,16226,18597,18672,24067,24423,25445,28973,28458,46062,14714,34401,11199,19949,9507,19341,6138,17128,2905,10992,547,3729,0,0,0,0,0,0,20250503
202504,6호선,월드컵경기장(성산),31,0,879,1208,3122,3790,8557,6506,9835,10402,6074,9559,8743,9796,9573,10138,8621,11523,9335,12340,10901,13819,12932,15023,15241,14376,14270,16844,17473,20993,8441,9501,5749,5563,13727,4243,12506,3324,1863,1685,214,507,0,0,0,0,0,0,20250503
202504,6호선,응암,34,1,12407,1415,29404,6295,80354,10740,95043,20294,50845,19355,31256,17228,28170,16654,29479,19743,27482,21172,23674,24268,23832,31142,28365,38566,25633,52587,23553,82176,15428,63516,12900,39991,10099,34006,7115,29783,3057,20135,475,6064,0,7,0,0,0,0,20250503
202504,6호선,이태원,137,0,9970,2342,9021,15215,9285,13477,11240,33748,10820,30259,10257,21218,11789,17913,13743,18818,14601,19934,16915,18342,21745,19764,32841,23313,33217,27463,39304,33066,29413,29949,25474,23504,26015,21389,23548,20217,16140,16671,3089,6762,0,0,0,0,0,0,20250503
202504,6호선,증산(명지대앞),28,1,7576,709,15466,4144,40254,5178,48886,12456,26952,10037,17853,8509,15191,10001,15701,10113,14723,12508,12875,13382,12911,16234,13882,20496,13591,27032,13821,44009,8405,32630,6124,20186,5036,19968,3789,16761,1667,9601,346,3171,0,0,0,0,0,0,20250503
202504,6호선,창신,2,0,2711,290,5914,2103,16942,6936,18770,6736,10385,4542,6063,3559,5404,3553,5248,4064,4796,4510,4543,4514,5006,4783,6908,5967,5886,8125,5623,11032,4037,8568,3593,5564,2189,5490,1501,5268,711,3332,149,1039,0,0,0,0,0,0,20250503
202504,6호선,청구,15,0,1499,575,3132,3504,8125,7809,10660,24895,6712,11848,5183,5083,4790,4211,5126,4179,5251,4866,5165,4538,5654,5288,7292,5720,8219,6745,14882,8326,9582,5618,5507,3914,4842,3685,3956,3369,2038,2269,356,897,0,0,0,0,0,0,20250503
202504,6호선,태릉입구,12,0,4873,1229,8027,3391,20596,4124,24751,11597,13203,8517,9996,6198,9441,9613,9519,7552,9655,8570,9155,9781,9170,10620,9994,13207,10166,16632,10655,26334,7327,19677,5321,12197,4920,12248,3862,10378,2136,8369,489,3949,0,0,0,0,0,0,20250503
202504,6호선,한강진,15,0,633,973,1668,10265,4222,25194,6636,46896,6199,30244,4269,23912,5772,21997,8332,22194,11185,28968,14155,22036,21208,24453,31627,25236,43357,25368,47370,29392,30957,13355,25920,5551,24528,4492,27569,3673,3777,2586,456,1770,0,206,0,0,0,0,20250503
202504,6호선,합정,36,0,3480,1333,6222,6566,13990,18420,22244,44215,16130,32639,13590,20335,14839,20189,17988,20350,19608,23146,20672,20774,23640,23214,27237,27400,34941,32445,50061,46486,33887,30376,29840,16820,32811,14390,28844,12699,15483,9253,3004,3062,0,0,0,0,0,0,20250503
202504,6호선,화랑대(서울여대입구),20,0,7145,1364,23644,4502,60361,9972,55434,23182,28912,16031,19076,11202,17582,12212,18249,9672,18755,11152,16219,11425,18548,13836,23118,17103,22491,25045,17230,38514,8902,32289,6260,19742,5166,18005,4094,16398,1477,10431,185,4093,0,27,0,0,0,0,20250503
202504,6호선,효창공원앞,2,0,2454,708,6644,4496,19415,8816,30573,29717,17552,15916,11594,12484,10545,10369,11944,9690,12657,10753,10820,10202,12355,10605,16263,12761,18930,15190,25842,22477,11309,15262,7593,10342,6829,9011,5257,8583,2418,5498,558,2140,0,0,0,0,0,0,20250503
202504,7호선,가산디지털단지,704,6,7048,5741,11282,31663,25853,156267,30617,411538,22111,230194,20734,59999,25409,37260,33629,35625,37178,35639,43087,30953,56267,28658,84077,28403,233964,31788,323903,39680,127278,27275,72226,17454,53092,14583,29801,12832,12695,8725,1832,3398,0,0,0,0,0,0,20250503
202504,7호선,강남구청,20,0,1958,1843,4439,16839,8514,39713,10777,111534,10595,102224,10424,43579,12453,25296,15432,22413,17923,23136,22812,20099,27771,18314,33827,18727,54739,20935,91396,22050,57024,13943,34957,9568,32172,7438,21894,5754,9221,3891,1688,1985,0,0,0,0,0,0,20250503
202504,7호선,건대입구,73,3,4485,1178,5626,9110,15323,22382,21666,47275,17179,34077,15957,29636,17690,24185,19478,25413,22453,27327,26383,24685,30760,22971,35940,24619,45141,31565,38510,42534,27438,27654,29222,16925,25686,14613,21655,11713,11661,6838,2069,3503,1,240,0,0,0,0,20250503
202504,7호선,고속터미널,19,1,1424,3148,3578,24028,13185,43928,20617,54535,26449,39577,24793,32242,28114,28192,29119,25386,29387,28656,30643,26129,41220,21788,46041,22499,61740,25218,52495,27673,37062,16853,38470,10115,33493,10122,25284,5567,7787,3309,731,938,0,13,0,0,0,0,20250503
202504,7호선,공릉(서울과학기술대),23,0,6253,1076,15707,4389,40233,13626,44720,27849,24724,22914,19275,16602,19219,13969,20472,16585,20581,18328,19114,17367,22643,20350,26345,23745,26288,29545,26293,44340,15675,36318,13327,20968,12421,18625,9811,18493,5601,11303,972,4281,0,0,0,0,0,0,20250503
202504,7호선,광명사거리,192,2,20277,6690,34200,13140,89802,17303,91826,27410,50028,24058,33827,24472,31063,28874,33660,32436,33394,33400,30949,33624,32804,40274,38713,45849,38252,58506,35030,88351,22874,63700,16200,36814,12892,31116,9393,26718,3883,15766,830,4909,0,2,0,0,0,0,20250503
202504,7호선,군자(능동),39,2,8988,892,15479,6268,39233,9931,61113,28130,39109,19901,23332,12891,20113,12219,21992,13162,21100,15764,19361,16467,19922,19579,23353,22909,29691,29954,35055,46344,22405,34077,18578,21877,17352,19441,13742,17451,7253,9935,1507,3765,0,62,0,0,0,0,20250503
202504,7호선,남구로,145,1,19454,1408,17060,7626,33259,35738,36923,98291,24910,46235,16946,19393,16132,16355,17267,15705,16387,16509,15467,15774,17793,19132,21454,24105,47599,33585,75618,33803,31022,23706,16487,16277,11539,18305,7178,14853,3325,8073,538,2236,0,0,0,0,0,0,20250503
202504,7호선,남성,49,2,6470,1013,15918,3692,42447,7150,57150,18652,35994,12937,21647,12231,17437,12656,18111,12891,17794,14470,15694,14910,15362,19155,16101,22767,15747,29951,16407,45925,9630,32850,8796,22207,7935,18966,5148,17098,2375,10305,418,3426,0,3,0,0,0,0,20250503
202504,7호선,내방,6,0,2636,2091,9262,16576,20985,29085,30918,81485,23118,48079,17467,22464,17193,17256,18310,17577,20319,19788,21373,17783,22974,18688,30422,20316,47963,27559,70889,34770,27969,22072,20101,14182,19541,12402,13230,10548,4428,6447,858,3012,0,233,0,0,0,0,20250503
202504,7호선,노원,40,0,8151,2487,16347,8329,42027,18480,45803,50283,30771,45319,29076,32282,32725,32250,35677,33720,35517,37942,36831,37047,40872,39588,43895,43973,43649,50046,46870,66352,31302,51992,28012,26829,23645,22257,21308,18803,8889,12203,1790,4346,1,1,0,0,0,0,20250503
202504,7호선,논현,36,0,2929,1579,4796,18285,9439,45551,15591,111048,13144,95301,12319,38803,14608,24656,16807,22974,18542,25207,23380,22741,28098,21545,35214,24232,66523,29050,105099,35891,57759,20545,38019,12071,37894,10318,34286,7968,16528,5341,3168,2658,0,0,0,0,0,0,20250503
202504,7호선,대림(구로구청),48,3,13492,901,9970,4268,17828,7807,23800,19798,17903,14671,13658,18341,14187,18401,15296,15926,16893,15579,17677,15392,17340,16871,18496,20075,19562,24932,19875,24608,12918,16353,9895,12152,8576,14050,6957,10995,3429,5484,474,1653,0,1,0,0,0,0,20250503
202504,7호선,도봉산,90,0,6104,1079,20163,4942,54287,9240,41283,17090,21845,17089,13750,15474,12752,13347,13021,13097,12145,13447,11714,13357,13253,15685,16189,19178,13775,24039,11891,38913,5960,38226,3949,23755,3048,18747,2285,17390,896,11053,159,4504,1,262,0,0,0,0,20250503
202504,7호선,마들,13,1,11894,1232,29569,3400,71358,9031,68117,12783,35213,11016,24338,10071,21985,11901,23288,14589,19677,15768,16875,17422,17161,21810,16484,27759,14817,33771,13746,52861,8670,50252,5870,28673,4524,24057,3461,22438,1373,13582,256,4527,0,1,0,0,0,0,20250503
202504,7호선,먹골,17,0,7825,833,14010,3287,36215,6330,45169,16869,26784,11453,18527,9792,16513,10607,17065,12061,16432,13555,14370,14382,13831,17979,15320,22380,16054,26988,17934,40963,11768,32171,8446,20872,6755,17876,4735,16024,2158,10006,477,2834,1,162,0,0,0,0,20250503
202504,7호선,면목,95,0,13690,737,24961,5733,59630,9668,74050,32011,41806,19247,26990,15668,22959,14825,24373,19231,23678,19000,20445,19094,22297,25700,26731,32475,22350,37846,22916,56773,16190,47239,9950,28944,8136,25774,5959,23712,2567,13007,534,4734,0,0,0,0,0,0,20250503
202504,7호선,반포,28,0,924,1313,3349,19110,9576,13144,13347,18977,9955,16678,7363,10759,7340,10505,9073,10254,9718,10521,10310,9456,13660,9821,22265,10172,20866,10971,18760,12445,13345,7885,10301,5457,9632,4711,7468,4487,2291,2469,319,883,0,0,0,0,0,0,20250503
202504,7호선,보라매,10,2,3900,977,6932,3263,19094,10439,26488,22570,16087,10614,9730,8446,9786,8377,10858,9663,10414,9583,10375,9463,10660,10668,12193,12555,14003,17625,17656,26052,8111,18422,7462,11767,6431,10831,5451,8957,2001,5585,380,2388,0,20,0,0,0,0,20250503
202504,7호선,사가정,23,0,12762,1226,26327,7981,58760,12117,74772,28470,44338,18554,28542,16917,24022,16707,25308,19853,23402,20842,21537,21819,21705,29384,23707,35342,25242,44648,25716,69022,18602,53436,12700,31675,10781,28544,8302,24305,4202,13137,772,4637,0,0,0,0,0,0,20250503
202504,7호선,상도,8,0,5596,1751,14296,5952,38456,9180,48229,29392,30321,20091,20231,22084,18207,17949,19469,18308,20424,17424,18431,19460,19972,19215,22976,22253,27048,30514,25202,47735,14617,31244,13045,20738,13774,18594,10357,17302,6053,11303,1383,3636,0,0,0,0,0,0,20250503
202504,7호선,상봉,514,19,11228,1587,21910,8594,57548,13850,79760,29564,41664,20403,25772,16590,23053,17941,26278,19766,25046,21516,23669,22171,24342,25256,28561,32536,31420,43192,33729,71467,23822,59725,18439,33856,17759,28125,13594,27446,7387,16544,1614,7795,0,31,0,0,0,0,20250503
202504,7호선,수락산,87,0,10614,768,22750,6031,50421,8696,49547,17379,31601,15226,22144,15177,20330,15366,21334,17401,21197,15719,20355,17396,20482,20672,20531,25749,19717,31559,18843,44995,12378,41594,8285,26089,6538,20713,4117,18844,2141,11564,388,4522,0,8,0,0,0,0,20250503
202504,7호선,숭실대입구(살피재),44,2,6322,953,14528,3931,41124,9069,51867,43556,32901,25597,22119,38822,21219,26732,21582,21071,24034,26666,26431,24762,25696,22689,36998,27125,41996,34563,27108,51603,19234,36295,18184,23181,18687,21035,15181,20443,8898,13554,1758,4385,0,1,0,0,0,0,20250503
202504,7호선,신대방삼거리,70,0,10288,614,20586,5297,56874,9665,80897,20241,44891,16352,26810,14110,23619,14291,25530,15934,22273,18239,20170,19593,19718,24701,21653,29529,20253,39872,22105,64861,13019,47151,10858,29036,9488,27023,7155,23614,3438,15210,695,5789,0,0,0,0,0,0,20250503
202504,7호선,신풍,211,1,14582,1187,17785,5622,44575,12230,55212,21890,32047,14316,19488,11668,16613,12025,18236,12919,16868,14028,15494,14836,16020,18768,17855,23157,18468,31960,19705,45009,12232,31927,9085,19918,7144,18742,5080,16032,2351,8987,415,3183,0,390,0,0,0,0,20250503
202504,7호선,어린이대공원(세종대),24,0,3409,913,8330,8958,21812,18567,35965,89553,25763,54909,19142,59393,22761,44751,24980,34790,32021,44299,39154,34977,41017,27324,54421,26594,68913,29128,61217,39481,34119,26675,27442,18709,28126,16288,23391,15602,13609,10850,2614,3480,0,0,0,0,0,0,20250503
202504,7호선,온수(성공회대입구),162,1,9042,815,21137,4042,48034,12615,55089,24602,23894,16112,14492,8266,12975,9576,14115,10556,12977,11162,11952,11115,14560,13351,19347,16647,20379,23309,16463,40943,7475,29738,5727,18776,5323,15095,3385,14090,1788,8714,374,4713,4,1006,0,0,0,0,20250503
202504,7호선,용마산(용마폭포공원),7,0,4955,580,11756,2056,25053,4325,30221,10494,16729,6179,9968,5856,8690,5302,8915,6154,8476,7209,7093,7437,6693,9780,7564,11802,7428,14589,7692,22344,5143,18214,3154,11427,2866,11070,1837,9816,1011,5909,179,2223,0,0,0,0,0,0,20250503
202504,7호선,이수,32,0,4692,1673,11056,18774,31949,18212,46470,46042,31574,31962,21768,21637,21408,20666,24074,21139,25349,24265,25449,23467,27293,26489,35389,30868,39184,43776,48252,61239,28565,40543,26348,22440,30575,18196,24208,16160,12600,9689,2067,3363,0,32,0,0,0,0,20250503
202504,7호선,자양(뚝섬한강공원),6,0,5221,698,10428,5140,24498,10334,34022,18994,22557,10999,15516,9971,13539,11403,13100,14704,13189,18157,12955,20256,15652,24125,19536,27435,22802,34551,25476,48088,23918,33716,24023,20937,26840,16339,17970,12998,8380,6359,1498,2151,0,1,0,0,0,0,20250503
202504,7호선,장승배기,13,0,5735,2329,12163,10237,29710,8941,40762,18946,25062,12485,16520,9615,14458,10198,15324,11282,14271,12503,13349,12831,13519,15001,16988,17650,18525,22042,16028,33118,8792,23523,7118,15882,6403,13765,4680,12577,1905,8047,573,2882,0,0,0,0,0,0,20250503
202504,7호선,장암,3,1,2134,146,8773,1004,19475,1506,12828,2002,5767,2471,3065,2988,2611,3899,3295,3356,3817,2373,4303,2052,4631,1939,4685,2448,4065,3153,3779,4406,2174,3376,1247,2183,832,887,526,1031,160,631,31,282,0,0,0,0,0,0,20250503
202504,7호선,중계,21,0,9865,2267,27233,5481,67627,19736,68067,33028,36931,17238,26049,12422,23958,15303,27296,15597,22141,16328,20984,16420,19488,20020,24661,24625,22572,32992,19540,51522,10680,47812,8042,28416,9611,23818,6688,21234,2692,12773,375,4066,0,0,0,0,0,0,20250503
202504,7호선,중곡,2,0,6397,700,14427,4659,33027,18075,47817,31527,30173,15925,18487,10497,16261,9515,16728,11105,15339,12521,13948,12728,14835,16650,21376,19662,23167,24225,24562,35941,12555,28400,8750,18358,7357,16189,5555,14522,2039,8105,482,2973,0,0,0,0,0,0,20250503
202504,7호선,중화,94,1,8354,1089,16603,4945,38247,10756,48202,24496,27290,12518,17893,10446,16339,10789,17065,11934,15498,12821,13939,13973,14962,17646,17655,22312,18752,25479,19923,39960,11942,33743,8252,20630,7226,18384,5201,17052,2356,10124,426,3269,0,51,0,0,0,0,20250503
202504,7호선,천왕,19,0,8920,1054,22007,6899,57707,10940,62755,20298,33255,9642,19931,7524,16759,8746,16463,12089,14643,13229,13020,14231,14277,18521,17905,23571,16931,32681,16107,48395,7551,38386,5488,22935,4325,19408,2991,17211,1193,10624,330,2961,0,157,0,0,0,0,20250503
202504,7호선,철산,24,0,10701,3520,34912,11398,91189,18323,89612,38620,51094,26904,34727,20179,32267,20638,31762,23911,28169,26969,26022,27475,28524,32664,32254,41747,34744,62805,36519,95369,20998,71227,19206,40488,17635,35434,14664,30801,6575,18442,1377,5598,0,0,0,0,0,0,20250503
202504,7호선,청담,5,0,2603,3744,7326,33969,12824,62688,17086,142753,14517,92551,13443,37228,16678,22929,19996,22208,20997,23840,25471,21143,33073,18899,46262,19600,73369,21058,108072,21834,53317,17799,31082,10798,27570,9486,21917,7371,6087,4271,905,2615,1,0,0,0,0,0,20250503
202504,7호선,태릉입구,143,0,7846,1211,8560,5510,20711,9207,25979,23003,17240,14620,13058,11039,12295,13912,14575,11150,14699,11923,14442,12538,16918,12827,19436,15379,22190,18515,23482,25581,13497,21625,9678,13873,8727,12456,6566,11768,3127,7262,588,3414,3,1290,0,0,0,0,20250503
202504,7호선,하계,58,1,9555,1948,28677,7132,74907,19252,77114,30478,43138,24838,31295,19181,30198,18430,30907,23218,28524,27964,27198,24703,32189,27994,35233,32696,33603,41441,27358,63841,15653,55358,13558,33166,12348,28718,8796,27554,3147,17123,589,5691,0,0,0,0,0,0,20250503
202504,7호선,학동,7,0,1965,1473,4687,24113,9627,60562,12696,189300,12121,135919,12385,56447,15775,29416,20556,24081,23181,28560,28457,22782,36502,19555,47181,19279,92804,21209,164851,21816,75377,13253,40619,8624,34320,7926,24551,5466,9039,3600,1563,1509,0,0,0,0,0,0,20250503
202504,8호선,가락시장,218,0,4053,2590,6934,7799,13632,17495,15630,46489,12343,18049,11393,12738,11263,12498,12166,12198,12945,13148,14081,12861,15702,13354,17074,15779,22266,19242,31488,23852,14437,16804,12296,11381,12191,9063,9455,7750,4611,4839,1092,2136,2,487,0,0,0,0,20250503
202504,8호선,강동구청,18,0,5893,810,12690,6129,33221,17985,42077,37086,26155,16262,18357,12227,15314,10838,15608,12767,15675,15012,14483,14348,15457,17936,17389,20444,22388,27419,30778,36282,11955,27387,9467,17675,7893,15864,5979,13675,2163,7774,424,2314,0,0,0,0,0,0,20250503
202504,8호선,남위례,2,0,1878,1462,8156,5600,25066,10662,29322,27506,16694,12490,11079,7489,10317,6871,10772,7767,10499,9899,10215,9635,13401,11021,15905,14812,18364,19716,20316,28060,9537,20339,7588,12673,7431,10389,5466,10719,2366,5825,772,1474,0,0,0,0,0,0,20250503
202504,8호선,남한산성입구(성남법원.검찰청),101,18,11983,1693,23569,4759,58179,11785,68622,30514,35229,28584,22862,16198,20678,11578,22935,15175,19890,17136,18608,14715,20519,19973,25014,24754,26906,31280,22836,47190,10681,36267,8031,23610,6309,23538,4576,20085,1694,11379,348,4214,0,0,0,0,0,0,20250503
202504,8호선,단대오거리,77,0,11091,1706,21054,5856,54526,12280,61613,22350,30054,12820,19411,9163,17272,9853,19022,11916,17013,13217,14736,14582,15535,20092,20064,25546,22747,31982,23458,51180,11552,37539,7994,23786,6435,20808,4365,18532,2172,10873,555,3823,0,0,0,0,0,0,20250503
202504,8호선,모란,11,0,2414,576,3729,3903,10161,5840,12807,13321,7813,7445,7903,8033,8359,8042,10994,8574,11001,8113,11622,7786,12412,8203,14913,8515,13252,8633,13241,11126,7418,6902,5351,4663,5197,4444,4184,3836,2363,2361,796,1545,0,428,0,0,0,0,20250503
202504,8호선,몽촌토성(평화의문),6,0,1760,2204,4967,9277,14790,12545,21849,33913,13705,17178,9358,11329,8953,10688,10444,10806,10797,11641,11818,10730,13623,10569,18406,12901,22191,16217,27565,20511,12516,15744,9934,9919,10054,8216,8162,7475,3774,4755,901,1591,0,0,0,0,0,0,20250503
202504,8호선,문정,3,0,2664,3728,9530,12228,30381,63798,38490,193092,24429,85976,19299,32482,20344,21502,24266,22334,26872,24066,29717,21929,32134,21988,38727,25087,96041,30660,136741,43426,47482,32060,32065,19509,27359,15922,19499,15148,7574,7986,1519,2235,0,0,0,0,0,0,20250503
202504,8호선,복정,71,1,3983,2324,13538,9832,31825,11752,39342,23324,24608,18595,15525,11357,12257,7918,14379,9839,14007,10284,12595,10104,14558,12798,19282,15629,25736,22835,28244,32839,16600,22731,10061,14738,7648,13285,6371,12073,2545,5077,558,1143,0,0,0,0,0,0,20250503
202504,8호선,산성,23,3,5352,758,12202,2241,32696,3907,33986,10225,17506,5902,11543,5485,9333,4795,9111,5759,8471,6735,7492,7515,7928,10496,9027,13010,9498,18190,7141,28875,3826,24022,2818,14661,2214,13495,1541,11716,682,6684,172,2669,0,0,0,0,0,0,20250503
202504,8호선,석촌,3,0,2828,838,6420,4833,18347,10415,25829,26006,14919,22593,11617,17043,12253,19208,13705,19019,14944,20755,15459,19407,16615,20629,17837,21207,21690,28504,25332,36245,15193,24586,14278,14460,15201,11940,12620,9963,4944,5925,954,2079,1,3,0,0,0,0,20250503
202504,8호선,송파,22,0,3179,709,12028,5766,34361,13394,39420,21743,25504,13154,17589,9766,16079,9367,16154,11134,15240,13577,13233,14616,15274,17884,16783,20229,17023,25786,19426,35717,11211,25961,8038,16073,6652,15187,5320,12683,2084,6139,287,1948,1,70,0,0,0,0,20250503
202504,8호선,수진,10,0,3900,530,7663,2486,17994,5596,24006,14540,13422,6980,9580,6245,9081,6295,10817,6962,8972,7857,8394,8310,9585,8924,13098,10838,10194,11656,8290,16775,5241,14446,4246,9137,4073,8354,2686,7188,1065,4764,270,1655,0,78,0,0,0,0,20250503
202504,8호선,신흥,1,0,3934,608,8246,2827,20591,3719,23959,7501,13141,4741,8527,5243,7635,5748,7885,7440,7402,8299,7295,8907,8561,10030,9932,12962,9947,14604,8998,21045,5058,16608,4073,10742,2968,9083,1914,8176,935,4508,213,1628,0,20,0,0,0,0,20250503
202504,8호선,암사,103,0,15711,910,27569,5638,74938,9315,86755,20905,46270,15322,28629,12022,25005,15015,25081,16823,23558,19262,19541,21395,19066,28820,20647,34164,22048,43999,22896,66622,14285,51925,11478,29881,8567,26058,5893,25776,2394,13267,536,4529,0,157,0,0,0,0,20250503
202504,8호선,암사역사공원,5,0,3107,459,10034,2601,31127,7299,34944,8228,18494,4514,11368,4099,9443,4564,9244,5917,8562,7103,7469,7873,7843,9009,9997,11924,10455,17341,10733,24378,5682,18902,3674,12333,3141,10438,2000,11170,735,5276,194,1484,0,0,0,0,0,0,20250503
202504,8호선,잠실(송파구청),32,0,1616,3251,3880,14713,9122,43705,12999,101095,10619,60194,11390,45728,15904,46457,20490,43951,26835,45199,35158,40416,45044,40502,51572,39701,66537,45449,86068,53010,56303,28174,52837,15888,51512,10485,36414,7536,12277,4647,2602,1874,1,184,0,0,0,0,20250503
202504,8호선,장지,6,0,5789,3141,21841,12349,51441,30469,56105,54495,35396,35681,24266,19734,20027,21260,21595,21431,22861,20991,23326,21416,29010,24961,33236,28720,47771,34972,52622,54622,28978,33618,23574,19700,17175,19067,8705,15464,3078,9427,588,2509,0,0,0,0,0,0,20250503
202504,8호선,천호(풍납토성),108,1,10985,2489,18495,12511,48368,21238,60684,37766,36585,32217,23636,23562,23232,25045,24859,26805,25822,30416,24984,29648,28017,34568,32161,38498,39597,52764,40982,75366,27499,51553,23883,31028,17894,29151,13345,22502,6305,13801,1613,4681,0,0,0,0,0,0,20250503
202504,9호선,가양,144,0,16591,1527,31545,10351,84242,33284,86435,61418,48580,34046,36596,20321,34382,21989,36055,23107,32775,24966,28474,27894,31731,34503,37301,40349,45895,48789,55140,78189,24960,65609,18119,41740,14744,35390,9716,33300,4251,19033,743,6442,0,256,0,0,0,0,20250503
202504,9호선,개화,6,0,2630,177,8005,2301,14838,3770,10694,5172,4371,2883,2998,2182,2599,2198,2678,1966,2555,2208,2784,2470,3077,2636,4231,2837,6602,4117,5849,6258,2411,5577,1677,2880,1358,2167,640,2052,310,1313,107,426,0,44,0,1,1,2,20250503
202504,9호선,고속터미널,31,2,2575,1587,7108,15322,21282,21213,28928,32633,22050,33717,20307,38170,21412,39185,24860,40819,26640,40779,29240,44481,33029,46260,37878,49301,39975,54817,40737,63062,33266,39587,33082,28026,26920,23407,21948,20516,8050,9155,1153,2633,1,3,0,0,0,0,20250503
202504,9호선,공항시장,8,0,3620,306,4619,1269,10251,2284,12914,5278,6993,3774,5339,3117,4866,3574,5362,4027,4647,3941,4357,4368,4267,5588,4503,6541,5387,7905,4612,12279,2825,9077,2455,6858,2165,6174,1498,5931,747,3828,153,1424,0,160,0,0,0,0,20250503
202504,9호선,구반포,8,0,275,1890,746,18358,1569,3521,2123,4652,1627,3054,1223,1572,1728,1535,1764,1731,2160,2099,2179,1921,3294,1418,12338,1597,12540,1847,6019,2362,2586,1399,1570,929,1195,726,868,677,265,370,76,242,0,1,0,0,0,0,20250503
202504,9호선,국회의사당,3,0,886,1793,2650,12539,5973,56187,8843,183539,9069,70100,12352,37511,17297,30059,22758,27313,28289,31052,34482,25357,39159,20138,48113,18320,89160,21334,122318,20130,46566,12553,33641,7853,30857,6538,18765,5371,6774,3066,1198,1136,0,0,0,0,0,0,20250503
202504,9호선,김포공항,1,4,574,2494,2956,13553,10311,17101,10744,19591,6256,16173,7002,18684,7670,20509,8919,22057,9709,21143,11127,20653,13247,19488,12443,22422,16062,26072,17502,25195,12573,13950,10128,5752,10008,3649,8849,2835,2947,1703,143,1287,3,160,0,0,0,0,20250503
202504,9호선,노들,5,0,4076,447,7339,1659,20454,2582,24551,4735,13680,4310,9354,4021,7588,4411,8471,5848,7803,6643,6954,8642,6556,9597,7425,11486,8794,15309,8887,20041,8209,13629,6263,9331,5233,7910,3450,7317,1349,3768,285,1370,0,0,0,0,0,0,20250503
202504,9호선,노량진,504,2,18178,1979,28541,12253,74919,38393,100182,60920,55131,41858,36623,27352,34172,29869,38561,35463,41994,39836,35599,36370,36251,38477,42749,46123,55642,68994,55261,100981,34396,64963,32781,46643,39655,44676,38617,43645,12693,23544,1629,7624,0,1,0,0,0,0,20250503
202504,9호선,당산,86,2,8658,1547,19443,7978,58510,18439,68154,49961,39040,26262,28750,17310,27055,19643,29826,20592,27619,23847,25431,22609,26901,27324,30311,33295,41489,47645,52126,70975,26856,52071,22490,35175,21068,34162,17182,31016,8666,19036,1988,5870,2,309,0,0,0,0,20250503
202504,9호선,동작(현충원),39,0,982,231,1741,2436,5068,2105,5851,3899,3645,3902,3442,5767,4379,4391,5275,3830,5752,4686,5171,4187,6116,3841,6655,3486,5898,3676,5055,4898,2174,3423,1754,2427,1685,2238,1172,1860,525,1218,109,970,1,243,0,0,0,1,20250503
202504,9호선,등촌,21,5,6430,1342,17269,5163,55264,9110,65998,21411,29201,13205,19564,12148,20294,12445,19825,14461,18357,15310,16558,16903,17789,20438,18875,22292,19000,34305,20432,50649,11331,39651,8568,22925,6771,20390,5119,17117,2381,9990,530,3512,0,0,0,0,0,0,20250503
202504,9호선,마곡나루(서울식물원),34,1,5328,1513,12180,12447,33713,28902,35388,69860,18973,30171,14430,18229,15543,16925,18787,17067,19482,18240,20603,16756,23366,17554,29275,20623,50783,27149,59198,41696,26402,31895,22068,19743,20691,19138,16164,16621,7378,11434,1035,4289,4,440,0,0,0,0,20250503
202504,9호선,사평,4,1,1232,292,4009,2288,13342,6681,15716,8958,9592,4874,7284,4121,6049,3833,6919,4804,6613,6698,6079,6062,6829,7888,8599,8058,8631,10374,9362,13143,5583,9866,3683,6894,2601,6103,2078,6251,752,2952,221,939,2,0,1,0,0,0,20250503
202504,9호선,샛강,24,0,1601,1250,2946,4780,5993,19929,7482,42077,6020,15602,5987,9957,7143,9457,8031,7787,9163,8755,9715,7909,11187,7555,13614,9200,24501,11600,34568,15715,14160,9141,12357,5019,11121,4235,8137,3740,4160,2228,1066,872,0,33,0,0,0,0,20250503
202504,9호선,선유도,0,0,2324,1519,7435,4376,26540,16759,31639,44280,14376,22156,10396,8968,9743,9058,11005,10136,10889,9154,10759,9608,12146,10868,15730,11099,29070,14348,40743,25489,15152,17567,9076,10927,6876,9114,4836,8968,2041,4642,410,1626,0,27,0,0,0,0,20250503
202504,9호선,신논현,116,0,4148,1850,14101,17818,33365,43769,42880,94201,33011,108819,30305,61672,34133,45156,41054,45381,44978,47584,47559,45773,52747,46769,65376,53152,87774,73865,110940,98075,83890,58896,62281,35972,66835,28397,56546,23345,27301,13815,5098,3934,3,753,0,0,0,0,20250503
202504,9호선,신목동,1,0,2622,416,7672,2035,25024,4390,22118,8006,11006,4977,7671,3439,6745,3428,6999,4247,5816,5810,5407,5029,5784,6222,6246,8632,8135,9997,7109,17066,3817,13117,2506,7865,2188,7786,2124,6083,737,4278,191,1369,0,120,0,0,0,0,20250503
202504,9호선,신반포,3,0,1005,562,3354,6830,11422,10426,13638,11974,8888,7821,6810,6637,6196,5412,6878,6083,7286,7367,6814,7059,9364,7279,11898,7664,12635,10340,12007,13135,7267,10237,5448,5806,5790,4583,3702,5078,994,2421,187,1006,0,1,0,0,0,0,20250503
202504,9호선,신방화,9,0,5484,784,13190,2753,31383,6385,30313,14128,16289,7786,11929,6375,10761,6642,11329,7892,10478,8694,8662,9924,10763,11330,11313,14272,9782,18255,10784,25873,6592,22285,5132,13121,4209,11334,2985,11944,1145,6313,196,2560,1,3,0,0,0,0,20250503
202504,9호선,양천향교,1,0,5101,1309,12348,10175,34452,19427,35224,51135,16844,21315,12735,11077,13500,8891,15422,10438,14098,12452,13469,10832,15190,12253,20142,15011,29482,19745,39520,31634,14156,26721,9438,16703,7664,16593,5212,13867,2305,10418,572,2735,5,225,0,0,0,0,20250503
202504,9호선,여의도,16,0,3334,3022,4647,29531,10144,172613,12733,189990,13406,88957,18333,42625,25973,41532,27545,40843,35577,40348,39574,35571,49762,32312,68418,31697,175873,33120,173197,38231,85386,22213,71948,11719,53613,9929,29391,8965,10041,4609,1591,1984,0,363,0,0,0,0,20250503
202504,9호선,염창,10,0,13846,921,31577,5379,87922,8981,92971,20767,51339,13205,31996,11106,27030,12375,27566,14945,23688,17295,19936,20552,19826,26430,21565,32159,24406,52361,25406,77579,13722,64932,10859,41368,9664,35748,7068,36123,2968,20271,596,7280,1,386,0,0,0,0,20250503
202504,9호선,증미,4,0,2710,525,9498,3224,26140,12441,27382,51994,13647,20002,9869,6627,9530,6097,9527,6539,9584,6925,8531,8129,8560,8882,10177,10109,23168,14084,40134,21550,11627,17001,6798,9989,5080,8913,2848,8798,1215,4828,224,1792,0,0,0,0,0,0,20250503
202504,9호선,흑석(중앙대입구),3,1,3923,1102,7218,6059,21224,14305,24900,32151,16720,20177,14247,20888,14859,16538,17337,17496,18226,15631,18404,17033,20561,15360,23799,16640,30999,24958,23467,31654,13882,20889,12170,14405,12831,12452,10810,11883,5737,6537,1310,2714,0,45,0,0,0,0,20250503
202504,9호선2~3단계,둔촌오륜,2,0,2382,299,8967,2059,23586,4461,22404,4747,12491,2340,8086,2525,6031,2798,6160,3771,5685,4238,4895,4930,5371,6518,7712,7754,5617,11331,4408,19360,2798,15650,1820,10173,1722,8193,1170,9395,438,4327,125,1790,0,148,0,0,0,0,20250503
202504,9호선2~3단계,봉은사,8,0,1943,2695,5733,26965,10194,51226,11261,132994,9894,95443,11348,58584,18557,50342,25879,44958,32605,50050,40325,39402,49893,33717,69477,31286,101032,28990,124500,29439,61854,18311,42731,10972,36348,8736,24419,6043,6176,3639,911,982,0,1,0,0,0,0,20250503
202504,9호선2~3단계,삼성중앙,1,0,1027,515,3398,5372,7190,21011,9407,53149,7499,36728,6830,14074,7803,9208,9191,8765,10072,9327,9969,8556,12589,8233,16585,8998,28874,12739,49420,14223,20562,9954,12686,6375,10722,5012,7336,4869,2767,2648,701,1158,0,0,0,0,0,0,20250503
202504,9호선2~3단계,삼전,21,0,5077,622,8980,2979,25887,6177,40471,19723,26318,10283,14449,6989,11375,7084,11560,8111,11868,9448,10165,10113,9822,11350,11385,14609,14308,18810,19086,31143,9176,24988,7125,15564,6094,15170,4988,11839,1981,8139,376,2624,0,597,0,0,0,0,20250503
202504,9호선2~3단계,석촌,19,0,3545,524,10607,3332,27224,6239,38845,14408,25408,12609,15110,11268,14216,11978,14967,14255,16241,14273,14851,13879,15346,15821,17576,17021,19492,25134,20807,37639,13492,28734,12567,18384,12946,14533,11080,14818,4620,7638,793,2464,0,8,0,1,0,0,20250503
202504,9호선2~3단계,석촌고분,7,0,3545,603,8149,2236,21579,5849,35646,17222,22654,11764,12286,7085,10888,7491,11731,9440,11315,9157,10070,9316,10185,10814,10973,12982,13598,18509,16842,29415,8792,22785,6655,14328,6102,12809,4753,12405,1723,6704,390,2782,0,1,0,0,0,0,20250503
202504,9호선2~3단계,선정릉,1,0,1097,1123,4520,7367,9765,22821,11438,67721,9813,55270,8423,23033,8935,14860,12258,13530,12571,14862,14355,12867,15467,12035,19496,11725,37288,14533,60225,16702,31842,12093,16914,8273,14461,7819,10729,6777,3975,4329,863,1536,0,12,0,0,0,0,20250503
202504,9호선2~3단계,송파나루,2,0,2154,301,5304,1641,15390,5541,22883,14698,14871,9837,8216,6651,7039,8151,8408,9663,8853,9019,8433,8535,8219,10333,8798,11935,11529,17830,15836,26747,9692,20666,8563,11217,9242,7849,6943,7588,2783,3932,629,1627,0,1,0,0,0,0,20250503
202504,9호선2~3단계,언주,2,1,1389,1154,3270,8230,8127,26845,11241,78162,10419,56606,10774,23735,12103,14772,14360,12340,15081,16147,17273,13942,19910,11940,24994,12544,48125,13770,64744,16647,31340,10682,17702,7452,13874,7820,9943,5711,3533,3592,785,1312,0,77,0,0,0,0,20250503
202504,9호선2~3단계,올림픽공원(한국체대),1,0,2341,626,8685,3904,19361,7631,22694,19491,14522,11517,10177,12510,10003,12853,11540,14298,11814,19912,11324,18501,13446,22254,16151,23250,18007,23280,19534,26482,20513,19314,24482,12618,22049,11944,12592,10724,2542,6307,244,1929,0,22,0,0,0,0,20250503
202504,9호선2~3단계,종합운동장,4,0,1476,179,4678,2174,11350,6776,14996,13355,9731,11405,7061,6603,6803,6549,8544,8174,8141,8735,7412,7634,8454,8316,10917,10553,13127,15710,13961,20311,10489,13249,9256,7662,9296,7344,8003,6567,4231,3494,878,1120,1,20,0,0,0,0,20250503
202504,9호선2~3단계,중앙보훈병원,7,0,4975,603,24229,6017,54938,13848,54328,25557,33714,15802,23414,15562,21029,10135,18931,13553,15051,14984,18317,14626,20211,13998,19185,15384,22995,25216,17564,43260,8474,32980,5761,20059,4530,17686,3256,18787,1143,8047,209,2832,2,235,0,0,0,0,20250503
202504,9호선2~3단계,한성백제,1,0,1198,347,4156,1075,9390,2651,13247,8878,7078,5462,4469,3726,4322,3758,4815,3598,5177,4526,5150,4044,5179,4002,5930,5130,7401,6683,9433,10130,4499,8407,3303,4579,3133,4780,2161,3678,762,2509,185,789,0,0,0,0,0,0,20250503
202504,경강선,경기광주,0,0,3317,334,18738,2732,46335,6884,46071,10530,21163,5308,14405,4881,11608,5237,10854,6526,9316,7494,8041,9121,8270,10710,10354,15952,10987,22711,8822,36153,4388,33923,3181,18957,2402,14855,1764,12029,542,5486,61,115,0,0,0,0,0,0,20250503
202504,경강선,곤지암,4,0,1193,284,3336,2548,8091,5442,7304,7713,4839,3388,3418,3244,3729,3635,3933,3231,3881,4063,3497,3488,4776,3660,5901,4357,8338,5787,7486,7048,2587,5046,1864,3950,1061,3167,431,2841,135,1687,5,451,0,0,0,0,0,0,20250503
202504,경강선,부발,9,0,1305,42,3803,2003,8059,7563,6290,6529,5261,2662,3924,2217,4277,2336,3592,2632,3453,2860,3313,2744,4016,3208,5144,4381,7933,5592,5788,6628,3370,5298,2351,4497,1342,4412,728,3584,451,3441,12,1226,0,0,0,0,0,0,20250503
202504,경강선,삼동,1,0,1890,55,6139,1383,13949,2329,14649,2254,7846,1214,4864,1254,3420,1276,3102,1933,2828,1913,2122,2639,2173,3903,2546,5093,3494,8530,2883,9783,1323,9101,908,5448,670,4898,397,3601,137,1794,13,60,0,0,0,0,0,0,20250503
202504,경강선,성남,1,0,275,11,1679,886,5592,1627,5900,2085,2614,857,1992,832,1564,1018,1527,1128,1191,1264,1165,1357,1770,1783,2018,2050,2488,3461,1889,4545,1096,2565,1012,1860,900,1414,658,1085,302,624,21,117,0,0,0,0,0,0,20250503
202504,경강선,세종대왕릉,2,0,238,4,644,231,966,752,1023,831,887,803,800,617,672,784,612,761,696,430,751,773,883,673,913,864,960,708,717,940,335,724,202,495,113,424,42,498,16,216,2,70,0,0,0,0,0,0,20250503
202504,경강선,신둔도예촌,0,0,1020,26,3262,508,6801,3110,5258,4120,3641,1889,2631,1685,2232,1824,2541,1609,2396,1530,2263,1738,3191,2123,3723,2699,4523,3981,3528,4556,1367,4956,968,3218,679,2428,280,2308,109,1290,2,407,0,0,0,0,0,0,20250503
202504,경강선,여주,11,0,2427,13,5525,790,10259,3573,8548,5645,6836,8289,5872,4067,5235,6170,5578,5189,5814,3880,7156,5240,7332,5129,8349,6073,7263,7867,6283,9532,3246,8599,2553,6439,1786,3492,914,6057,296,3286,1,1252,0,0,0,0,0,0,20250503
202504,경강선,이매,28,1,708,40,1811,1055,4479,2704,3246,3383,1690,1457,1599,1207,1394,989,1634,1201,1420,1383,1391,1382,1672,1573,1993,1719,2128,2638,2147,3201,1316,1714,1149,1157,1418,957,1178,721,345,437,10,67,0,0,0,0,0,0,20250503
202504,경강선,이천,4,0,987,67,3653,1998,9162,6862,7379,9530,6259,4425,5270,4138,4979,4013,5053,4592,4810,4197,4923,4475,4986,4843,7086,6120,7698,7121,7608,9704,3754,8041,3040,6370,2529,4268,1042,3564,632,2109,20,955,0,0,0,0,0,0,20250503
202504,경강선,초월,1,0,2110,122,9036,1818,20299,4736,21426,5887,8877,2317,6117,2239,5280,2166,5166,2981,4284,3349,3784,4075,3618,4871,5363,7122,6242,9388,5185,15615,2415,12124,1761,8466,1272,7617,657,6566,279,4291,39,75,0,0,0,0,0,0,20250503
202504,경강선,판교,8,3,737,9,2743,8973,5988,21625,5194,41010,2859,20166,3098,12384,4346,8637,6535,7064,5167,5078,6878,5071,9907,4988,14887,6521,22046,7303,26004,7022,18846,3627,17209,2447,12415,2041,6747,1147,1939,779,3,187,0,0,0,0,0,0,20250503
202504,경부선,가산디지털단지,1339,6,6878,2556,8395,13602,18169,66753,19040,170717,13066,81390,11996,24501,13196,17025,15459,18172,16709,17055,17110,17299,20509,17046,32292,20680,88358,26306,119761,31736,48355,22018,28569,15025,23257,13680,15893,12639,6620,7174,267,1176,0,0,0,0,0,0,20250503
202504,경부선,관악,149,2,7728,1703,14779,4076,35087,7302,30606,11814,16782,10059,11718,9551,9816,7358,11579,7440,11046,7519,9578,8690,9598,9918,10807,13136,11491,18832,10736,30195,6410,21604,4984,13143,4049,12527,2489,10350,1154,7260,53,526,0,0,0,0,0,0,20250503
202504,경부선,광명,0,0,13,1678,3698,3343,12225,7101,11110,8639,7374,7090,4094,4120,7730,2616,5511,8220,5107,185,3299,8416,6434,3968,8250,5268,9341,7315,11080,12911,8612,7002,2876,4630,7321,3093,2513,4550,1021,39,0,0,0,0,0,0,0,0,20250503
202504,경부선,구로,11462,109,21019,4357,19501,14455,40557,33919,39226,72574,27721,39433,22663,27651,22230,26622,24314,23982,25453,25082,25142,24361,29564,27687,35285,31182,55235,39726,57263,42535,24811,29279,20094,21202,16923,20018,10619,17148,4006,12513,40,10838,0,1,0,0,0,0,20250503
202504,경부선,군포,24,0,5585,3072,9103,12654,19928,34972,18042,41194,10383,8444,7827,4934,7828,4887,8223,5361,7038,5837,6501,5915,7834,7595,11889,8253,26715,10874,34331,14755,11428,12040,8572,7782,4866,6268,2375,6099,1098,3465,66,611,0,0,0,0,0,0,20250503
202504,경부선,금정,600,7,25584,5813,42793,23728,102369,51247,97715,103296,59265,38846,41872,24469,37573,27478,39227,28393,36550,32185,33470,32911,36174,42426,43698,51168,73846,73543,82303,101641,37979,79252,30146,48717,24198,45797,16749,38327,7899,25109,618,10258,1,1,0,0,0,0,20250503
202504,경부선,금천구청,523,6,11241,1193,19520,6423,47238,17180,43728,30667,25998,12008,18757,10021,16884,10620,16240,12172,15506,13776,13525,14026,13820,18938,15932,24131,17045,33631,27726,46368,10988,33430,8553,17895,6914,17975,4195,14371,1578,8869,66,687,0,0,0,0,0,0,20250503
202504,경부선,남영,129,3,2616,1838,5366,8077,14605,21995,21346,50742,12579,30313,9975,17664,10460,13654,12236,12598,12424,13477,12342,12097,16534,12687,22747,14482,29280,18848,39763,26058,17714,16301,15163,10985,15386,10156,12095,9040,4891,5141,302,1244,0,0,0,0,0,0,20250503
202504,경부선,노량진,286,23,4802,2075,7820,6190,20452,8611,25640,14894,14545,11390,11236,9717,11656,12369,12794,12733,14103,12516,14560,11857,14864,13876,16268,18336,19715,27379,19303,41439,15605,22855,15059,13944,16955,12975,14265,10749,5287,7155,346,1522,0,0,0,0,0,0,20250503
202504,경부선,당정,23,2,4847,988,12863,3556,28149,10218,24493,18737,13746,11168,9495,8094,9405,5794,10388,7191,8919,6811,8651,6550,10265,8079,11834,10652,14646,14497,15290,22384,6533,18063,5092,11910,4175,9847,3126,9937,1272,6180,69,1115,0,0,0,0,0,0,20250503
202504,경부선,대방,556,7,5059,2243,10487,9711,27653,36562,33204,48468,19819,22843,14596,12607,13942,12141,15440,13207,14937,14822,14385,13364,15699,14717,16584,17708,31752,25639,39253,35613,14563,21229,10872,15426,9189,14979,6102,13002,1932,7992,141,2041,0,0,0,0,0,0,20250503
202504,경부선,독산,617,2,9045,2485,21332,14105,52944,47462,51340,94236,27755,41174,19767,14383,18889,12260,20290,13539,18317,15618,17464,13787,18871,18183,29881,21609,58477,30557,67396,48007,28895,38225,17547,22488,11719,22370,7836,21498,2771,12063,116,838,0,0,0,0,0,0,20250503
202504,경부선,두정,1002,5,5298,1359,11993,4372,19987,11667,19713,29881,17341,29100,13216,18376,13341,15727,16532,15916,15579,15008,14569,12623,18523,11659,20562,17332,21314,20197,19493,27529,13020,16735,10490,13797,9932,10868,6304,11916,3273,9085,43,2291,0,0,0,0,0,0,20250503
202504,경부선,명학,89,4,6732,1824,11579,7956,27502,28425,22907,58662,12438,17540,9343,11160,9900,13392,11048,8083,10621,10137,13328,9356,12321,7986,17229,9835,31990,13913,38542,21038,13443,17500,11011,9813,7527,8185,4818,8292,2082,5801,142,1140,0,0,0,0,0,0,20250503
202504,경부선,병점,3355,22,8654,3204,33304,12113,61008,23494,51003,35526,33888,21334,27468,16657,25857,18276,27481,21567,22695,19360,22793,22820,26390,27426,30809,32672,37895,48286,35575,55531,21866,44574,16142,33506,12735,25104,9259,24352,3143,16737,52,6935,0,0,0,0,0,0,20250503
202504,경부선,서동탄,0,0,1674,14,6867,723,11819,1358,4769,1354,3059,841,2045,686,1943,1045,1825,1086,1523,1193,1302,1585,1676,2156,1571,2372,1797,3580,1889,5988,891,6505,724,2837,425,1918,394,2596,113,1501,5,1019,0,0,0,0,0,0,20250503
202504,경부선,서울역,2,2,72,761,176,5429,13797,8755,23281,10120,19986,7554,14856,6518,18454,4341,17990,5983,17619,5325,6474,5244,20847,6711,17149,7396,20987,10364,28184,10973,24614,7878,15882,5297,20533,4732,15099,3990,8208,829,1358,94,0,0,0,0,0,0,20250503
202504,경부선,서정리,70,0,4579,3381,14183,7893,20175,16797,19575,22824,15231,10217,13474,8001,13076,7986,13882,10483,11967,11315,12905,10831,15296,13196,21096,18155,33338,21869,20815,21088,11537,19383,9436,15096,7652,10868,4585,11160,2585,8147,121,695,1,0,0,0,0,0,20250503
202504,경부선,석수,271,3,7789,2825,16750,6358,37123,12006,34850,14142,20323,10513,14610,8037,12194,6362,12522,7361,11041,8197,9950,9533,11693,12113,13061,14904,16564,22729,14759,30894,8480,23877,6262,14505,4649,14411,3325,12224,1271,7232,81,497,0,0,0,0,0,0,20250503
202504,경부선,성균관대,203,9,9304,2540,31660,7969,77703,11646,62657,31285,31730,22049,23778,17493,21658,17588,23385,16253,21552,20668,20349,18866,21319,23210,28862,29472,30502,43918,27391,68023,17482,51020,14420,31302,13265,27486,10759,24107,5319,15646,342,2465,0,0,0,0,0,0,20250503
202504,경부선,성환,30,0,2226,928,4209,3758,7525,14502,7586,25119,7246,28589,7803,13317,7919,7388,10912,12620,13401,11408,14249,6271,18449,6560,28602,7267,25842,8393,17590,8630,7310,6973,6118,6326,4015,5635,2844,5768,990,4899,87,1310,0,0,0,0,0,0,20250503
202504,경부선,세류,532,3,4301,712,10442,3619,18863,4287,12898,4755,6688,3174,5238,2996,4701,3226,4752,4138,4134,3538,3741,4056,4479,4778,6505,6198,7300,8550,5668,14374,3462,10576,2678,7757,2290,6959,1269,5144,433,3165,10,875,0,0,0,0,0,0,20250503
202504,경부선,세마,225,0,2242,1219,7811,3594,13373,5749,11686,10887,7376,2961,4952,2224,4589,2746,5013,2813,5030,3675,4231,3601,4933,3723,6317,7227,8532,10223,9196,9637,3587,9382,2360,6020,2110,5552,1395,5096,565,2759,60,264,0,0,0,0,0,0,20250503
202504,경부선,송탄,64,0,5813,876,8540,3444,14501,6692,12637,10969,10019,4857,8432,4116,8091,4771,8413,5139,7776,5825,6918,6583,7955,7606,10130,9164,9510,12004,9550,12597,5472,13242,3877,9857,3380,8158,1953,6825,994,6149,76,472,0,0,0,0,0,0,20250503
202504,경부선,수원,2201,57,20832,4905,40790,33662,83874,61623,76145,86849,53267,78753,47876,75878,51910,72891,57584,83811,60179,76300,61673,74080,77438,75926,97650,88434,100590,107250,104777,133749,80231,94279,85003,57138,65376,43415,56602,34450,21835,22711,568,7395,0,0,0,0,0,0,20250503
202504,경부선,신길,685,1,8954,1538,11783,6391,25768,23209,34425,34368,19058,13335,12308,8017,10773,7555,13078,8324,11408,9923,10012,9332,11387,11083,14123,12859,21047,17677,31112,24872,11889,16868,8424,12212,8118,12513,5152,10512,1922,6297,150,1553,0,0,0,0,0,0,20250503
202504,경부선,신도림,491,2,2071,895,3747,3324,9680,8151,11345,16972,7165,9092,5075,5740,4802,5292,5299,5449,5272,5912,5126,5831,5716,6807,6855,7681,11217,10736,15393,14914,7361,8136,6277,5344,4706,4740,3865,3673,1706,2391,89,1017,0,0,0,0,0,0,20250503
202504,경부선,안양,371,8,16830,2911,40581,11995,99069,21957,83357,58494,47794,57284,35376,37898,34446,36289,40464,34511,39234,41239,38825,32826,46480,40276,57237,45235,58817,65002,43450,95805,27723,68066,24029,42143,23088,32461,18632,26504,8484,18956,439,2736,0,0,0,0,0,0,20250503
202504,경부선,영등포,3988,144,15625,7690,17608,26194,45459,62688,63959,132499,42109,93516,43862,71610,48387,78521,57101,83728,60025,85581,61622,76331,87158,73655,99983,76873,119026,89020,162771,109056,94330,67404,93035,41327,70628,33365,54881,27089,22154,15399,736,4293,0,1,0,0,0,0,20250503
202504,경부선,오산,456,2,7417,2339,18474,10046,31288,28557,33202,22016,22413,15689,19546,13327,19112,11391,19502,15255,16902,16240,16875,16209,18116,20186,23799,25591,26110,30608,26947,35217,16373,25873,12309,19815,8733,15556,5174,10519,2174,8651,122,859,0,0,0,0,0,0,20250503
202504,경부선,오산대,284,1,3518,969,8556,2780,15825,4883,12922,11846,7994,5405,6098,6108,5381,5697,5773,4750,6354,5399,6089,5071,7828,4758,9785,7434,9947,9845,9835,14242,4460,11438,3673,6187,3399,6221,2051,4815,1073,3095,145,297,0,0,0,0,0,0,20250503
202504,경부선,용산,303,10,3999,6027,6451,38597,23790,94774,35547,157674,44902,113717,32922,83019,54095,69484,49648,73488,61061,74854,49256,71269,94451,72545,102829,76342,125472,85541,162108,88566,102454,59439,103659,40904,99412,27806,67987,15298,23837,6924,1132,2084,0,0,0,0,0,0,20250503
202504,경부선,의왕,122,1,6945,2443,15307,9264,31044,36487,30301,33312,15698,13130,11788,7940,11800,7875,12379,8521,10585,10520,10437,8986,12808,11680,18666,14435,32343,19339,26778,29238,12748,21752,9887,13682,6692,12120,4203,10168,1806,6868,102,1241,0,0,0,0,0,0,20250503
202504,경부선,직산,62,1,834,332,2032,1378,2897,3731,2998,4012,2101,1619,1776,1190,1612,1053,1512,1270,1592,1372,1401,1385,1879,1391,1780,1939,4370,2571,3687,2451,1347,2515,1050,1506,674,1411,391,1228,175,996,25,159,0,0,0,0,0,0,20250503
202504,경부선,진위,42,0,915,348,1804,3277,3254,9288,3016,8748,2118,2875,1914,2548,2018,1235,1872,1206,2317,1325,1978,1271,3932,1714,4619,1763,8010,2683,8103,2675,3081,2479,1744,1688,1121,1424,608,1088,244,821,12,56,0,0,0,0,0,0,20250503
202504,경부선,천안,1369,2,3028,792,6702,3841,12979,6911,12469,18657,15550,16943,12004,14172,13755,14756,13734,15181,14192,13972,20305,12938,22328,14743,25816,14825,22190,20702,18770,19355,12646,12758,9200,9316,6859,7342,4048,5550,2455,3244,14,2172,0,0,0,0,0,0,20250503
202504,경부선,평택,84,5,8417,2996,14730,9496,30628,17276,35362,26664,29437,23428,24736,19529,22869,22040,23362,23669,23983,23059,22937,26600,25350,28959,28737,36849,32054,40917,29601,41470,20558,25297,21575,21481,14744,16782,13029,12576,6590,7561,116,2399,0,0,0,0,0,0,20250503
202504,경부선,평택지제,6,0,2801,5271,6102,8676,12857,14124,12540,7114,8018,5295,6693,3924,6048,4568,6575,4721,4748,4617,5265,4987,7522,6455,8024,8390,14439,9891,10038,12068,8459,9047,5480,6589,4782,6262,4596,5782,2757,3253,75,345,0,0,0,0,0,0,20250503
202504,경부선,화서,370,9,9619,1065,27616,3814,53383,7362,40839,14724,19249,12286,14290,11784,12961,16730,13497,17746,13470,19687,14052,17714,17422,19500,20844,22105,20824,31391,20640,49731,15278,35158,12853,20594,12090,15182,10462,13609,1764,8617,114,1539,0,0,0,0,0,0,20250503
202504,경원선,가능,433,13,8386,1609,12584,3758,26195,7529,22934,16019,14077,8401,12838,6104,11535,7217,11605,8139,9728,8923,9018,8595,9724,10221,10624,12762,13332,15826,9368,20229,5819,19655,4910,13093,4053,9486,2527,8984,1128,5010,188,2227,0,0,0,0,0,0,20250503
202504,경원선,광운대,2471,5,6740,1107,15956,3279,33610,7343,30589,23416,17436,12046,13256,13172,12825,17065,13389,11592,14490,14211,14567,13371,15265,12881,17147,16136,18174,18750,14646,27536,8948,21916,8177,14230,7749,12455,6363,11358,3413,9107,175,5029,0,0,0,0,0,0,20250503
202504,경원선,녹양,356,1,5823,920,8251,2140,17700,5815,16103,9289,10054,5032,8546,3660,8377,5102,8421,5530,7318,5788,6287,5693,6695,7049,7683,7935,7918,11405,7743,14148,3844,13127,2940,8672,2104,6543,1390,6708,566,3865,105,1345,0,0,0,0,0,0,20250503
202504,경원선,녹천,1581,37,4472,849,8803,1545,22359,5037,19464,4794,10782,2699,8205,3378,7277,3122,7773,4271,5969,4417,5384,5301,5352,6210,6853,7960,5806,9964,4798,15711,2818,11552,2001,7560,1789,6912,1675,6569,415,3403,58,913,0,0,0,0,0,0,20250503
202504,경원선,덕계,32,2,6365,606,17639,2827,32418,4832,32011,7864,14634,5088,11827,3430,9559,4125,8711,5343,7709,5893,6435,6491,6859,8998,7457,12660,7754,17848,7099,25571,4333,20747,3250,12696,2470,12353,2074,8726,1022,6477,186,2077,1,0,0,0,0,0,20250503
202504,경원선,덕정,9,0,5153,1036,11410,5245,23122,10452,21790,24261,12931,15315,11094,7962,10838,6808,11233,7991,14972,8582,10058,8212,12979,9645,14504,10876,16629,14500,15478,17983,5602,15916,3687,9195,3010,9512,2186,6939,1238,4552,272,2017,0,0,0,0,0,0,20250503
202504,경원선,도봉,224,4,7115,1246,11131,3634,20658,4122,19458,11893,13690,8531,11546,7185,10856,6929,10680,8547,10388,8876,9648,9590,9820,11192,9426,13058,9977,14684,11041,17263,4769,14524,3121,8854,2644,7842,1746,7200,785,3887,150,1395,0,0,0,0,0,0,20250503
202504,경원선,도봉산,236,4,6751,933,10141,2668,22468,5134,23182,8567,16247,12558,13235,15153,13393,15131,15596,15287,19307,12731,20742,11299,21376,10871,20992,10718,17670,10192,13539,11125,8420,8730,5329,5912,3617,5015,2285,4570,1044,2739,170,1264,0,0,0,0,0,0,20250503
202504,경원선,동두천,41,1,1314,762,2651,2201,4293,6040,5157,7072,3955,7953,3604,3582,4154,3169,4560,5145,4786,4683,4588,3419,7077,2910,8356,3210,6134,3828,5096,3895,2368,3053,1532,3099,936,2028,574,1736,337,1950,27,682,2,1,0,0,0,0,20250503
202504,경원선,동두천중앙,45,1,2491,533,4767,2041,8947,4136,8884,11581,6642,4320,6220,4807,5568,4941,6799,4379,5722,4780,5266,5712,5826,5578,6499,5483,6762,6529,6656,6982,3041,5592,2088,4603,1577,3238,845,3161,479,2069,29,1291,0,0,0,0,0,0,20250503
202504,경원선,망월사,504,8,7871,1126,13682,3748,30994,5913,27948,25110,19610,18115,16016,11226,17002,19899,17490,14238,17837,13631,18446,15400,16627,14559,18386,18373,21056,21832,13452,28096,7995,23526,6472,14997,5222,12416,4568,11580,2314,6844,463,3724,0,0,0,0,0,0,20250503
202504,경원선,방학,462,11,12129,2139,16798,7005,36016,10788,33244,21573,22691,11800,18214,11776,17294,10769,19183,12884,16770,13706,14919,16111,15336,18932,16302,22102,17204,25365,18307,32578,10516,26941,7545,15433,6253,13446,4167,12480,2113,6778,328,2323,1,0,0,0,0,0,20250503
202504,경원선,보산,30,0,1545,413,1951,1637,4028,2750,3910,3556,3358,1537,2958,1707,2610,1738,2622,1339,2325,2042,2496,2190,2875,2645,4975,2887,4765,3596,3058,3786,1783,3951,1201,3246,875,2110,414,1654,196,1329,17,725,0,0,0,0,0,0,20250503
202504,경원선,서빙고,98,3,1056,749,2493,4318,4049,4982,4091,9986,3889,4870,3504,3739,3041,2940,3870,2968,3891,4465,4622,3404,4714,4657,7233,4159,9503,3765,7696,4854,3151,3807,2626,2116,2779,2057,1289,1518,307,995,27,270,0,0,0,0,0,0,20250503
202504,경원선,석계,1419,4,5615,1985,11762,4701,22669,5918,24783,9215,16881,7323,14255,7350,13000,9561,13265,9514,12589,11026,11363,12198,10989,15684,13136,20380,12656,24364,11106,34172,8230,23855,6481,17104,5872,14833,5108,12546,2733,7561,167,1882,0,0,0,0,0,0,20250503
202504,경원선,소요산,110,0,549,407,521,836,1584,1140,2342,2359,2124,4022,2657,7359,3470,9167,4742,8703,8041,6965,8965,6126,9517,3765,8105,2936,4966,2127,3000,1857,887,1355,748,1134,325,675,154,595,98,465,2,314,0,0,0,0,0,0,20250503
202504,경원선,신이문,1575,10,8623,1119,15550,3191,38339,4619,41249,8435,23056,5316,16096,5888,13458,7429,13183,8547,12446,9851,10142,10307,10227,15437,10305,18874,9780,22527,8868,32895,5864,23407,4124,16775,3024,14523,2221,13350,1102,8181,118,1951,0,0,0,0,0,0,20250503
202504,경원선,양주,2244,9,6017,1565,12465,5322,33077,12294,26354,13088,19971,9501,16455,7270,15189,7869,13771,9621,13802,10596,11412,11634,11849,12442,12327,14099,13541,20561,13693,23019,6465,22293,3890,15572,2916,11282,1942,10832,928,5889,105,2415,0,0,0,0,0,0,20250503
202504,경원선,연천,0,0,196,2,786,531,1322,1078,3517,3512,2505,2886,1635,3588,1690,4272,2574,3522,3783,3051,4362,2218,4354,1803,3719,1616,2676,1849,2001,1750,762,1642,563,1056,185,599,80,442,64,372,2,219,0,0,0,0,0,0,20250503
202504,경원선,옥수,0,0,1,9,6,96,22,49,186,327,45,20,58,241,24,200,26,102,24,11,14,13,22,15,468,91,430,55,56,47,387,8,51,13,50,14,19,5,14,0,0,0,0,0,0,0,0,0,20250503
202504,경원선,왕십리(성동구청),1100,8,5780,1995,9751,7219,30509,14062,45063,23342,28982,22398,18520,21163,19072,21869,23756,24313,26495,24522,26929,25007,30026,29234,36302,33977,39752,47679,37104,68722,30033,48117,29427,29329,31470,24160,26453,21345,11958,11388,1246,3952,0,5,0,0,0,0,20250503
202504,경원선,외대앞,451,22,4812,2867,9215,11701,25427,7597,27703,31995,16240,14683,13647,20436,14827,22236,16119,16827,17191,13804,20760,17454,21854,14808,28812,17058,33411,21372,22328,29507,14539,21709,12638,15407,13522,14914,9946,14903,5319,10900,346,2826,0,0,0,0,0,0,20250503
202504,경원선,월계,1014,5,5114,1394,10542,2608,27322,7804,25714,17719,16439,18069,12712,10216,13224,7526,13508,10076,13008,13025,11430,9525,13839,10772,19982,13773,17264,15672,11986,24790,6699,16615,5105,10683,4629,9826,3451,8963,1517,5399,101,1289,0,0,0,0,0,0,20250503
202504,경원선,응봉,139,0,1335,199,3491,1054,7973,1596,7480,2695,5404,2377,3936,3543,3516,3046,3502,3300,3315,3333,3271,4251,3817,3970,4087,4814,3774,5330,3555,6300,2119,5030,1651,3124,1120,2646,724,2039,299,1243,48,438,0,0,0,0,0,0,20250503
202504,경원선,의정부,3122,19,10683,2436,31596,7893,54072,13555,53558,39761,32663,37863,27069,28004,29553,30627,31823,31891,33780,36840,33456,33537,36058,32306,37430,37834,41625,46525,43411,60050,26204,53103,25210,32208,16535,26787,12939,22311,6980,15785,1090,9177,2,0,0,0,0,0,20250503
202504,경원선,이촌(국립중앙박물관),58,3,1222,634,4084,3028,10332,5375,11691,8990,8852,5274,7379,4191,6828,4384,6738,4366,6998,5048,6387,5203,7763,5897,8902,6491,10834,7626,10579,9311,5981,6776,5253,4889,4627,4317,2625,4056,926,2266,56,638,0,0,0,0,0,0,20250503
202504,경원선,전곡,2,0,571,7,1275,632,3244,735,4526,2121,3032,1888,2745,1685,2364,2030,2514,2182,2450,2236,2477,2149,2443,2003,2852,2442,2354,2860,1961,3215,1346,3132,1187,1489,656,1333,346,1112,319,1000,8,662,0,0,0,0,0,0,20250503
202504,경원선,지행,72,0,4838,870,11378,2654,22919,6070,24226,13657,15247,7768,13734,6805,11574,7155,11231,8009,10535,8839,9492,11305,9840,14480,10782,15826,11934,20450,11381,21867,7325,17568,5999,13364,5310,10387,3414,9034,2103,6083,260,3958,1,1,0,0,0,0,20250503
202504,경원선,창동,0,0,0,0,0,0,1,0,6,0,7,0,8,0,4,0,13,0,7,0,11,0,12,0,4,0,8,0,8,0,9,0,2,0,2,0,1,0,1,0,3,0,0,0,0,0,0,0,20250503
202504,경원선,청량리(서울시립대입구),1661,13,5684,2214,9319,15026,32078,18163,46579,26259,31428,35830,37541,32062,29543,39013,31787,33158,33548,33203,35056,39675,37511,37116,39687,41185,38552,43237,40223,56876,32021,38431,26875,22113,19104,20234,10694,13967,6162,7611,186,3309,0,27,0,0,0,0,20250503
202504,경원선,청산,0,0,55,3,155,230,631,245,620,266,319,223,294,265,228,319,273,290,274,257,381,210,335,269,499,289,439,296,342,258,141,316,103,167,31,112,26,118,29,119,2,93,0,0,0,0,0,0,20250503
202504,경원선,한남,105,2,947,760,1910,4715,2929,12092,3313,15755,3302,12576,3603,7158,4832,4959,5697,5069,4584,5455,6065,4317,7685,4546,8439,4840,14889,5622,14054,6050,7347,4025,5577,2200,5298,2125,4421,1225,1658,769,78,247,0,0,0,0,0,0,20250503
202504,경원선,회룡,1902,24,15305,2452,31736,6649,62511,9648,55036,14331,34699,12096,28203,11513,25930,15162,24568,16538,21239,18883,17874,21716,16797,25078,17018,32172,15911,39130,13401,50153,8322,45894,6851,26931,5838,22004,3940,17908,1694,10864,338,5338,0,0,0,0,0,0,20250503
202504,경의선,가좌,6,1,3522,420,8723,3629,25438,4425,28830,12255,14433,9612,10249,7017,9602,6406,9482,8168,8191,8671,7902,8712,9367,9027,10120,12271,10854,17152,10306,21769,6083,17863,4474,10540,3813,7939,2997,6000,1186,5338,19,479,0,0,0,0,0,0,20250503
202504,경의선,강매,2,2,2497,264,8184,804,21482,1397,18648,3827,9596,1490,6242,1536,4935,1517,4791,1989,3979,2447,3064,3158,2895,4584,3147,5909,3004,8200,3633,12791,1326,11458,913,7149,758,6590,478,5718,188,3335,11,1116,0,0,0,0,0,0,20250503
202504,경의선,계양,0,0,0,0,0,0,1,0,1,0,1,0,0,0,0,0,0,0,0,0,1,0,0,0,0,0,0,0,0,0,1,0,1,0,0,0,0,0,0,0,0,0,0,0,0,0,0,0,20250503
202504,경의선,곡산,28,0,290,173,935,719,1797,1784,1520,3069,1174,1187,1107,1045,1097,801,807,1026,939,1010,1150,962,1230,989,1435,1147,1981,1435,2278,2031,668,1069,520,679,415,757,216,541,68,372,9,64,0,0,0,0,0,0,20250503
202504,경의선,공덕,19,0,687,64,2081,2196,5072,8422,6505,20845,5776,9352,6127,3695,5865,3834,5621,4159,5786,3810,5777,3627,6187,4233,7372,5134,12538,6916,18220,7683,8717,4963,7738,3875,7568,3651,6223,3133,2713,2259,198,328,0,1,0,0,0,0,20250503
202504,경의선,금릉,44,4,3731,248,11919,2626,19771,5955,16132,11596,11221,5973,8314,4513,8274,4597,7776,5246,7281,6725,6230,7302,6961,7798,8221,10938,9752,13967,10908,15341,5044,15802,4162,9050,3381,7510,2437,7109,583,5262,46,1624,0,0,0,0,0,0,20250503
202504,경의선,금촌,114,0,3940,320,10482,4625,21134,9804,20214,17290,12939,8842,10985,8385,11324,7462,11541,9870,11385,9845,10689,9114,11148,11031,13284,14853,15647,16043,16867,17892,7769,16311,5748,11447,4161,9142,2649,7417,533,5950,146,1764,0,0,0,0,0,0,20250503
202504,경의선,김포공항,0,0,0,0,0,0,0,0,0,0,0,0,0,0,0,0,0,0,0,0,1,0,0,0,0,0,0,0,0,0,0,0,0,0,0,0,0,0,0,0,0,0,0,0,0,0,0,0,20250503
202504,경의선,능곡,98,3,4260,690,10308,1739,22626,3537,19515,8313,11398,5326,8830,4813,7384,5298,7390,5627,6779,5624,6619,6091,6425,7159,7072,9761,7700,12637,6926,17232,3888,13784,3412,8435,2496,7961,1320,7154,626,4482,52,2180,2,1,0,0,0,0,20250503
202504,경의선,디지털미디어시티,11,0,1203,516,3913,1658,10424,2133,11057,4884,6317,4308,4605,2611,3911,2691,3972,2832,3655,3454,3604,3082,3799,3534,4864,4851,5088,7655,5225,10490,3046,8061,2267,4905,1864,4384,1526,3736,898,2714,70,332,0,0,0,0,0,0,20250503
202504,경의선,문산,1269,3,3008,47,8973,2571,17427,8323,17942,15217,12729,5364,9056,7277,9123,7351,10003,7793,9635,8819,9636,5968,8980,10576,10799,10218,13048,12537,12139,13487,5565,15270,4019,9535,2951,7417,1832,7390,146,5515,0,2703,0,43,0,0,0,0,20250503
202504,경의선,백마,226,0,5604,908,17889,6953,37105,7041,28611,11940,16885,6736,12413,5398,11725,5200,10962,6207,9684,8303,8168,8716,9310,10100,12241,13219,12442,17634,11220,31012,5355,26090,4000,14969,3255,14435,3115,12642,842,8731,67,1441,0,0,0,0,0,0,20250503
202504,경의선,서강대,6,0,600,135,1643,1734,3378,2813,4390,10303,3417,6188,3113,4888,2955,3685,3472,3425,3934,4039,3824,3547,4169,3714,5550,4117,7231,4454,6937,4758,4124,3210,3773,2645,4063,2364,3307,2228,1489,1487,21,199,0,0,0,0,0,0,20250503
202504,경의선,서울역,0,0,684,10,1133,8153,2916,23550,3466,32909,2180,18239,1537,6724,1837,5191,2720,4591,3336,6366,3731,2765,6072,2438,8296,2981,14964,4577,23127,5566,9381,2672,5277,1439,5096,1491,847,192,1792,1180,2,109,0,0,0,0,0,0,20250503
202504,경의선,수색,22,1,1516,346,4214,2963,9196,6053,11305,16972,6661,7760,4382,3736,3820,3228,3912,3098,3571,4118,3621,3842,4124,3721,5216,5008,9262,8037,12303,7071,5383,7183,3210,4794,2335,4039,1952,3004,811,2532,10,333,0,0,0,0,0,0,20250503
202504,경의선,신촌,0,0,308,4,290,1335,711,5384,571,7716,835,5592,729,2210,807,1525,1081,1727,1012,2145,1172,1166,1729,866,2337,899,5287,1494,5403,2131,2455,917,1294,708,1364,338,1081,129,547,879,5,113,0,0,0,0,0,0,20250503
202504,경의선,야당,58,1,6067,363,16742,2849,33169,5381,30443,10114,16882,8398,12360,6437,11520,7227,11896,8602,10739,9221,9204,12174,9376,12461,10862,20938,11990,26188,10878,36872,8247,28787,8596,14279,8777,14787,8429,10560,4174,8555,854,2256,0,0,0,0,0,0,20250503
202504,경의선,운정,44,0,4792,687,17625,10485,29256,7613,30560,11738,16268,7164,11270,5137,10038,5531,9659,7225,8884,6460,7885,9293,8726,9400,12496,16040,14796,18864,11529,23932,5724,19020,4373,11628,3292,10840,2799,8376,765,5999,104,1353,0,0,0,0,0,0,20250503
202504,경의선,운천,0,0,0,0,0,0,0,0,0,0,52,47,11,5,9,3,0,0,1,1,0,0,8,12,15,1,66,66,0,0,0,0,0,0,0,0,0,0,0,0,0,0,0,0,0,0,0,0,20250503
202504,경의선,월롱,77,0,490,47,927,2571,1900,8718,2126,11656,2095,5191,1803,2852,2079,1997,3654,2662,3363,1820,2860,1535,5463,1935,7425,1898,11141,2678,10969,2555,3837,2017,2942,2160,2249,2294,797,1970,87,1475,8,592,0,0,0,0,0,0,20250503
202504,경의선,일산,1261,1,8960,801,29069,3710,56847,8773,41503,19814,25759,10218,19121,8805,18157,10352,16889,12291,15787,14312,13552,14963,15485,17355,20134,20129,15241,31006,14429,42154,8270,41792,6214,20898,4797,21265,4707,18314,1415,10788,167,3883,0,0,0,0,0,0,20250503
202504,경의선,임진강,0,0,0,0,0,0,0,0,0,0,38,519,36,153,2,2,2,2,4,3,3,0,144,77,93,16,425,15,0,0,0,0,0,0,0,0,0,0,0,0,0,0,0,0,0,0,0,0,20250503
202504,경의선,탄현,33,0,7203,487,22758,2887,40057,6038,30047,10541,19141,5818,13929,4798,12417,5355,12284,6738,10195,7448,9084,10094,9196,11269,10438,14490,10995,21390,11211,32133,5893,31824,4462,14839,3771,17194,2971,11778,1258,8825,192,2389,0,0,0,0,0,0,20250503
202504,경의선,파주,116,0,732,7,1471,852,2841,3034,3331,6590,2021,5111,2061,2412,2021,1568,3394,1723,2495,1956,2401,1015,3920,1606,5066,1615,5693,1770,5118,2048,1527,1999,951,1452,890,1148,216,994,34,876,2,390,0,4,0,0,0,0,20250503
202504,경의선,풍산,496,2,4534,434,12593,3984,27069,5224,24153,8849,15614,6953,11342,5938,10254,7540,9907,7620,9537,8638,9182,7430,9599,9489,11115,12223,11657,15845,9347,23816,5465,17482,4724,14177,4574,11200,2798,9992,967,6747,61,1521,0,0,0,0,0,0,20250503
202504,경의선,한국항공대,2,0,673,570,1618,1680,4424,2555,4415,12435,3932,12721,4244,13111,5433,6386,5280,5047,5641,7403,8270,5778,6639,3561,13138,3614,11608,3906,9239,4427,5036,3259,3651,2716,3563,2298,3091,2505,2170,1994,164,594,0,0,0,0,0,0,20250503
202504,경의선,행신,4,0,4561,1548,15669,4449,40739,5938,33867,10810,18021,6819,13225,6254,12064,6972,10618,8099,9111,9306,8187,9244,7668,11494,10746,16415,12657,21489,10107,38035,6208,28605,6813,14640,6578,13907,5422,11795,2420,6992,75,2396,0,0,0,0,0,0,20250503
202504,경의선,홍대입구,1,1,383,198,786,537,1251,2088,1989,7448,1609,6975,1399,4544,1566,4114,2137,5214,2641,4662,3477,4914,4481,4616,5106,5476,6684,5619,7307,7157,5675,4299,5416,2886,6114,2242,5793,1946,2602,1657,33,217,0,0,0,0,0,0,20250503
202504,경의선,효창공원앞,0,0,781,389,2362,3099,6229,6733,9409,20295,6211,10291,3988,5328,3751,4214,4286,4052,4539,4456,4834,4019,5367,4468,6972,5000,9282,6796,14934,9381,6115,6379,4311,4770,3449,4672,2809,3992,1153,2674,43,350,0,0,0,0,0,0,20250503
202504,경인선,간석,315,1,6207,1187,12319,2836,22647,4738,21594,9628,11912,5146,9587,5385,9207,5514,9723,6321,9332,7537,7900,7994,8160,8939,9032,12690,8736,14541,9388,18961,4861,17651,4032,10591,3293,8591,2329,7668,1092,4921,131,1872,0,0,0,0,0,0,20250503
202504,경인선,개봉,1402,7,19596,5805,43275,13430,102519,15245,94180,25299,56578,22903,40123,18100,34201,21418,35276,25782,31610,27581,27489,29846,28303,38736,31851,51205,33155,67811,30814,97090,19866,69742,16466,44081,13318,39379,9736,32767,3510,18431,62,1495,0,0,0,0,0,0,20250503
202504,경인선,구일,221,2,4819,2363,11365,6931,29444,9491,24844,15101,14931,16019,11545,8807,11049,8564,11937,11889,10262,16971,10612,11188,13600,13833,21627,21063,20903,33435,15128,43690,9517,23355,14069,11893,29634,11220,9881,8957,2011,5983,30,493,0,0,0,0,0,0,20250503
202504,경인선,도원,657,51,2152,1551,4068,3287,8101,7923,8168,21751,5553,4033,4497,4159,4860,4002,5640,4455,6220,5499,4836,4443,7979,4826,14364,5755,10506,6024,8414,6633,3341,6257,2282,4419,2138,3275,962,2895,395,1969,29,1254,0,0,0,0,0,0,20250503
202504,경인선,도화,304,3,4827,559,7787,1727,17630,4341,14592,8195,9510,4071,7717,3950,7178,4364,7405,5789,6706,5683,6184,6225,6613,6939,7751,9636,7275,9460,6955,11301,3440,11075,2688,6536,1873,5331,1294,4945,691,3787,44,1641,0,0,0,0,0,0,20250503
202504,경인선,동암,554,1,22192,2915,30776,6663,62957,13288,59429,17511,34945,14406,27472,14832,24688,16763,25749,19057,23906,18906,20371,20833,20126,25513,21340,34795,23101,46120,21632,58964,13501,50851,11257,32998,9667,29116,6996,25256,3926,14024,397,4854,0,0,0,0,0,0,20250503
202504,경인선,동인천,1820,14,7471,2382,19180,10565,43832,22997,34419,31220,22596,18088,19214,17351,20764,19559,22778,19021,22698,22505,22126,19076,27955,21742,29166,24931,34646,28088,35475,35066,16839,33467,12677,19309,9403,15736,6144,14319,2335,8894,13,3229,0,0,0,0,0,0,20250503
202504,경인선,백운,189,27,9242,1180,16643,2367,31356,4489,29112,11681,17636,7150,13937,6033,13211,7593,12596,8870,10442,9702,9482,10003,10586,12428,10783,16114,10485,20388,9107,26391,5230,25241,4069,14075,3883,12942,2516,10586,1286,6360,164,2457,0,0,0,0,0,0,20250503
202504,경인선,부개,2124,16,11116,1441,18385,3189,43957,6134,35747,11555,21038,7026,15614,6474,13677,8047,14060,9655,13086,10295,10439,12191,10159,14640,12538,18235,11179,23883,10877,32323,6141,25642,4509,17004,3798,15454,2338,12413,1397,8499,188,1953,0,0,0,0,0,0,20250503
202504,경인선,부천,3534,26,41555,4422,45681,11655,102954,19317,104795,52892,65223,47419,49606,41328,49122,39365,52769,51982,51815,53842,49987,48894,55033,57806,58947,65642,57915,90428,56831,113648,37292,90116,30132,58066,26942,51112,21567,41331,9819,27338,828,5217,0,0,0,0,0,0,20250503
202504,경인선,부평,10957,28,23310,4267,39812,10545,94793,20688,85525,35147,51395,38997,41336,35213,41448,40101,44357,45547,43993,51013,43386,52690,48994,54205,52072,67682,57309,88066,52277,121013,39706,93544,36028,54948,33619,46797,27649,36779,14878,23573,2399,7755,0,1,0,0,0,0,20250503
202504,경인선,소사,1162,9,13867,2532,13931,6572,29093,8138,26432,11120,18351,8719,14047,9543,12481,8445,13468,10770,13257,11220,11763,10642,12075,12684,14259,15366,14090,19478,11486,26134,6945,19458,4727,13815,4272,12451,2430,11027,1145,6862,89,1756,0,0,0,0,0,0,20250503
202504,경인선,송내,1678,10,17471,8407,43008,16131,111699,31520,93113,81069,55197,42426,38533,24397,38768,21909,37262,25886,32295,28527,30356,28914,33998,33401,38296,43257,49193,65004,74542,95100,30336,80374,22217,48287,18152,41646,13761,35317,6271,22550,601,3387,0,0,0,0,0,0,20250503
202504,경인선,역곡,964,22,30531,3038,49674,9620,119902,15817,113481,42315,65857,38942,43820,25784,38559,27642,40737,31424,39859,33529,33263,33159,36937,42107,41713,57090,45949,75775,38081,117679,24232,87895,19807,51960,16576,49046,13922,40422,6231,27188,377,3748,0,0,0,0,0,0,20250503
202504,경인선,오류동,590,11,13131,1512,20446,4101,53095,6098,51486,11534,31363,11152,22873,8206,20079,9578,20096,13136,17902,14446,14898,15309,15613,18963,15667,22662,14851,30016,13656,45321,8641,39114,6927,24085,5599,21441,3739,18702,1519,12503,40,1578,0,0,0,0,0,0,20250503
202504,경인선,온수(성공회대입구),211,0,5775,1566,9336,3719,24352,10386,21355,14667,14318,8677,11313,6425,11310,6763,12643,8335,10697,8407,9967,9182,11968,10274,14648,12078,13627,14810,11684,22059,5616,17584,4412,11172,4913,9876,3240,8821,1591,5338,88,850,1,0,0,0,0,0,20250503
202504,경인선,인천,381,2,1148,921,3696,3012,5659,6978,5261,10291,4094,7310,4262,9011,5178,10707,6816,9769,8584,8474,11495,7070,12971,5377,14534,5194,14633,4667,14247,4186,6300,3244,4862,2484,3010,1992,1464,1712,474,1263,5,991,0,0,0,0,0,0,20250503
202504,경인선,제물포,905,5,8346,1769,19208,5666,41079,15987,33402,39083,20594,19429,16638,11169,17411,9931,18165,13988,17138,14101,14954,12689,20578,14830,26173,19619,24559,24094,25100,34421,10401,27975,8445,16882,7649,15122,4695,14129,1718,9874,96,3034,0,0,0,0,0,0,20250503
202504,경인선,주안,1213,23,15799,3075,30866,7880,62786,19406,57624,30335,36654,25764,28999,19502,30296,19618,32918,21590,29989,21313,26857,22518,29858,24430,33004,33119,38025,41486,36520,56648,21909,55375,19597,31791,17868,27893,13365,26007,6904,17566,645,5670,0,0,0,0,0,0,20250503
202504,경인선,중동,1126,28,11710,1630,19938,4603,46134,6010,37116,11822,22344,7993,16040,8145,14894,8560,15339,9766,13836,12696,12204,12286,11963,15269,12486,19061,13057,25557,11650,34987,6777,27383,5225,17384,4140,15296,2855,12803,1209,8312,121,1867,0,0,0,0,0,0,20250503
202504,경춘선,가평,0,0,857,166,2121,1211,3881,2853,4749,5682,4111,4476,3202,4542,3541,4611,3324,4244,3382,4107,4499,3421,5187,4007,5977,3049,6584,4147,5188,3714,2525,4075,1855,2549,1042,1590,561,1814,276,1284,6,446,0,0,0,0,0,0,20250503
202504,경춘선,갈매,5,2,2102,467,5067,965,15940,2735,10302,5644,6819,2582,4308,3059,3617,1872,3532,2210,3531,2969,3047,2542,3282,4474,3602,4190,3669,6974,4991,10940,2330,7692,1769,4322,2502,3146,1509,3038,649,1744,17,495,0,0,0,0,0,0,20250503
202504,경춘선,강촌,5,0,226,84,351,254,450,506,593,2128,752,2788,637,1847,1041,2763,1119,1106,1346,833,2069,1086,2569,598,2430,769,1766,611,993,693,546,474,339,352,269,374,85,334,31,233,8,60,0,0,0,0,0,0,20250503
202504,경춘선,굴봉산,0,0,75,2,63,60,192,245,177,494,164,543,190,1181,305,759,346,335,559,298,729,253,859,249,725,219,417,193,218,146,137,102,67,81,21,66,13,62,7,49,1,12,0,0,0,0,0,0,20250503
202504,경춘선,금곡,26,0,1949,276,2521,1178,5853,2637,5072,6726,3913,2669,3041,1837,3109,1630,3075,2426,2877,2076,2198,2587,3103,2534,3130,2969,3612,4032,3677,4471,1405,4195,965,1788,659,2148,385,1660,195,1117,9,309,0,0,0,0,0,0,20250503
202504,경춘선,김유정,62,0,196,17,284,130,740,790,682,1300,561,1029,571,1792,775,1943,762,1630,1165,1063,1287,1045,1715,976,1842,880,1809,848,1239,684,463,586,288,458,167,267,103,246,47,214,11,84,0,0,0,0,0,0,20250503
202504,경춘선,남춘천,549,2,1706,19,3927,978,4917,2899,6551,6247,6823,6667,5989,5486,5611,9561,5965,8019,7480,6203,7738,5054,8764,5961,8741,5874,7460,5748,5796,7010,4357,8209,3380,4953,2932,3491,1947,4689,738,2560,11,1898,0,0,0,0,0,0,20250503
202504,경춘선,대성리,7,0,2005,153,2764,378,1801,938,1873,1282,2277,1173,2803,2469,2063,1851,1234,1583,1478,2441,1771,5403,2158,3101,2220,2360,2092,2067,1142,1227,665,1135,430,735,270,457,251,423,140,362,4,36,0,0,0,0,0,0,20250503
202504,경춘선,마석,15,1,1446,527,9488,3019,16467,6436,14864,7126,10573,6217,8621,4763,6991,5398,7784,5540,6821,7038,6459,6798,6623,7973,7532,8119,7166,12014,6831,13148,3387,10370,2624,7029,2151,5518,1619,4810,660,2176,42,979,0,0,0,0,0,0,20250503
202504,경춘선,백양리,0,0,11,4,16,22,44,354,90,247,161,214,196,501,200,483,230,238,377,276,310,223,415,200,387,133,366,64,176,79,70,45,51,76,25,39,24,33,23,41,0,7,0,0,0,0,0,0,20250503
202504,경춘선,별내,24,0,1192,576,3122,1519,8945,4482,8293,6471,5711,3641,4270,3397,3603,2587,3932,2580,4007,3241,3907,2893,4047,4169,4934,4023,5502,6059,6135,7204,3234,6724,2126,3271,1910,2082,1575,2478,805,1335,39,385,0,0,0,0,0,0,20250503
202504,경춘선,사릉,73,0,1834,687,3951,1738,10262,4808,8154,4571,5168,2530,3751,2276,3434,2304,3397,2365,3155,2252,2493,2561,2739,3049,3185,3547,4541,5693,5051,7895,1941,7496,1296,3475,1056,2697,540,2494,198,1740,5,381,0,0,0,0,0,0,20250503
202504,경춘선,상천,2,0,144,67,251,328,690,451,657,1104,751,1339,558,1688,777,1270,751,1007,1009,651,1554,725,1541,770,1592,418,1155,506,566,469,285,493,142,244,58,261,24,120,20,112,2,32,0,0,0,0,0,0,20250503
202504,경춘선,신내,37,1,1527,589,5568,2836,14090,6753,11446,10616,5713,2789,4295,2490,3810,2441,3745,2456,3546,3338,3292,2795,3855,4730,5010,3938,5779,7342,7929,9644,3227,7052,1890,3831,1720,3198,1236,2968,734,2164,97,804,0,0,0,0,0,0,20250503
202504,경춘선,천마산,8,0,1066,179,3517,723,8153,1764,6832,2170,5300,1834,4036,1535,2756,1888,2773,1944,2310,2117,2410,2390,1913,3529,2169,3411,2022,4646,1751,4262,864,5298,614,3020,516,2701,223,1792,138,1100,6,284,0,0,0,0,0,0,20250503
202504,경춘선,청평,49,11,1026,293,2577,1230,4461,2021,5319,4497,4294,5369,3909,4226,4030,3355,3777,4105,3987,3210,4202,2975,4720,3848,4713,4167,5088,5227,3688,4291,1790,3672,1312,2233,842,1701,489,1696,224,1202,11,362,0,0,0,0,0,0,20250503
202504,경춘선,춘천,318,2,716,4,1465,507,1950,1523,2788,4730,2971,6439,2466,4345,2936,5577,3064,3739,4421,3899,5367,2499,7129,3001,8214,2152,6694,2569,4567,2567,2891,2776,1637,1658,1312,1465,753,1265,216,1138,3,750,0,0,0,0,0,0,20250503
202504,경춘선,퇴계원,47,0,3205,580,6567,1693,18153,3578,13671,5016,9368,2799,6943,3513,5519,2924,6168,3035,5371,4087,3594,4181,4084,5748,4235,7213,4976,8885,5670,11309,2304,11250,1820,6275,1380,4258,1020,5544,439,2441,36,813,0,0,0,0,0,0,20250503
202504,경춘선,평내호평,724,8,6225,752,15358,2030,32446,4946,25130,11262,14587,6989,12861,5400,10525,5844,10129,8255,9005,7682,7716,10149,8361,10419,8139,12614,9111,22067,9224,26612,5369,19557,4133,11429,3750,9291,3643,8280,1540,5583,60,2290,0,0,0,0,0,0,20250503
202504,공항철도 1호선,검암,1496,0,8974,621,15268,2229,36983,7667,24148,16292,12781,5339,9198,3776,9202,3625,9025,4580,7027,5208,5969,5981,6318,7542,7892,10431,9031,14579,11366,26955,4492,23433,3551,14146,2837,12860,1954,12894,976,9903,181,4993,0,0,0,0,0,0,20250503
202504,공항철도 1호선,계양,54,0,14658,748,41642,3873,77021,5506,59553,7661,38377,7153,25148,5305,20348,6380,18931,7841,15516,11028,12673,13578,12382,17745,14182,25734,13756,34598,10519,64320,6878,54112,4814,33876,3850,30298,2669,28387,1396,16686,258,4949,0,0,0,0,0,0,20250503
202504,공항철도 1호선,공덕,60,1,1970,229,3244,1896,7563,4326,8590,13263,5215,6656,4100,4155,4177,4282,4137,4759,3968,4879,3626,4954,3849,5675,4832,7135,7354,10209,11345,15461,5064,9533,4202,6557,4102,6327,3173,5901,1613,4325,88,1790,0,0,0,0,0,0,20250503
202504,공항철도 1호선,공항화물청사,7,2,508,974,1537,7781,1909,11328,2010,18708,1606,2593,753,1663,686,3051,1027,3683,1298,2770,1807,2749,2818,1968,4913,1506,11001,1849,13278,1417,3381,1565,2266,2198,2497,1123,2459,470,622,218,13,89,0,0,0,0,0,0,20250503
202504,공항철도 1호선,김포공항,21,0,1796,2224,2839,11692,6031,21629,13001,18360,15170,10080,15465,9455,14961,10370,16686,11579,16621,10219,16501,9071,17578,8734,16044,9448,20278,10934,25438,9250,17580,4873,11397,2371,16479,1396,15886,1332,6430,926,217,656,1,65,0,0,0,0,20250503
202504,공항철도 1호선,디지털미디어시티,161,4,4243,908,9954,7741,24984,34556,26304,90468,14782,42190,10840,16805,11546,12381,12750,13563,13923,13799,13620,11579,17076,12453,21725,14715,52538,22285,83186,30721,33495,20320,20687,12187,19386,11293,13842,10307,6672,6465,877,2890,1,11,0,0,0,0,20250503
202504,공항철도 1호선,마곡나루(서울식물원),37,0,3069,1435,6716,14418,16477,42275,18269,85425,10517,39805,7485,14483,9151,10064,10981,10287,10114,10501,10826,8968,16159,9330,27679,11864,72807,16336,64441,20531,27618,13377,18872,8823,13718,8239,9197,8347,3111,5282,500,2942,0,0,0,0,0,0,20250503
202504,공항철도 1호선,서울역,273,1,3236,1906,5002,16109,13523,24282,17683,35343,17787,30052,17763,23775,22046,24091,26262,23079,27433,21697,21352,18863,30348,21180,30591,22216,38237,23134,39035,23646,30454,20869,22491,13517,25316,12762,17294,9579,11230,4350,232,2739,0,0,0,0,0,0,20250503
202504,공항철도 1호선,영종,7,0,3948,200,13269,1830,19849,3368,14916,3774,10553,3369,8907,3248,8341,4471,7438,4373,6463,4250,5683,6210,6236,8757,6664,9036,6699,10199,4823,17840,3139,16072,2498,9652,2365,10062,1792,9787,879,8188,149,2763,0,0,0,0,0,0,20250503
202504,공항철도 1호선,운서,156,8,17921,922,25149,8177,35881,12299,28635,13506,16691,11866,16822,7135,20158,7700,18926,10084,14385,11118,12839,13484,13907,15384,15286,18642,18352,23594,13771,35668,8464,28218,7253,25514,7380,24002,5874,25507,2497,17810,284,5546,0,0,0,0,0,0,20250503
202504,공항철도 1호선,인천공항1터미널,0,0,9836,10603,13612,19346,17455,36230,18828,33787,15217,26869,13839,26531,17810,30864,25105,37866,27240,28039,30346,23360,36820,19771,32653,20415,30761,24842,34952,18607,23518,18990,23821,12765,26095,10410,28854,7680,12754,7103,163,4643,0,0,0,0,0,0,20250503
202504,공항철도 1호선,인천공항2터미널,0,0,6577,7963,6851,12896,10354,22271,10635,18311,8224,9104,4337,9688,6083,15956,8995,18060,12118,13482,15016,12117,20553,10023,17746,10663,23555,12522,24114,7158,14070,3932,14834,3521,16729,2936,13378,2220,3323,2142,1,2494,0,0,0,0,0,0,20250503
202504,공항철도 1호선,청라국제도시,109,1,7880,281,19264,6466,36712,8239,23212,18004,14384,4980,10534,3225,11508,3254,10481,4430,8345,5687,7317,6854,8517,8163,11009,11361,16173,16201,19444,26656,5883,24879,4169,16271,3080,15141,2218,16433,1134,9287,155,4014,1,0,0,0,0,0,20250503
202504,공항철도 1호선,홍대입구,236,10,5330,519,6881,4654,12021,11522,15537,28266,14414,32461,15160,25016,16486,26898,18358,31509,20573,31711,22611,27744,28027,27567,34192,30129,40487,33736,45525,41649,37496,28244,35008,16881,39066,13936,33027,12341,15391,9893,1387,3150,0,0,0,0,0,0,20250503
202504,과천선,경마공원,2,0,478,589,1261,2710,2118,4108,2743,11699,2670,27568,2762,30760,3285,23263,4456,22504,6283,16585,8718,11013,12792,6764,19465,4853,29469,3504,53842,3711,11682,2981,11419,1659,3135,1137,522,890,171,567,28,91,0,0,0,0,0,0,20250503
202504,과천선,과천,3,1,2988,366,11646,2617,29513,6792,27850,11134,17785,6156,13108,5177,11548,5239,11206,6504,10903,7373,9685,8626,10189,10304,10535,12332,9849,15974,9216,22970,5332,19252,3306,11987,2457,12398,1751,11104,640,6073,121,1488,0,0,0,0,0,0,20250503
202504,과천선,대공원,2,0,113,255,367,3892,755,5315,1972,19370,1961,30516,2798,31584,6601,21318,12764,17847,15550,17376,19396,14959,25477,9336,25581,5446,25522,3604,20653,3046,8425,1809,5718,1038,5657,660,2510,393,229,196,16,31,0,0,0,0,0,0,20250503
202504,과천선,범계,112,4,9664,3232,45670,12247,116413,28429,94663,66180,55301,47097,41986,32449,39345,31199,42428,32705,40356,41385,38574,39646,41311,47151,47242,56737,55001,75599,62538,113456,39311,95190,38952,48684,30548,41614,24739,35722,10025,20159,1185,6585,1,0,0,0,0,0,20250503
202504,과천선,선바위,1,0,958,1441,6206,10685,17092,23703,18839,28431,14938,16253,11289,8321,10173,8039,10863,8208,11299,8152,10901,7591,12619,8212,16701,10689,27205,12466,31630,15658,14261,11761,9359,8688,7063,7720,3786,7161,1209,4040,118,702,0,0,0,0,0,0,20250503
202504,과천선,인덕원,114,8,10098,3637,35000,18514,89830,51144,78955,114361,51148,42549,39120,23566,33658,22619,35357,24140,35321,27990,31221,28670,35126,32785,43047,42285,70140,58018,90475,90988,33581,73958,26742,41585,25327,37877,15931,36031,6085,21117,745,6447,0,0,0,0,0,0,20250503
202504,과천선,정부과천청사,23,0,2363,1449,10270,14932,26466,46249,22940,107436,16922,28396,13896,13253,14338,10819,15874,13162,16666,14523,16833,14563,18904,14734,28918,16163,48860,21823,71604,28086,21392,23346,16420,12881,14431,11793,8253,9600,2413,5469,235,1359,0,0,0,0,0,0,20250503
202504,과천선,평촌,89,2,5181,2473,26008,10066,70651,37247,55944,93532,31005,30533,23390,16340,20986,13815,22214,15752,19759,19525,19799,17428,23577,19734,27616,25300,49581,34992,62901,54543,23879,47069,18896,24986,17505,21643,11891,19153,4460,10391,561,3650,0,0,0,0,0,0,20250503
202504,분당선,가천대,15,3,4989,943,7757,3831,20370,8318,26747,53653,17794,41800,14041,33586,18380,23177,22203,26365,23336,19771,29347,18775,30406,14035,40845,14164,43008,18189,26299,25410,15940,19387,12532,15108,11154,16414,10094,16495,5712,11748,216,1283,0,0,0,0,0,0,20250503
202504,분당선,강남구청,18,0,1447,940,3042,6166,8240,20626,12404,59209,10407,44010,9177,21246,10326,14940,11644,15089,12830,17317,14670,15095,16772,15159,19970,15290,33930,18173,51155,22679,26312,13749,15206,8075,13165,6499,8714,5891,2802,3281,90,702,0,0,0,0,0,0,20250503
202504,분당선,개포동,7,0,1334,483,4779,3593,14013,7343,15471,9784,10452,7208,8055,6113,6514,4763,7937,5311,7140,6724,6935,6391,7929,7619,9096,9013,9026,12162,9169,15023,5469,11975,4429,7862,3737,7083,3259,6396,1229,3744,34,128,0,0,0,0,0,0,20250503
202504,분당선,구룡,3,0,1053,558,3631,4272,10431,11885,13551,9230,10272,4435,7717,3398,6710,3440,6806,4218,5896,4753,5231,4893,7827,5947,8358,6886,6533,9147,6877,11314,3943,8795,2787,5205,3170,5016,1430,4625,388,2976,28,116,0,0,0,0,0,0,20250503
202504,분당선,구성,150,2,2849,642,10838,4479,28709,9991,30663,13022,17745,8224,13520,6069,11199,6512,10488,8031,8858,8156,8112,8659,8668,12059,10500,13516,13858,22724,13270,28726,7864,21182,6462,14812,4739,11440,3842,12815,1810,6934,105,701,0,0,0,0,0,0,20250503
202504,분당선,기흥,351,14,6058,835,17511,5016,42354,17456,40003,33817,21863,14080,14880,12711,14952,12276,15188,10180,14721,13541,15166,12160,15465,14498,19294,16879,25938,24241,25961,38049,13564,30161,10208,18166,8734,14384,6549,15546,2365,8654,62,1089,0,0,0,0,0,0,20250503
202504,분당선,대모산입구,9,0,2742,603,8283,3477,26831,7168,26852,12241,16404,6250,10901,4893,9173,5379,9203,6494,8692,7404,7262,7240,7341,10066,9567,11424,11053,15058,10964,19455,5541,16530,4051,10421,3123,9901,1923,10106,679,5560,13,312,0,0,0,0,0,0,20250503
202504,분당선,도곡,37,3,1599,1211,5173,7324,13234,18207,18270,25360,14628,20613,11687,10905,11804,10294,12418,10122,13027,11254,13213,12132,17172,12956,17811,14191,23113,16174,24027,18512,12902,15213,9432,9783,7434,9057,5741,7554,1215,4156,57,325,0,0,0,0,0,0,20250503
202504,분당선,망포,77,4,6587,2965,24079,10090,63378,31091,56453,47810,27739,18462,18706,10084,16080,11354,17239,13027,16996,13797,14261,13992,16516,19324,22580,24928,38419,35007,45213,53998,22455,46296,17807,29419,14460,22905,11005,20237,4026,12299,156,1084,0,0,0,0,0,0,20250503
202504,분당선,매교,496,6,5015,1001,11708,3522,24648,7480,24884,14498,11395,5762,7499,4656,7071,5446,7851,6309,6357,5995,5625,6801,8097,6829,11411,10554,8781,16455,8294,22072,4768,15040,3783,10223,3651,8460,2498,7340,622,4063,31,655,0,0,0,0,0,0,20250503
202504,분당선,매탄권선,54,1,4217,927,12199,3351,25847,6167,23482,16600,12361,6331,8932,4066,7945,3922,8556,5088,6666,5786,5798,5342,6749,7879,10454,10411,11098,15494,9507,23924,5395,16348,4117,10593,3661,9198,2858,9177,840,5630,24,546,0,0,0,0,0,0,20250503
202504,분당선,모란,504,16,16285,2650,24189,11595,57610,24791,71940,39319,50816,31640,35871,31119,33394,33927,37758,34667,36997,35651,35434,36436,36395,43619,38950,46101,42332,50448,41014,66669,23374,47420,17594,35344,14991,30830,11393,25710,6323,15399,328,1656,0,0,0,0,0,0,20250503
202504,분당선,미금,642,8,3631,828,13928,11738,30541,23994,34597,51117,25500,36729,24694,23765,26564,22879,26798,24363,26208,25863,27574,25824,33462,26613,32302,29369,38587,35283,40957,41666,22518,31645,18255,21263,18355,18392,12998,16464,4084,8811,240,1969,0,0,0,0,0,0,20250503
202504,분당선,보정,55,0,1173,96,3941,1247,10230,2858,11177,6715,7208,2298,5574,1613,4775,2041,3976,2505,3673,2609,3244,3154,4275,4227,4663,5190,4499,5899,3719,7548,1630,6757,1251,4251,1173,3919,962,4173,376,2477,3,145,0,0,0,0,0,0,20250503
202504,분당선,복정,0,0,0,0,0,0,3,0,6,0,10,0,8,0,5,0,5,0,13,0,7,0,10,0,21,0,11,0,8,0,7,0,2,0,2,0,3,0,1,0,0,0,0,0,0,0,0,0,20250503
202504,분당선,상갈,30,0,3496,733,9407,2956,22189,7183,21708,9600,14363,5666,9481,4283,8601,4672,7857,4659,6936,6964,6209,6408,7045,7749,8271,11189,10160,13611,10598,17209,5798,14195,3617,10711,3109,9233,1909,8434,653,4779,3,789,0,0,0,0,0,0,20250503
202504,분당선,서울숲,211,0,2850,581,5888,6618,14293,26390,23713,51377,16192,43401,10266,35884,12446,31602,16575,31787,20660,34414,24820,34893,32903,32326,39910,30427,58357,30151,64496,36248,40795,21758,26962,11178,21526,8863,14142,7527,3823,3693,143,802,0,0,0,0,0,0,20250503
202504,분당선,서현,318,25,4388,2948,13751,13186,37007,37606,42327,91031,31759,68271,28658,38644,29355,34121,33089,35519,34533,36620,37509,37104,43928,36004,47726,42536,66385,49690,82329,61546,46784,44395,43756,27006,34771,21714,25488,19371,9290,9882,421,1311,0,0,0,0,0,0,20250503
202504,분당선,선릉,49,0,1091,1601,2646,13122,5815,53235,8852,135681,7544,87384,8162,40110,9958,25882,12615,23092,13857,25377,15352,20286,20475,17407,28772,19998,53464,23321,78224,25863,34204,16082,22895,8645,20044,7212,15709,5949,4703,3400,209,673,0,0,0,0,0,0,20250503
202504,분당선,선정릉,15,0,962,1088,2314,4748,5580,14469,8241,49243,7851,42224,6499,15309,7774,10319,9972,9352,10169,9784,11586,8681,12283,7943,14588,7933,26864,9776,42461,10398,21360,7275,11154,4359,8925,4012,5774,4079,2003,2122,107,433,0,0,0,0,0,0,20250503
202504,분당선,수내,146,3,2997,2117,8582,9207,20808,25185,24882,57454,17772,43730,14431,22384,15386,17679,17379,18204,18828,18361,21356,19043,22726,18653,25833,21394,39244,25625,52319,29217,29527,22040,25647,13821,18179,11598,14215,11222,3670,5362,159,928,0,0,0,0,0,0,20250503
202504,분당선,수서,69,1,4270,4825,11374,15274,45192,32916,64698,49989,40245,30094,34840,21645,24589,19751,30504,23172,26208,21938,20675,23697,28891,27552,31478,35280,41998,49439,44111,65019,20850,40552,20106,28867,15050,26062,14488,23256,7737,9502,277,1908,0,1,0,0,0,0,20250503
202504,분당선,수원,778,5,6128,763,10038,4878,25202,11032,25149,15963,12793,13282,8911,9664,9089,11524,10407,12189,10602,12197,10365,11996,12582,11653,14942,15056,17821,23265,19686,27842,14368,18992,14778,11482,12612,8684,11257,5923,4511,4056,133,747,0,0,0,0,0,0,20250503
202504,분당선,수원시청,304,3,6936,2209,14678,8229,37025,20250,34864,58789,18261,38950,15345,19451,17021,17127,20412,20540,18356,21685,19487,16852,23859,18619,30837,22728,35462,38526,46119,51318,23569,36033,20405,24018,20700,15867,15987,15595,6124,9756,278,1192,0,0,0,0,0,0,20250503
202504,분당선,신갈,121,1,3187,234,10438,1153,21251,2538,21818,8183,12572,5316,8804,3987,9000,4455,7846,5498,7044,6579,6310,6575,7604,8270,8066,8966,6163,13055,5461,18935,2669,14888,2018,10307,1764,8121,1256,9286,485,5007,12,339,0,0,0,0,0,0,20250503
202504,분당선,압구정로데오,105,2,2309,1204,3876,13723,5987,29824,9218,72331,8888,104375,10703,57136,15617,40340,20950,33330,24683,33630,29720,31567,39024,30603,48855,32631,64292,38756,85498,43384,67404,25303,54290,11715,36515,8180,25407,6454,8793,3724,426,896,0,0,0,0,0,0,20250503
202504,분당선,야탑,202,1,7671,3516,21644,17140,58507,47189,63689,103337,45445,58574,36815,38784,37503,34625,38989,37348,38725,41271,40439,38018,45409,42094,53586,47378,70260,59626,83014,75728,40298,54901,29911,36447,26967,28068,18329,27928,6845,14851,327,2172,0,0,0,0,0,0,20250503
202504,분당선,영통,91,7,2936,2162,8905,4988,20976,12548,20733,31463,12689,20587,10427,14486,10690,12730,12410,14203,13598,14008,13449,13777,15797,13877,19560,16360,26040,22940,28318,27870,15432,20275,14051,12575,14322,11526,15077,10842,5347,6589,258,528,0,0,0,0,0,0,20250503
202504,분당선,오리,696,6,3768,451,16488,8582,32831,16111,32269,37445,22637,16724,17966,10921,16798,11513,16807,13159,16772,12606,15708,12838,18246,14899,19466,16843,27873,20036,33963,26041,12809,21607,10636,14754,8901,12583,6061,11402,1911,6669,71,1748,0,0,0,0,0,0,20250503
202504,분당선,이매,65,5,2636,917,6461,3307,15653,11654,16470,16404,12061,7166,10400,6718,8946,6574,9809,6837,8129,8343,8386,7499,9832,8978,14917,10513,13058,13264,13939,16930,6027,13253,4736,8198,7767,7516,4869,7706,1164,4213,57,845,0,0,0,0,0,0,20250503
202504,분당선,정자,316,12,3476,1312,11766,16593,30441,46889,34053,91617,25196,55599,19610,26071,20012,19430,20677,18667,21226,21147,21587,19421,27995,21580,33412,27531,59811,39220,73411,47816,39734,37478,31903,22897,30848,20166,25898,17844,10185,10248,1077,2638,0,0,0,0,0,0,20250503
202504,분당선,죽전,1564,11,5395,1172,19472,7955,46563,19193,40145,33433,25266,31554,19762,24026,18399,22357,20240,21947,21091,21823,21347,22387,23469,25303,27558,29557,33669,36202,33573,51043,22631,40894,26360,25399,13853,22307,11248,21126,3744,13396,1,6601,0,0,0,0,0,0,20250503
202504,분당선,청명,36,1,3247,916,9279,2867,23063,6689,21311,10949,11193,4612,7002,4381,5958,4036,5931,4798,6098,5320,5239,5607,6204,6650,7523,8557,8186,12734,10350,18369,4697,13832,3145,9166,2325,8084,2160,6882,687,4350,17,303,0,0,0,0,0,0,20250503
202504,분당선,태평,365,30,15964,1585,21296,4978,44990,8498,62550,18862,41321,12777,24245,12152,20041,13469,21053,15531,19521,16176,18112,19187,17791,26207,19384,30003,20370,36005,18963,46819,10938,33679,8390,25381,6256,27694,4217,21606,1805,11858,85,1109,0,0,0,0,0,0,20250503
202504,분당선,한티,18,2,2354,1704,9630,11367,26763,31719,30304,47536,20962,41879,16547,25995,17525,21107,20312,24796,21444,30320,21488,23360,24823,27810,30746,32807,43877,40361,45692,39280,29568,27486,30665,16835,26078,14943,28640,12545,4563,6541,211,450,0,0,0,0,0,0,20250503
202504,서해선,김포공항,17,5,305,2428,788,7953,2041,11265,2907,13478,3050,8235,3043,8577,3199,9552,3791,9497,4896,8697,5443,7556,6594,6655,7167,7507,9404,8677,11240,8038,7400,4111,5560,1941,6449,1314,5457,963,1962,1114,77,351,0,0,0,0,0,0,20250503
202504,서해선,부천종합운동장,28,0,2943,428,5358,1401,14573,3722,14931,4934,7253,2465,4006,1808,3594,1845,3623,2252,3358,2663,2997,2684,3106,3393,3787,5013,4764,6718,5504,11241,2603,8907,1910,5078,1611,4710,1023,4228,391,2300,31,402,0,0,0,0,0,0,20250503
202504,서해선,원종,39,2,5891,919,9311,3510,20745,6735,18227,10281,11184,5267,8189,4479,8192,5023,8218,6536,7283,6248,6265,7317,6826,8951,8451,11385,9370,14885,10247,19742,5458,15155,4299,8545,3197,7649,2536,6646,1193,4306,35,710,0,0,0,0,0,0,20250503
202504,수인선,고색,770,2,3757,489,9873,3564,22395,21153,18077,29098,8494,7100,5596,4045,5469,4988,6794,5032,5662,4733,5019,4665,6848,5763,8508,8136,18895,11255,22897,14056,7619,14833,6996,9686,4731,6741,2403,5827,1060,4066,2,2149,0,0,0,0,0,0,20250503
202504,수인선,남동인더스파크,1,0,464,959,1179,4773,1501,20038,2236,24214,1368,3074,1381,1301,1759,1453,2022,1616,1915,1471,2233,1208,2911,1067,3961,1359,16825,1703,12492,1973,4573,2174,4673,1564,1926,863,487,517,202,298,0,26,0,0,0,0,0,0,20250503
202504,수인선,달월,0,0,9,51,36,108,165,134,171,418,71,108,77,112,118,117,93,106,98,89,142,98,141,94,235,132,390,132,921,141,106,86,70,55,32,44,32,88,9,18,0,4,0,0,0,0,0,0,20250503
202504,수인선,사리,3,0,5326,466,12450,1698,28587,4147,24500,5990,13631,2952,9719,3010,7444,2909,7777,4235,7119,5345,5569,5089,5558,7518,6124,10952,6880,12497,6910,22269,4044,14803,2568,9808,2222,10523,2401,7925,922,5881,14,708,0,0,0,0,0,0,20250503
202504,수인선,소래포구,17,0,2943,402,8939,2462,19375,3923,16439,7641,9097,6499,7145,7456,8526,12216,9548,13230,9898,10420,12477,9361,13555,8516,11897,10911,9719,12734,8401,16038,4986,10745,4125,7058,4073,7049,2685,5467,1417,3735,21,665,0,0,0,0,0,0,20250503
202504,수인선,송도,10,0,2065,393,5194,1722,9708,2841,9179,4604,5176,2803,4372,2639,4349,2964,5193,3208,4911,3449,4017,3836,4480,4657,4983,5303,4930,7005,3870,8029,2407,5654,1784,3540,1480,3362,936,2321,324,1489,5,418,1,0,0,0,0,0,20250503
202504,수인선,숭의,13,2,3812,944,7706,3859,16617,8723,13035,12461,7910,5191,7694,4200,7172,4283,6956,5223,6929,5944,6212,5301,7199,6164,8405,8655,10778,10404,9619,13852,4726,7776,3275,5900,2359,5729,1814,4214,835,2419,10,560,0,0,0,0,0,0,20250503
202504,수인선,신포,6,1,1162,275,1952,1255,3722,5128,3507,8545,2299,3659,1996,3106,2442,3053,3197,3135,3350,3580,3506,3077,4623,3289,6130,3776,6030,4101,6252,5281,3063,2592,2658,1831,1998,1664,1268,1161,542,694,0,186,0,0,0,0,0,0,20250503
202504,수인선,야목,1,0,280,20,1433,500,2133,836,2008,777,1259,516,763,766,834,508,756,501,692,592,608,528,861,675,1099,883,1409,1022,969,2120,472,1196,309,532,226,804,179,573,65,297,0,72,0,0,0,0,0,0,20250503
202504,수인선,어천,1,0,391,118,2053,1833,5163,5116,4727,4321,3760,1904,2923,1715,2674,1811,2920,1858,2525,2390,2156,2156,3249,2425,5764,3616,3543,3669,4591,5134,1842,3384,1284,2111,734,2080,503,1629,173,787,2,123,0,0,0,0,0,0,20250503
202504,수인선,연수,13,1,3073,900,7479,2548,16881,5504,15293,12444,7625,7292,6665,6136,6541,6031,7581,7460,7979,7653,7641,6930,8242,7804,8719,10905,8962,14714,11054,16383,6201,10230,5734,7501,5355,6546,4254,4447,2314,2989,36,604,0,0,0,0,0,0,20250503
202504,수인선,오목천,6,1,1321,514,6843,2200,15747,6086,16065,17331,9440,9465,6970,5884,6928,5395,9178,5850,8299,6954,7223,5124,9688,6102,13794,8610,14113,7750,12094,14956,5737,9085,3560,5306,3648,4811,2504,5734,969,3455,14,300,0,0,0,0,0,0,20250503
202504,수인선,원인재,82,0,3815,728,7746,2647,15337,6438,17537,9407,9615,5109,7303,4886,7336,5161,7556,6200,7056,6448,6308,6855,7090,8925,7183,10840,8451,13477,8428,17399,5293,11978,4389,8526,3884,7839,3014,6445,1576,4624,71,708,0,0,0,0,0,0,20250503
202504,수인선,월곶,4,0,1882,415,5592,1558,13629,1920,12876,3498,6966,3351,4951,4912,4685,4729,4635,4779,4185,4358,4157,4342,4440,5235,5262,6876,5133,8370,6866,11357,3475,5984,2345,4374,1833,4729,1257,3500,565,2039,5,310,0,0,0,0,0,0,20250503
202504,수인선,인천,69,0,583,279,1226,1140,1954,2639,2008,4649,1895,2901,1789,3281,1906,5076,2223,4559,2437,4185,2813,3839,3852,3638,3072,3539,2987,3478,2502,3969,1544,2804,1178,2022,757,1375,511,1361,142,861,6,239,0,0,0,0,0,0,20250503
202504,수인선,인천논현,5,0,2778,771,7064,5035,16906,9205,15679,14014,9676,9686,8277,6852,8694,7447,9227,8189,8388,9273,8124,9369,9185,10057,10591,13195,12185,17382,11727,20310,7403,12349,7119,7932,6835,6941,4951,5136,2329,3708,11,683,0,0,0,0,0,0,20250503
202504,수인선,인하대,36,0,4562,607,13476,2872,28979,6036,23632,23334,10565,14059,9701,16281,10793,10069,11900,11911,11767,12036,12185,11049,14976,10339,19179,14068,19526,21057,15934,26715,9353,15230,8968,10217,8156,9480,6356,7057,4379,5084,130,1237,0,0,0,0,0,0,20250503
202504,수인선,호구포,7,0,1995,763,3663,7267,8022,20951,8634,22627,5549,4468,4674,3188,4741,3497,5179,4004,4786,4253,4593,4061,4864,4248,6125,5605,18143,7065,17032,8038,5655,6340,5515,4637,4062,3841,2000,3134,955,2320,0,348,0,0,0,0,0,0,20250503
202504,신림선,관악산(서울대),6,5,913,786,2110,2000,7182,5059,7231,13467,4621,14330,4289,12257,4821,6834,6771,6665,7837,6679,8023,5731,10885,4362,11324,3871,10771,3641,9492,4927,3804,4110,2270,2774,1933,2404,1404,2409,776,1608,199,913,0,61,0,0,0,0,20250503
202504,신림선,당곡,7,0,2128,258,5237,1232,14944,5037,20996,9875,13312,6633,8344,5572,7896,5184,8102,6252,8201,6328,7388,6993,7708,8610,7902,9303,9802,12378,10674,17829,5779,13729,4958,8327,3331,7701,2256,6853,938,3846,187,1473,0,0,0,0,0,0,20250503
202504,신림선,대방,75,0,1875,369,3027,1727,8581,3435,12514,6149,7315,3539,5208,3076,5048,2860,5640,3330,5321,3911,5194,3679,5607,3956,5551,4753,6717,6116,6296,8878,3819,5696,3217,4025,2671,4056,2187,3703,1002,2482,255,844,1,40,0,0,0,0,20250503
202504,신림선,보라매,4,0,1989,407,3918,2256,11828,8167,16102,15083,9092,5617,6300,4217,6080,4441,7495,4971,6940,5121,6499,5007,7563,6033,8958,6569,10182,9441,14304,14122,5726,10508,5055,6342,4219,5625,3271,4884,1405,3097,329,1058,0,6,0,0,0,0,20250503
202504,신림선,보라매공원,0,0,622,485,2201,1572,6664,5890,8022,9752,4529,4332,3610,2853,3943,3243,4120,3675,3914,4561,4056,4370,5096,4883,5297,4651,6145,5507,7159,8146,2855,5727,2224,3564,1525,2849,1259,2730,404,1498,99,602,0,1,0,0,0,0,20250503
202504,신림선,보라매병원,3,1,1008,583,2419,5989,9045,27891,9823,53969,10744,24256,10729,13798,12322,10421,11941,11304,11547,13525,13912,12100,17144,9998,17999,8484,32248,10272,35685,12667,12181,9338,9244,5255,6820,4781,4782,3290,1344,1566,151,564,0,0,0,0,0,0,20250503
202504,신림선,샛강,3,0,376,978,867,2844,2069,15379,3000,29988,2517,10782,1960,5008,2499,4352,2779,3489,3182,4541,3980,3718,5038,3750,5622,3964,12545,4664,20390,5321,7260,2865,5126,1961,4667,1353,3277,1114,1653,675,512,337,1,71,0,0,0,0,20250503
202504,신림선,서울대벤처타운,39,1,6690,386,11831,3233,37131,6923,48871,9995,29284,9312,19406,7635,17146,8954,18000,10413,17114,11448,14599,11898,13776,16025,15308,20512,15614,25175,15405,36806,9006,31648,6733,19140,5520,18368,5136,17713,1807,12944,491,5421,2,3,0,0,0,0,20250503
202504,신림선,서울지방병무청,0,0,1362,411,3839,1307,11184,4397,14641,6344,8701,3799,7080,3289,6026,3194,5585,4962,4941,5202,4667,5426,5822,6604,5218,7633,4863,9342,4808,12537,2627,9155,1969,6226,1792,5445,1403,5191,403,3242,114,1075,0,1,0,0,0,0,20250503
202504,신림선,서원,0,0,2546,381,4897,869,15188,1354,20851,2487,12913,2625,7558,2285,6075,2668,6125,3290,5586,3442,4755,4046,4397,5440,4481,6758,4242,8600,3837,13128,2773,11927,1750,7430,1506,7763,1278,6900,399,4566,110,1674,0,0,0,0,0,0,20250503
202504,신림선,신림,0,0,1156,454,1611,869,5336,1909,7889,3256,5058,3197,3737,3325,3599,3466,4055,3919,3761,4063,3938,4440,4000,5583,4070,5864,4481,7695,4749,11633,3714,7628,2944,4436,2542,3798,2024,3604,1052,1812,473,895,0,1,0,0,0,0,20250503
202504,안산선,고잔,320,1,6057,989,18406,5703,31451,14678,25348,30114,17396,17048,15075,11760,14877,10460,13820,11430,12627,13119,13198,12290,15874,12546,17576,13696,22845,20205,23183,27375,8908,20701,7308,12846,6939,11568,4591,9623,1881,8083,180,3137,0,0,0,0,0,0,20250503
202504,안산선,대야미,31,1,3125,1024,9351,3150,20381,5356,22975,8430,12291,4648,9158,5066,7970,5087,7934,5488,8236,5983,7674,6239,8143,8699,8891,11433,9204,11864,10616,17181,5473,12411,3844,9484,2508,7334,1436,7606,897,4080,122,1074,0,0,0,0,0,0,20250503
202504,안산선,반월,11,0,4227,950,9652,2678,19335,4864,18681,8399,10822,4078,8148,3922,7268,4512,7525,4920,6579,5529,6022,5826,6251,7319,6845,10225,7974,12279,7478,16549,3669,12429,3084,9521,1994,7553,1509,7238,515,3896,119,952,0,0,0,0,0,0,20250503
202504,안산선,산본,769,3,10538,1652,26950,6715,61573,16004,57681,34000,30529,23907,26110,22227,23916,22782,26276,25427,25642,26698,25942,26834,28755,30574,30355,36037,29766,43022,32738,70665,21601,56931,18422,31045,16832,25271,12564,21408,4973,12857,550,4013,0,0,0,0,0,0,20250503
202504,안산선,상록수,612,19,14867,2562,32164,8726,70226,14117,63433,25622,35993,20407,27553,17316,24079,14473,25407,15933,23379,17900,19804,19645,20938,23726,26377,29313,27766,45676,23693,63473,15593,50976,11994,37162,9373,31094,6516,25533,2881,16736,389,5055,0,0,0,0,0,0,20250503
202504,안산선,수리산,29,1,3742,579,10526,1719,20130,5139,19271,8857,11369,8291,8569,15205,9934,13018,11041,9969,11918,10151,12197,10064,14227,9196,11723,9255,8783,10022,6724,14260,3761,10517,3055,7328,2185,5366,951,5526,435,3008,58,894,0,0,0,0,0,0,20250503
202504,안산선,신길온천,41,0,3290,152,5766,2171,9960,4134,7754,2943,5276,1698,3826,1482,3197,1885,3119,2256,2888,2017,2570,2629,2723,3211,3947,3762,5112,5609,4055,7176,2127,5783,1350,4221,855,3852,615,2788,170,1908,15,637,0,0,0,0,0,0,20250503
202504,안산선,안산,2075,10,10837,1658,13763,16218,26119,40775,26157,32154,21182,15633,17520,12936,16541,15072,17421,16063,17257,15338,17378,16613,18433,18333,25451,19207,43454,25870,42511,27311,20878,21596,16680,17324,9849,14369,4439,10908,1376,6570,139,2772,0,0,0,0,0,0,20250503
202504,안산선,오이도,200,0,6416,553,15956,6454,35439,12277,28483,13896,17318,7870,13236,8326,11440,10232,11881,10889,10676,10246,10328,12002,12449,13547,15253,18289,17407,21030,16188,28094,8681,22267,7290,14742,5440,12580,3598,11747,1161,8032,15,3571,0,0,0,0,0,0,20250503
202504,안산선,정왕,351,4,8840,980,13258,12980,24244,25080,23538,37828,17692,30326,14152,17926,14032,14147,15475,15352,15805,15415,15474,14720,21461,14766,27353,15802,34935,20325,35431,24992,16775,18514,13077,15133,9866,13786,6197,11330,2037,7810,110,2484,0,0,0,0,0,0,20250503
202504,안산선,중앙,263,26,10962,1339,33559,10962,61239,20257,51746,43201,31416,35228,26792,22857,28922,21365,30710,25955,28182,28738,26899,28526,28635,30945,34270,38616,39572,52919,40049,72887,25644,56912,24768,36598,25484,30275,20987,25240,8603,19776,976,5926,1,1,0,0,0,0,20250503
202504,안산선,초지,357,3,4320,347,13247,4862,24067,10407,19174,13745,11345,9065,8137,5850,7631,5144,9459,6360,6751,6430,6135,6947,7010,7644,9339,9168,12363,13576,11586,18583,5094,16383,3895,10614,3254,9132,1813,7561,722,5891,77,2184,0,0,0,0,0,0,20250503
202504,안산선,한대앞,191,3,8590,1061,18964,4395,34613,9677,29545,30735,20442,18794,16329,18929,16194,11054,17146,14647,16298,13208,16759,14378,16481,15200,21298,20064,24009,26386,19828,35636,11624,26987,10493,17956,10074,16607,7343,13438,2998,9300,271,2828,0,0,0,0,0,0,20250503
202504,우이신설선,4.19민주묘지,1,1,1613,385,3516,1245,9663,2841,10863,16233,7389,7569,6321,9191,6810,14297,7547,7095,8189,6899,8511,6778,8471,6067,13091,6454,12194,6835,8372,8125,5074,7955,4032,5016,3215,4277,2258,3744,929,2739,267,852,0,1,0,0,0,0,20250503
202504,우이신설선,가오리,4,1,2639,458,6773,1586,18692,3364,18361,6978,11803,4989,8989,4820,8227,5249,8216,5923,8027,6778,6125,6776,6440,9088,6685,10600,6213,10985,5195,15001,3966,13516,2568,8102,1768,7348,1368,6320,542,3443,185,1198,0,0,0,0,0,0,20250503
202504,우이신설선,보문,10,0,634,123,1113,1657,2837,3779,4980,5902,3822,4246,3049,2930,3496,2783,3258,3440,3469,3018,3415,3055,4203,3235,4493,3547,4242,3859,4254,4569,2722,3316,2420,2298,2072,2061,1711,1656,723,1169,228,362,0,3,0,0,0,0,20250503
202504,우이신설선,북한산보국문,1,1,2613,518,8174,2407,21374,6937,23943,13776,16860,8733,12871,8078,11620,8082,11829,7822,11041,8375,10385,8973,11131,10509,12843,12486,14730,15315,13486,20858,6690,17011,4947,12346,4407,11171,3298,10044,1842,6809,801,1673,0,0,0,0,0,0,20250503
202504,우이신설선,북한산우이,10,1,1854,574,3720,1686,10486,2930,10252,7154,6819,9435,5020,10007,5538,8420,7254,6498,7834,5206,8684,4620,7817,4776,7461,5161,6060,5305,5007,6599,3190,5471,2305,3564,1549,3149,861,2805,547,1680,170,752,0,40,0,0,0,0,20250503
202504,우이신설선,삼양,1,0,1293,365,3734,958,9311,1978,9735,3967,6590,3030,5161,3163,4769,3107,4760,3888,4397,4300,3944,4285,3728,5837,3894,6354,3530,6329,3271,7996,2336,7055,1660,4423,1072,4166,746,3313,377,1930,83,592,0,0,0,0,0,0,20250503
202504,우이신설선,삼양사거리,2,1,1512,426,3337,2180,8114,2456,9951,4915,6492,3707,5589,3442,4739,3665,5692,4249,5373,4631,4318,4700,4277,6191,4697,6566,4029,6403,4072,7485,3069,6779,2048,4071,1630,3309,980,2685,415,1400,123,481,0,0,0,0,0,0,20250503
202504,우이신설선,성신여대입구(돈암),1,1,636,570,1628,1455,3971,5001,7574,10521,5637,7640,5308,6546,5923,7256,6621,7492,6845,7668,6944,7405,7541,7956,8140,8893,8489,10218,9628,12754,6930,7937,6724,5048,7367,4114,6636,3185,2849,1856,770,788,0,1,0,0,0,0,20250503
202504,우이신설선,솔밭공원,9,0,1959,365,4669,1180,12119,1890,12006,3362,7555,2677,5401,2676,4859,2878,4892,3596,4459,4237,3742,4352,4481,4984,4460,5822,3454,6090,2925,8779,1815,7763,1313,5171,945,4603,672,3892,279,2341,76,692,0,0,0,0,0,0,20250503
202504,우이신설선,솔샘,7,3,3420,440,12485,1576,32868,3875,31646,5168,18203,3254,12174,3680,10292,4260,9811,5998,8434,6412,7009,7378,7071,10195,6814,12796,6127,15307,5070,25051,3599,22356,2373,13168,1923,12036,1325,11069,692,5963,174,2221,0,0,0,0,0,0,20250503
202504,우이신설선,신설동,100,1,1074,1135,1055,3506,1986,7480,2959,13515,2197,9191,2442,5298,3072,4048,3530,4221,4131,4430,4685,2885,6538,2628,6661,2794,8953,2206,11052,2455,5896,1790,3997,1300,3308,1107,2467,1026,1027,625,273,545,1,117,0,0,0,0,20250503
202504,우이신설선,정릉,8,0,2047,521,6107,1903,14965,3751,17723,7830,14342,5033,10766,4760,9750,5336,10196,5919,9241,6605,7669,7276,7888,8846,8074,10427,8888,11828,8862,16663,4786,12971,3485,8564,2832,7535,2281,6303,1142,3414,403,964,0,0,0,1,0,0,20250503
202504,우이신설선,화계,2,1,2013,660,5037,1695,13594,2875,15698,6281,9776,5964,7752,5415,7570,5409,8669,5867,7149,5846,6300,5485,6406,6404,6511,7527,5216,8146,4666,11204,3429,9932,2252,6339,1621,5217,965,4770,572,2909,194,975,0,0,0,0,0,0,20250503
202504,일산선,대곡,232,4,2764,2154,9296,9484,26598,26643,27420,32609,15537,19674,10779,13121,9956,11890,11106,12458,12489,11444,11622,10942,14371,12287,19201,14563,27219,17451,37035,25280,24492,17611,14604,9850,13701,9559,11270,10533,7165,9486,1242,2455,0,0,0,0,0,0,20250503
202504,일산선,대화,181,2,8234,1528,26059,5271,54246,14545,40822,18156,28184,13512,22710,12406,20052,12417,18781,14472,17472,17960,16453,19866,16599,31854,18741,34823,20543,50443,17350,49881,8957,37878,7299,18975,10067,15986,54532,13502,15739,8656,329,3538,1,0,0,0,0,0,20250503
202504,일산선,마두,37,1,4062,1812,11788,4793,20693,9162,20446,24801,14986,17111,15575,12717,15430,11987,15491,11496,13540,15481,14567,14131,17064,14090,18378,15885,19536,17255,18661,19980,7552,18312,5604,10650,4911,9836,3847,9302,1151,6061,148,1407,4,1,0,0,0,0,20250503
202504,일산선,백석,58,2,5065,2270,11493,7322,24353,13333,27023,29799,19490,16387,17441,15518,17636,13993,18058,15565,17411,17401,17954,17052,20032,18514,20775,20700,25065,24139,25496,29205,13209,26541,11072,14879,10191,13341,6947,12832,3125,8382,400,2039,1,0,0,0,0,0,20250503
202504,일산선,삼송,811,13,9339,1377,34249,7002,89710,17280,85896,32119,45999,21384,33274,18306,27329,18538,28228,23405,26589,24459,24168,25436,25708,31586,29942,37022,33561,51066,33589,73974,19862,66611,15026,38324,12421,36715,12612,28746,3652,15712,642,3470,0,0,0,0,0,0,20250503
202504,일산선,원당,253,0,9580,879,23522,6310,52007,8186,52463,14885,31953,10433,24061,10089,20039,12251,20077,13282,18111,13606,16178,17083,15848,19237,17257,24795,17330,31082,17054,44439,8685,37874,6354,25130,5058,21819,3230,19607,1147,12248,137,2183,0,0,0,0,0,0,20250503
202504,일산선,원흥,272,9,7166,546,19726,3999,51386,7392,54610,16011,30226,10810,21630,8747,18957,9622,18427,11684,16879,13524,14587,14643,14619,18264,15180,22560,16708,30842,17699,40993,8995,40321,7284,24245,6246,21650,4358,20452,2172,12852,336,2910,0,0,0,0,0,0,20250503
202504,일산선,정발산,80,1,2631,876,5529,3482,9452,6637,11461,22505,9158,23690,9513,20408,11642,18905,13339,16754,15984,18410,18220,15819,21201,14412,21383,15161,24175,15795,27435,18048,13773,15009,12935,8108,9301,6624,6762,6114,2474,4340,274,988,0,0,0,0,0,0,20250503
202504,일산선,주엽,126,0,6519,1243,18999,3392,28628,7916,29820,15471,21642,12446,19117,11864,18233,12990,17383,13531,16575,16337,15300,14983,17015,19730,17404,20213,15495,25343,14828,27556,7701,25511,6248,15927,5429,13510,4640,11624,1623,7686,153,2072,0,0,0,0,0,0,20250503
202504,일산선,지축,0,0,0,0,1,0,0,0,2,0,3,0,1,0,1,0,2,0,1,0,2,0,0,0,1,0,5,0,3,0,0,0,1,0,2,0,1,0,0,0,0,0,0,0,0,0,0,0,20250503
202504,일산선,화정,190,5,12548,1469,26645,6075,59683,13939,58758,38524,36621,25137,31381,21780,28722,23363,30216,24756,31737,26226,28715,29238,29642,35270,32298,39068,33265,47737,30945,62215,17608,52746,15488,32686,16369,28720,12970,26283,4912,15509,733,3759,1,0,0,0,0,0,20250503
202504,장항선,배방,69,1,1294,358,2094,833,3994,1552,4541,2695,3540,1503,2632,1427,2249,1896,2555,1939,2562,2433,2562,2073,2263,2076,2423,3813,2678,4690,2867,4754,1936,3246,1240,2545,1086,2470,1003,1850,674,1522,46,245,0,0,0,0,0,0,20250503
202504,장항선,봉명,22,0,1350,348,1951,949,2758,5089,3489,5116,2848,4032,3040,2810,3233,1881,2640,2117,2588,2705,2879,2159,3217,2107,3626,1895,3920,3077,2418,2772,1207,1761,1078,1425,799,1149,532,1371,720,828,15,263,0,0,0,0,0,0,20250503
202504,장항선,신창(순천향대),322,1,731,96,1715,583,2873,4049,2419,12232,2381,7477,3671,8282,4481,5198,4249,5726,6353,4155,7475,3277,6072,2540,11003,3355,7839,2391,9132,4232,3282,2960,2677,2776,2996,3637,1017,2436,1115,1780,0,679,0,0,0,0,0,0,20250503
202504,장항선,쌍용(나사렛대),80,0,2992,426,4779,744,8025,1842,9668,8861,5679,6968,5012,4980,5103,4005,4836,7361,6031,5370,5373,3574,6852,5106,7245,6173,6698,7466,6981,8547,3739,5644,2750,4434,1951,4235,1760,3387,949,2803,72,704,0,0,0,0,0,0,20250503
202504,장항선,아산,57,4,1182,1418,2821,4627,8013,6924,11337,11728,5804,9319,5874,8825,7250,6674,7743,7675,8284,8149,9004,5750,11455,7063,11023,8107,10145,10098,13919,10949,10158,5951,6264,6036,7155,4284,6240,2734,3470,1772,147,582,0,0,0,0,0,0,20250503
202504,장항선,온양온천,653,2,1808,608,4987,2909,10570,6755,12520,9509,10707,10507,10056,12641,10420,16063,12977,12843,15038,11973,14924,8607,13038,9664,12420,12333,9392,13236,11121,11737,5647,9329,4328,6861,4500,5899,1971,4379,1357,2940,16,1090,0,0,0,0,0,0,20250503
202504,장항선,탕정,41,0,1138,265,2339,983,5200,2497,5456,5190,3466,2808,2989,2357,2942,2554,3572,2754,4571,3460,3838,2530,4585,2736,4190,5131,4585,5871,5157,6205,3779,3869,2599,3318,2398,2843,2664,2378,1444,1906,93,288,0,0,0,0,0,0,20250503
202504,중앙선,구리,929,10,6007,1236,13497,3981,32266,7223,30296,14741,16359,12051,14101,10734,12838,10041,13362,11246,12399,12448,11683,12089,12546,15645,13719,18303,14824,22546,14377,33714,9358,26759,8267,14882,5094,12515,4393,11477,1201,7201,31,1399,0,0,0,0,0,0,20250503
202504,중앙선,국수,2,0,916,31,1183,286,2333,579,2091,1942,2000,1514,1420,1153,1315,1574,1263,1311,1576,1234,1416,1156,2481,1504,2198,1601,1399,1835,1022,1880,606,1506,391,1323,231,1057,198,1118,50,639,3,116,0,0,0,0,0,0,20250503
202504,중앙선,덕소,1573,3,3491,908,10703,2146,26693,4546,22131,6324,14473,6340,11690,4857,10472,4737,8816,6425,8923,7748,7426,7726,7553,11002,8119,12398,8289,15379,6641,21838,3842,18998,3166,10457,2318,10610,2202,8977,775,6541,4,1510,0,0,0,0,0,0,20250503
202504,중앙선,도농,957,2,8632,819,21643,3063,53509,7998,43577,14319,24102,8107,19249,7664,16304,7710,15157,8920,12914,10324,10819,11119,10946,17295,15293,19290,14854,23303,12646,39969,6594,34500,5162,18830,4149,16587,2891,14376,877,10287,21,2001,0,0,0,0,0,0,20250503
202504,중앙선,도심,3,0,1857,239,6541,1057,15640,2532,10340,4982,6921,1975,4742,1604,3746,1688,4013,2093,3662,2372,3005,1816,2785,4264,3979,2936,3526,5328,2773,8293,1381,6982,1095,3590,820,3963,759,4038,253,2155,0,1,0,0,0,0,0,0,20250503
202504,중앙선,망우,289,8,8672,735,12740,3142,34664,5507,28241,14903,17578,9677,13751,8894,12442,9993,13736,10088,12518,10110,11305,12452,11292,14993,12823,16618,12217,21502,12625,29303,8081,23040,5356,13122,4486,10603,2888,9061,1190,6251,27,482,0,0,0,0,0,0,20250503
202504,중앙선,상봉,697,15,6687,873,9293,3266,23999,4907,24838,8165,14626,5579,9576,5867,8307,6453,9826,7634,8135,7570,8124,8454,8925,9955,8155,11240,9547,15461,9685,25671,6712,19779,5161,11448,4725,9620,2983,9873,1430,5794,128,1063,0,0,0,0,0,0,20250503
202504,중앙선,신원,1,1,298,157,368,267,619,586,561,724,522,847,467,933,621,828,489,389,602,394,629,398,846,395,876,385,764,544,691,381,306,241,135,273,111,229,129,198,97,156,0,11,0,0,0,0,0,0,20250503
202504,중앙선,아신,0,0,509,42,903,237,1866,512,1579,1160,1467,1070,1453,1091,1052,1430,1015,789,1052,1058,1168,981,1224,858,1661,1582,1118,1509,844,1575,598,1011,336,1051,229,988,141,879,15,477,4,190,0,0,0,0,0,0,20250503
202504,중앙선,양수,2,0,1157,184,2334,966,7239,2352,5499,3479,4733,4117,3721,4749,3500,4383,3304,3882,4478,3951,4341,3460,6034,3799,5733,4255,4824,5240,3535,4384,1722,4647,1618,3167,830,3050,370,2023,152,1659,3,353,0,0,0,0,0,0,20250503
202504,중앙선,양원,116,1,3066,415,5213,1961,13852,11680,12138,7139,7554,3128,5189,3310,4307,3373,5213,3087,4767,3778,3976,3559,6701,4766,8815,5658,5547,7725,4462,10849,3010,10374,2292,5625,1486,4216,1266,4003,364,2552,4,150,0,0,0,0,0,0,20250503
202504,중앙선,양정,192,0,228,92,641,869,1363,1464,1230,2215,933,1278,824,1079,827,710,862,676,969,814,1229,563,1241,913,1781,697,2063,837,2222,1093,687,667,291,351,327,429,108,344,38,228,3,50,0,0,0,0,0,0,20250503
202504,중앙선,양평,160,2,2350,37,4943,1310,11338,5036,7443,7356,6053,5105,7514,5615,6292,9036,6611,7480,7443,4734,7722,8133,7521,5798,8261,6898,7727,10721,6104,9843,3433,4969,3103,7019,2738,3715,1747,4309,218,3412,83,1190,0,0,0,0,0,0,20250503
202504,중앙선,오빈,4,0,299,32,488,360,1161,351,1001,499,852,549,750,563,630,667,619,482,559,441,580,612,605,514,692,675,661,1030,443,1132,251,490,147,452,79,521,40,410,7,171,2,58,0,0,0,0,0,0,20250503
202504,중앙선,용문,519,1,1150,5,2618,554,4719,2316,4914,4731,3711,3472,4197,6401,3845,13123,6125,7505,8441,8296,9777,5554,10886,2572,8742,6441,6519,5588,3591,4485,2523,2747,969,3470,776,2010,348,2063,0,1568,1,642,0,0,0,0,0,0,20250503
202504,중앙선,운길산,0,0,352,136,442,412,1704,789,1685,1505,1107,2958,1136,4684,1136,4011,1527,2407,2367,1937,3199,1591,4244,1604,3820,1268,2968,1312,1790,1285,1119,902,595,659,307,737,198,612,162,416,2,14,0,0,0,0,0,0,20250503
202504,중앙선,원덕,72,1,331,4,592,183,1029,471,1084,658,1157,745,998,1229,771,1029,832,737,991,697,1063,768,1149,830,1048,882,735,1128,486,960,328,570,197,510,88,482,25,384,7,215,1,106,0,0,0,0,0,0,20250503
202504,중앙선,중랑,170,3,6270,697,10164,2120,22961,3473,23950,6979,16626,5588,10315,5209,9105,5241,9530,6035,8856,7607,7409,7539,7190,10517,7258,12225,7274,16561,8076,22609,5272,17107,3778,10646,2968,9003,2060,8738,1016,4583,26,322,0,0,0,0,0,0,20250503
202504,중앙선,지평,0,0,0,0,1,0,257,345,24,114,40,9,444,669,2,2,0,0,136,7,546,520,1,0,0,0,289,210,50,93,161,243,1,4,23,148,1,5,0,0,0,0,0,0,0,0,0,0,20250503
202504,중앙선,팔당,0,0,252,106,600,459,1197,1823,1275,3258,1214,3097,1268,3169,1059,2288,1251,2088,1496,1767,1978,1359,2586,1791,2841,1420,2788,1439,2391,1445,1839,978,1485,659,963,434,647,345,134,162,0,1,0,0,0,0,0,0,20250503
202504,중앙선,회기,836,10,12663,3757,23811,13188,63835,34381,82288,70712,54754,54845,40700,44660,42388,39901,46820,37988,48264,43635,48732,38710,56994,38809,67669,45181,75048,59424,62001,84123,35381,62983,33299,42412,36456,42380,30498,46549,14531,28555,783,5958,0,0,0,0,0,0,20250503
202503,1호선,동대문,551,17,11164,1862,9327,6671,17135,11777,22194,20696,21800,22652,19393,24877,20419,29536,24430,29321,27393,27712,30689,26549,30933,26049,30637,25146,29002,24908,26885,25140,20635,24186,18028,17082,15728,16150,12205,15212,6150,10066,1041,3207,5,305,0,0,0,0,20250403
202503,1호선,동묘앞,137,2,2717,856,3775,5156,9123,10795,14142,23544,12662,19171,14029,25980,19060,35898,27454,38749,36771,43791,42688,37101,40697,30978,39278,23321,36047,17357,25075,13822,12066,10078,6560,7403,5624,7318,4129,6811,1470,4940,151,2079,1,227,0,0,0,0,20250403
202503,1호선,서울역,672,53,10025,9052,26032,57132,86883,123684,143737,247797,113291,171834,102970,101836,114624,98072,129046,107448,123079,105198,109968,102172,142017,116119,155142,123026,224250,147161,258374,167759,146297,118386,105690,85808,109022,79852,72193,55517,36881,28364,3694,8024,7,178,0,0,0,0,20250403
202503,1호선,시청,86,1,1997,5455,3779,25804,7720,74701,11314,200167,14188,92108,16166,50716,20929,54949,24735,60274,35057,67318,52476,53296,68946,37916,84969,29936,113670,29450,168241,26375,68103,14680,59765,9747,51204,8940,30091,6282,9895,3996,498,1158,1,35,0,1,0,0,20250403
202503,1호선,신설동,393,14,9035,2193,9588,8404,22160,25628,33587,54696,22536,32454,21182,23150,22406,20924,25077,20627,26126,21833,25785,20702,27305,22474,31501,24534,44132,27075,54125,32791,22242,24493,15387,18013,13853,17181,9665,14519,4096,9287,461,2796,0,0,0,0,0,0,20250403
202503,1호선,제기동,318,4,5360,2298,8886,9937,22627,20426,32495,37507,23071,31687,24903,37992,32407,49281,39143,51671,43216,52442,49145,49655,52943,40817,51666,36774,46644,30673,40635,28118,22361,19617,14744,13211,9430,12457,5798,10395,2560,6369,209,1521,0,2,0,0,0,0,20250403
202503,1호선,종각,141,2,4180,6021,4437,34064,7104,115139,10725,266675,14121,147969,19623,63030,29170,65201,34951,61950,45859,65784,63608,54757,78728,50818,97364,49607,168100,53785,228342,53144,115665,27776,110485,15161,98819,10583,63949,7445,26425,4664,1796,1353,0,0,0,0,0,0,20250403
202503,1호선,종로3가,207,20,3687,2495,4045,11669,5769,26192,9993,65805,15492,63964,22747,57540,32716,73006,47103,73880,51616,67297,64679,58930,73883,51477,82835,48495,96394,45169,100356,43308,70315,23029,60452,13722,55627,10508,39395,7968,17254,5468,1550,2286,1,43,0,0,0,0,20250403
202503,1호선,종로5가,26,0,2044,3461,3009,15760,5834,40194,10932,88880,15505,64218,25357,60707,36367,66123,46154,60889,54339,56873,64966,54139,68714,47320,74216,42108,91005,38193,93417,34652,55812,21303,39794,12934,34065,9059,20880,6475,6010,4064,428,1125,0,0,0,0,0,0,20250403
202503,1호선,청량리(서울시립대입구),985,11,10222,2822,17709,10263,49787,17258,59152,41097,38064,38597,34394,40269,41227,49710,47659,51151,51684,53620,55384,55284,59761,53056,60867,52457,56627,54952,49741,62968,29638,41019,22531,26939,17575,25152,11399,21022,4676,12359,369,3757,2,4,0,0,0,0,20250403
202503,2호선,강남,164,14,7882,11349,17927,55897,41382,155213,64746,308162,55523,327740,57818,158325,74376,108848,91829,106297,108103,121702,120529,111615,143846,104015,170192,116382,250700,149830,316202,185172,219351,111357,171180,63658,192508,52223,165881,41316,75445,23891,12113,6564,1,151,0,0,0,0,20250403
202503,2호선,강변(동서울터미널),22,0,8920,1615,22114,19830,66385,21428,103554,39459,75578,33405,61859,32188,52397,32796,49863,36734,47516,40585,43698,44643,46385,53178,49403,58501,54159,70347,55802,93686,38210,66379,30016,46549,23865,38521,14799,32851,5673,18156,740,4373,0,37,0,0,0,0,20250403
202503,2호선,건대입구,293,10,14917,1875,21625,14423,54693,23980,92964,63879,66844,50157,44473,49237,42791,52872,50095,57139,54170,63321,57600,64598,62967,71948,71758,85084,83960,114412,93806,161166,72720,110961,75616,71629,81308,65673,82899,56989,50025,33443,7608,11526,11,1004,0,0,0,0,20250403
202503,2호선,교대(법원.검찰청),20,0,2818,6492,10801,27223,25878,56803,37749,158123,30704,132551,28291,72116,33988,62819,37109,57543,45619,61080,53266,53226,57669,50140,61092,52282,96398,68713,132940,72772,64427,42831,56434,27892,54101,25447,40704,23671,16412,12720,2975,3610,0,38,0,0,0,0,20250403
202503,2호선,구로디지털단지,308,16,39387,4854,53480,19566,140436,80695,186124,218242,117324,136480,73999,58983,67479,47661,74619,52330,73482,66687,66212,64759,71916,72361,87630,87361,136682,114115,199860,166473,100841,132798,65385,91231,54041,90951,41511,84556,19018,49478,3392,13433,1,256,0,0,0,0,20250403
202503,2호선,구의(광진구청),59,7,13176,1370,26878,17874,71861,17992,117918,41214,74760,23232,42448,22396,35146,22435,36805,25996,36359,29049,33568,31417,35122,39504,40252,46871,42774,64469,46023,99535,26931,72997,20940,50651,18648,48047,16110,43148,8476,24414,1332,7173,2,107,0,0,0,0,20250403
202503,2호선,낙성대(강감찬),30,0,11289,2224,26875,9295,86201,21196,123414,44777,81894,36796,47970,30856,41860,26891,44475,29154,44655,31948,39956,34099,40906,40759,42600,47374,49909,65620,55582,103331,32574,86139,26052,59094,23757,57723,18303,55134,9992,33592,1764,9190,1,138,0,0,0,0,20250403
202503,2호선,당산,35,8,8007,3485,18952,14272,49028,28349,60050,75403,37507,32514,28446,18047,26902,17750,27513,20777,26756,23436,24485,24408,26116,28674,31188,36201,43768,53193,58538,76871,27018,53510,21634,37194,20796,35422,17146,32525,8908,20187,1448,4948,3,134,0,0,0,0,20250403
202503,2호선,대림(구로구청),627,13,35886,3279,30228,10472,68508,22328,96640,52987,65379,36353,43372,34922,38301,39298,39589,35739,39026,35668,37555,36376,37972,45439,39853,54067,46078,64188,51501,71621,26957,52933,19800,41764,15288,50414,11134,46595,5432,23035,724,5876,3,188,0,0,0,0,20250403
202503,2호선,도림천,1,0,395,364,1357,939,3671,3897,3764,5353,2327,2262,2046,1613,1673,1292,2165,2032,1815,1573,2064,1844,2702,1782,3242,2196,3028,2756,3839,3496,1606,2903,968,2097,899,1707,540,1395,184,1011,31,316,2,8,2,0,0,0,20250403
202503,2호선,동대문역사문화공원(DDP),247,23,5007,1198,4305,8689,7200,23579,13921,46585,17212,32917,19278,33130,21025,33054,24115,33612,26291,33373,30082,34181,37569,33544,42720,32749,49579,35274,49752,40406,34490,37024,27915,27684,26440,22185,20634,18476,11062,11247,2173,3557,3,99,4,4,0,0,20250403
202503,2호선,뚝섬,4,0,3194,2213,9144,17109,19884,41457,27254,140109,17681,98845,16673,47467,20003,41026,24935,41458,29587,44607,36477,40899,45420,40817,57055,40844,88774,45325,139404,53228,75388,30635,54591,17727,47823,14561,28869,12864,11003,8148,1406,2507,3,45,1,1,0,0,20250403
202503,2호선,문래,9,1,4404,2614,15064,10532,45532,39773,51328,136368,29322,65584,22801,29032,23007,25091,27350,28608,28652,31011,29628,29863,31948,32274,39500,36628,67311,45408,115320,67179,44414,44606,32142,25012,33644,22459,28658,19382,13539,11249,2131,3594,0,90,0,0,0,1,20250403
202503,2호선,방배,1,0,2528,3324,9126,13198,23055,28061,31629,82704,25027,68312,20895,37986,22927,29491,26017,30733,29674,26318,33923,26201,38922,25852,48028,26774,56948,33732,67276,38319,33617,26216,25713,18026,24456,16987,18702,16732,7586,9278,1487,2662,0,23,0,0,0,0,20250403
202503,2호선,봉천,100,12,15096,1267,28706,6448,84558,14430,122852,29462,76288,22375,45083,20813,38557,24423,39950,26070,38677,28157,35799,32195,32844,41184,34235,46079,35431,60494,34839,93139,22375,76083,18238,49502,15616,46917,11784,42971,5131,25168,881,8002,1,647,0,0,0,0,20250403
202503,2호선,사당,122,2,12717,4240,31689,34193,82969,51088,105520,74442,80845,58249,55542,51916,52802,66470,58456,65269,63409,58918,70606,59294,72714,72238,74455,96357,88212,140558,106735,186205,76882,124570,74278,79501,79819,72865,74018,65938,39723,39899,6445,11387,5,658,0,0,0,0,20250403
202503,2호선,삼성(무역센터),117,1,4647,5644,7370,49188,15123,144070,21127,322970,21407,253608,24931,125599,38451,89117,49840,80969,65837,87502,82260,77063,106804,65110,138392,62434,230925,64452,293952,62402,157445,35241,125496,20234,103296,15847,67098,12189,18368,6897,2216,4013,0,1045,0,0,0,0,20250403
202503,2호선,상왕십리,13,2,5860,728,14355,6375,43632,11832,67490,31729,38362,18545,24974,15138,22027,13723,23780,15389,22501,17657,20400,19057,21163,23718,23130,28555,26304,38113,27424,57337,19648,38717,13049,27104,11622,25107,7757,22693,3082,13444,442,4120,0,51,0,0,0,0,20250403
202503,2호선,서울대입구(관악구청),4549,41,26162,2435,44218,14509,128395,29639,175799,76075,121536,68044,72868,60025,64321,50028,71966,53415,78449,59290,68481,60173,73454,69670,80019,81315,91887,111384,96744,174612,60693,141864,53051,91463,55049,88321,48078,85228,26022,50041,4546,19292,0,3093,0,0,0,0,20250403
202503,2호선,서초,7,0,1703,4610,9176,24706,19344,53796,29800,114471,28536,92701,22893,47137,30573,37745,28376,29027,38528,29876,39180,28832,46911,24042,52836,26825,75187,29062,94516,28713,46440,20316,32870,13182,31526,11875,17921,11423,5947,6488,1035,1608,0,12,0,0,0,0,20250403
202503,2호선,선릉,127,3,4662,5959,11756,43110,24328,124793,37494,276573,36159,218392,39519,106047,50356,69961,61597,66745,70816,78302,82043,62313,106592,56240,135691,55816,209996,61824,287809,63497,151078,41789,99956,26718,92033,23595,74070,19914,26641,12159,4200,4695,0,172,0,0,0,0,20250403
202503,2호선,성수,77,6,4899,4659,8349,35989,21935,75165,28728,253223,24718,167871,23844,108953,30212,101669,42659,103584,57273,109271,73098,107828,93728,107042,122074,97379,177708,94213,278649,89762,157190,51561,122241,26735,102998,19456,66543,15422,24143,11438,3154,5982,2,821,0,0,0,0,20250403
202503,2호선,시청,13,0,1079,2010,2293,20993,5433,73692,9438,226007,14962,94253,20579,32136,25633,30428,25258,32854,32080,37459,42641,32126,52189,26423,63831,22598,114112,24518,173725,24095,67873,13952,51700,9342,45320,8763,26434,7022,9801,4480,1242,1396,3,76,0,0,0,0,20250403
202503,2호선,신답,6,0,1185,71,2079,1017,6136,940,10699,1669,4339,1034,2911,1063,2485,1262,2321,1507,2351,1620,2172,2040,1987,2931,2246,3718,2388,4909,2118,9572,1143,6764,697,3603,544,3927,370,3155,197,1937,41,491,0,0,0,0,0,0,20250403
202503,2호선,신당,52,10,5592,1191,10837,7580,30641,15826,53535,30753,30571,22486,21705,19466,20773,22392,23700,22834,24977,23756,24562,25287,26864,28114,28911,32905,31682,41871,34689,58894,24894,40923,19743,26344,19268,23420,16763,21056,8258,12249,1501,3795,2,59,0,0,0,0,20250403
202503,2호선,신대방,239,10,23578,1878,35447,9233,91539,14349,130915,24866,83301,18692,48025,18429,39405,20016,39482,22571,38226,26809,32485,30642,31387,41081,33258,48489,34160,63786,32166,93076,21001,81233,16158,57435,13169,60488,10220,55256,4908,32583,904,9211,9,224,0,1,0,0,20250403
202503,2호선,신도림,4169,12,35916,5320,55605,20144,146160,44568,152915,108936,96866,78556,67869,67985,67156,72418,77142,72291,80836,77288,82861,74629,88447,84705,93092,98583,114671,125172,130305,180346,81225,126876,71727,80200,60120,75634,47593,70260,22557,48372,2617,21692,12,2579,0,0,0,0,20250403
202503,2호선,신림,123,11,35753,3696,67749,18253,182846,29808,268094,45601,166733,46082,97134,43570,80420,47232,86629,52957,80972,61452,75094,68035,72373,85691,78267,104194,81546,142006,83117,224519,58461,197148,49455,133239,46449,126056,39038,117067,21888,72829,4502,23433,4,547,0,0,0,0,20250403
202503,2호선,신설동,53,0,1053,295,1492,2034,5454,5367,9862,13994,6245,9897,6022,9332,6843,8184,8562,8267,9006,8844,9917,7231,10216,6589,10604,5926,12722,6535,13942,8296,5287,6001,3084,4691,2830,4263,1900,3883,886,2515,124,859,0,122,0,0,0,0,20250403
202503,2호선,신정네거리,89,0,8660,802,18761,2347,51450,4490,46357,11652,26578,8899,19265,8290,17582,8675,17884,10493,16223,12400,13399,14239,12277,18733,13265,24708,12856,33257,11968,50072,7923,37684,5843,21445,4682,20082,3701,17760,1673,10506,355,3198,0,176,0,0,0,0,20250403
202503,2호선,신촌,88,5,7083,2640,14525,16475,36143,36159,54014,92868,41277,101463,41648,78731,49091,70612,61438,72636,66980,79825,71283,70476,80660,67881,97581,75653,113936,98621,111192,127564,81846,87193,83848,52797,90330,47072,89038,40564,43200,25842,6870,7176,4,160,0,0,0,0,20250403
202503,2호선,아현,21,1,4562,1019,11256,5066,30640,11821,43604,21965,26231,15093,19375,13451,18074,11162,19846,13434,19236,14781,17254,15952,19347,18362,22519,20891,21731,26763,21990,36056,13764,27802,10062,19516,8085,18845,5760,16244,2384,9014,323,2626,1,36,0,0,0,0,20250403
202503,2호선,양천구청,47,0,4894,935,12148,2871,33745,5406,30783,8613,18466,5562,13059,4557,11972,5499,11937,7075,10381,8565,8363,9350,8832,12321,9409,15387,9379,21224,9036,30895,4468,25704,3090,15159,2571,14307,2186,11181,745,8348,147,2534,0,13,0,0,0,0,20250403
202503,2호선,역삼,52,3,3774,5809,9081,45324,16824,155300,26870,364327,25756,303633,26850,124733,34759,68234,42505,61954,51592,68007,60968,53621,80038,46604,103424,45005,219799,53636,271096,60112,157387,38532,91635,24851,85402,20920,54877,17084,21162,10882,3568,3082,2,70,0,0,0,0,20250403
202503,2호선,영등포구청,52,1,5138,3235,13433,14689,41171,40044,52371,123559,32700,55236,25016,30609,26448,28072,29902,28428,31499,31716,31963,29637,36264,30953,41301,35634,61056,43134,101521,61706,40197,41873,32478,26833,28013,24163,20761,21302,9482,13810,1675,4886,1,170,0,0,0,0,20250403
202503,2호선,왕십리(성동구청),579,1,6118,955,9615,9095,26102,14435,45381,28685,27657,22103,20643,17808,20554,18662,24670,20703,25230,22380,25111,22993,28933,25455,34654,29826,38347,41586,38345,60673,26675,38333,25649,25825,28434,22946,29320,21003,17548,14874,3260,5066,2,88,0,0,0,0,20250403
202503,2호선,용답,7,0,2132,342,3630,1321,8473,1981,13926,3996,8049,6174,5980,3879,5264,3349,5771,3875,5657,4732,5485,4616,6010,5585,7334,6793,6701,7952,4917,11926,3009,8082,2104,5920,1646,6983,1161,6371,538,3696,125,1100,0,0,0,0,0,0,20250403
202503,2호선,용두(동대문구청),55,1,1022,86,1901,926,5674,2712,9074,5450,5631,3459,4646,4969,4457,3892,4876,3858,4883,4876,5393,4906,6254,5220,5793,5315,5380,5959,5961,9003,2925,6261,1942,4016,1680,3728,930,2551,402,1660,69,576,0,5,0,0,0,0,20250403
202503,2호선,을지로3가,20,0,1250,1889,2832,20790,7018,72220,14792,166757,20870,69983,25497,35974,27009,31485,28593,30299,31151,33476,37776,30760,40712,30988,52443,35798,94012,42169,138190,47253,61108,31372,48655,19632,50840,16204,41858,14181,22956,9078,3583,2296,0,76,0,0,0,0,20250403
202503,2호선,을지로4가,8,0,1194,1096,2357,13790,6455,34507,13335,75368,16017,39025,19734,26500,21630,26432,21667,24342,24455,24308,27739,23249,30330,21982,36821,21740,61533,22285,69228,22381,31248,15945,20131,12265,16861,11480,11423,10926,5775,7205,950,1749,3,45,0,0,0,0,20250403
202503,2호선,을지로입구,76,2,2496,3027,4536,31591,11253,127945,19753,332467,31623,170030,38599,92514,46120,78247,51466,70752,62397,73748,75633,69774,91189,67303,108095,70000,180383,79382,279333,79023,142302,53227,137679,36437,94189,29305,71679,22410,29052,12398,3528,4656,2,845,0,0,0,0,20250403
202503,2호선,이대,9,1,3367,903,9672,6594,27961,16675,39285,50744,25476,59124,22330,48329,24092,31600,31716,37953,32636,39664,32456,29705,42247,31745,45289,33469,56767,41655,53816,52239,32188,37883,28503,26888,28256,26489,20363,25298,7624,16912,970,4789,0,90,0,0,0,0,20250403
202503,2호선,잠실(송파구청),98,14,13326,4718,52113,36393,122169,82230,172313,170194,128028,155083,91350,123521,92328,123976,102378,121658,112208,130363,119801,128769,138663,142673,166596,160961,203788,195718,239224,247471,172547,166502,164120,109441,151303,97898,103842,85973,33009,47813,4606,10149,0,171,0,0,0,0,20250403
202503,2호선,잠실나루,4,0,3390,3283,13263,19670,40205,22543,48558,36662,32998,23141,26096,17934,25185,16124,23329,20026,22155,21049,22627,19743,25518,21340,34471,23795,39221,29618,30477,42452,15062,30838,10723,19513,8068,19112,5564,17689,2609,9678,445,2918,0,36,0,0,0,0,20250403
202503,2호선,잠실새내,35,1,5762,1048,18864,8918,65424,18409,89014,29732,57784,31349,40096,26085,37499,29025,38900,34141,37472,37190,33933,40047,37234,47873,41352,54404,44245,69965,45565,91681,35144,65353,29753,40347,30192,36079,28923,33070,14772,17866,2212,5290,0,128,0,0,0,0,20250403
202503,2호선,종합운동장,3,1,1573,1426,6254,17584,18708,23559,23899,27653,24055,16115,15700,18192,15207,21549,21160,37824,19408,40769,16615,20388,29489,23733,44452,31998,37337,47807,20682,52392,15014,21883,37539,12967,46398,12845,6996,10895,1972,5559,372,1698,0,72,0,0,0,0,20250403
202503,2호선,충정로(경기대입구),16,0,3422,1028,6734,6674,16102,26100,23292,61755,15462,27721,12710,13554,13028,12134,13457,12298,14335,15532,14746,13554,16621,14096,19610,15322,34588,18847,47634,23225,16518,16532,11421,12226,10337,11851,6803,10245,3029,6591,617,1999,0,55,0,0,0,0,20250403
202503,2호선,한양대,14,8,1053,657,2701,8939,5648,13738,8989,81013,7207,64014,9568,62021,15263,19870,19023,43761,21938,26924,29661,22304,39897,17069,50005,14440,60208,18955,47703,22850,23901,11004,19994,7550,22283,7010,12392,6460,6508,4690,1259,1310,4,19,0,0,0,0,20250403
202503,2호선,합정,144,17,10471,3194,16570,13107,38878,31582,51667,92655,35570,86639,28766,54738,31609,52151,37298,56453,41927,63280,44885,58839,50199,60676,59843,70220,80111,89181,117776,118353,82006,82283,69081,46410,75815,38546,70593,32540,36814,22455,5817,8611,3,193,0,0,0,0,20250403
202503,2호선,홍대입구,1105,36,25907,3615,30471,16915,60909,42071,81015,116285,65601,157456,62582,126437,70495,146916,83799,169805,99226,186587,111964,178112,136805,179354,170161,192865,197766,218041,222994,256630,191955,185198,191456,115058,215743,94201,205245,73210,103812,50061,12518,19454,5,1854,0,0,0,0,20250403
202503,3호선,가락시장,72,11,3020,790,7554,5692,22027,11634,23247,26582,17785,14334,15409,10922,14932,11741,15178,12599,15122,13203,15356,14093,16266,16574,17234,17587,21198,21375,27352,27201,12558,19177,10325,13374,8894,11097,5995,10699,2434,5586,452,1784,3,39,0,0,0,0,20250403
202503,3호선,경복궁(정부서울청사),28,11,2602,1904,6583,16839,14706,43699,22193,135948,21569,97942,21685,67764,30082,64599,38752,63755,48383,67727,60341,62804,76168,61218,93102,61447,121175,59538,146954,62274,67150,40469,68745,18383,58317,13807,33169,10976,10708,5957,1154,1567,1,35,0,0,0,0,20250403
202503,3호선,경찰병원,8,0,3044,278,8217,3321,24486,9968,27008,26219,16937,15223,12857,9147,11487,7475,10825,8596,10810,10365,10722,9343,11360,10244,11385,11472,15710,17134,18853,23053,7892,18507,6453,11737,5031,10037,3514,9013,1004,5392,146,1446,0,0,0,0,0,0,20250403
202503,3호선,고속터미널,147,2,5425,3893,8211,34102,27039,48898,48434,75420,55915,100545,61244,104996,74056,112589,89532,103942,98558,104539,113875,110747,132013,115814,141606,113567,151820,119085,146589,122448,125098,78241,136834,50672,80859,40004,50201,27259,16703,13026,1678,2327,0,1,0,0,0,0,20250403
202503,3호선,교대(법원.검찰청),56,1,1965,705,4811,8117,11575,19099,16454,48450,14400,36566,15757,18554,19859,13328,22716,13032,27942,13481,32700,11925,34925,11742,36745,12511,53555,17541,70524,21203,35344,11683,32729,6765,30305,5542,22848,5493,9068,2906,1291,901,0,3,0,0,0,0,20250403
202503,3호선,구파발,162,3,12425,1691,34804,11100,86062,22148,82635,29359,48317,26939,34620,28171,33134,26577,34807,27470,33275,31515,33122,32629,38438,34523,42597,42069,39816,50999,31858,77443,21364,64437,17093,37938,14984,34658,11754,30843,3243,21887,522,8293,1,321,0,0,0,0,20250403
202503,3호선,금호,38,6,4156,610,10042,2652,28263,4862,38082,9510,23930,7221,15968,7109,14056,7511,13793,8959,13008,10696,11286,11735,10907,14962,11369,17752,12586,22798,11906,31067,8716,22648,6250,16348,4918,14031,3654,12973,1772,6571,346,1744,2,0,0,0,0,0,20250403
202503,3호선,남부터미널(예술의전당),31,2,2955,1330,9169,30377,29596,64533,45607,158001,39511,90981,37087,55346,41607,42548,44094,44426,48735,52528,51077,52861,58163,52245,72483,54076,113202,58315,139953,65323,68233,42721,47654,26666,42866,21085,28516,16997,9650,10289,855,2611,0,2,0,0,0,0,20250403
202503,3호선,녹번,58,0,9832,516,24897,3396,71743,8229,78005,16714,45437,11564,29718,9912,25713,10715,25359,12982,22992,14944,19509,17932,18726,23057,19620,30930,19593,39654,20972,62983,10797,52641,7861,34566,6260,31235,4300,26715,1575,14914,259,4110,0,0,0,0,0,0,20250403
202503,3호선,대청,103,0,3789,1046,12204,6748,33765,20272,39442,27403,22533,11887,17534,9163,15865,8675,15477,10551,15530,12233,14143,13323,19705,16158,22603,17844,24958,24122,27543,32507,12301,26235,8777,18555,7067,16804,5508,17226,1842,8652,306,2844,0,0,0,0,0,0,20250403
202503,3호선,대치,14,1,2931,700,13412,8315,32751,18980,31754,29266,20023,19996,16242,14001,15502,13383,18128,18642,18292,22693,17153,19426,18307,25186,20263,30764,33734,37119,29942,36583,18825,26142,13686,15800,17209,14922,40124,12050,3878,7338,353,2366,0,0,0,0,0,0,20250403
202503,3호선,도곡,60,4,1039,386,4639,5014,12984,16540,16031,22042,10299,17247,8809,8334,8380,8009,8736,7685,9011,8884,9443,8417,11859,9304,13965,9196,17740,11731,18815,14160,9684,11376,7094,7199,6445,6666,4952,5544,1363,3355,177,2010,0,336,0,0,0,0,20250403
202503,3호선,독립문,162,3,4592,940,6393,6197,16338,15367,19975,22737,16380,21091,14679,20250,15028,14474,18012,15318,17364,16091,18976,15886,21143,15914,21765,16318,21151,17230,19484,18853,9639,15450,7027,11165,5524,9523,3800,8005,1273,4597,185,1998,2,568,0,0,0,0,20250403
202503,3호선,동대입구,6,1,1454,1115,2827,9165,5116,17346,8504,67418,8295,40894,10399,43392,12278,32434,14087,25497,21178,29687,25053,20014,25154,17239,32486,17455,45046,23099,47316,26368,24582,11344,29006,6642,25055,6375,14971,4627,3952,2969,518,1056,1,82,0,0,0,0,20250403
202503,3호선,매봉,18,4,1916,743,7354,9733,20169,23815,23309,74795,17531,33745,15866,17626,15569,16539,15953,14176,17507,14356,19701,14317,21349,15602,23684,16640,39157,21576,60634,26137,21617,17272,15622,11285,16878,9488,10109,9082,2948,4779,412,1457,0,57,0,0,0,0,20250403
202503,3호선,무악재,1,0,1907,128,5508,1340,16264,2947,19365,6097,12210,4167,8841,3829,7914,4105,7485,4506,6610,5380,6312,6197,5727,7679,6067,9418,6964,12415,6911,17144,3674,14248,2593,9440,2103,9037,1306,7211,597,4772,91,1078,0,0,0,0,0,0,20250403
202503,3호선,불광,16,4,9615,1407,19622,7027,53248,11523,64011,32808,39052,30796,28762,26270,28187,25850,29599,28381,30060,31607,30405,30991,32597,35500,33451,38447,32285,45278,32895,62809,19412,50067,14864,32682,11928,28498,8239,24421,3615,13926,626,4288,0,1,0,0,0,0,20250403
202503,3호선,수서,142,4,4555,2522,13256,16493,40006,36267,47188,57891,33159,36933,39234,25950,30183,22383,36052,26937,31878,24091,26500,25849,37195,31566,40330,34344,48924,41039,54590,55053,25448,39962,25414,30293,17035,24888,15988,22762,6980,9587,566,3335,1,260,0,0,0,0,20250403
202503,3호선,신사,55,9,3464,1769,6702,16829,11855,42814,18279,101733,16895,133416,20388,69682,25907,48687,30515,45579,36379,48527,43242,44890,50600,41223,59745,44971,87889,54184,122704,64485,88556,35397,60664,19007,59249,15457,48440,12107,20606,8175,2801,3235,2,3,0,0,0,0,20250403
202503,3호선,안국,79,0,2364,2094,3507,28141,6953,98759,11570,130695,16969,89708,20061,71988,29369,75094,40770,71236,47387,75838,60732,76410,78543,69668,109303,55556,143506,46958,147803,41913,80270,24817,73851,11821,52389,8677,26718,6706,8448,3912,769,1151,0,1,0,0,0,0,20250403
202503,3호선,압구정,63,0,3090,2280,8547,24027,16298,48275,25731,136349,21902,146869,27072,80904,32950,67713,40631,53569,46219,54463,56666,51001,64077,48402,74911,50062,96171,57652,127559,58406,91224,34297,74093,18541,51998,14644,35283,12246,11106,6462,1675,2222,2,162,0,0,0,0,20250403
202503,3호선,약수,104,5,6338,1048,10338,6191,26361,15116,36474,31659,26830,21260,20392,16251,18807,16366,21204,16306,21425,17926,21207,19736,22363,21321,23609,25769,27533,30873,31250,43445,20002,27345,16768,19754,16116,17052,11600,15460,5477,9017,868,3874,2,446,0,0,0,0,20250403
202503,3호선,양재(서초구청),42,3,5103,3176,14212,40694,38244,110671,49263,227173,34940,122425,33164,57755,36193,49062,41414,46289,47357,49618,52861,44321,62447,46076,78912,48969,134086,68514,189731,80005,90748,52967,68655,34320,60593,30656,38414,26251,13294,12946,1459,3516,0,52,0,0,0,0,20250403
202503,3호선,연신내,258,12,24886,2182,49352,13257,119769,29210,143947,43244,88784,40027,63081,37612,59683,40236,64447,43563,60721,47639,56149,52336,59383,64698,65560,75258,61856,94781,58561,136286,41144,112874,32668,71441,29227,64689,24000,54160,11878,34659,1878,11087,7,3,1,2,0,0,20250403
202503,3호선,오금,16,0,4786,18,9625,2431,31017,6251,31766,12532,16875,6406,11026,5358,8658,4690,9352,6066,9001,6894,7751,7206,7396,9684,9431,11185,11717,15663,11705,23566,5076,16408,3855,11454,3106,10067,2561,11555,854,5532,124,2106,0,1,0,1,0,0,20250403
202503,3호선,옥수,135,3,2846,838,9239,4041,23857,7928,33084,13667,23120,10124,16133,9010,15569,11395,14852,12136,15466,14265,14809,14987,15520,17832,16389,20452,17491,27658,17521,35019,12092,26228,9510,17739,8340,15229,5391,14234,2174,6804,371,1746,0,0,0,0,0,0,20250403
202503,3호선,을지로3가,18,0,709,1035,2059,9070,4449,35051,8731,76325,11899,31334,12139,16752,12322,15924,12965,15780,15145,17288,17913,15151,20360,15663,24362,18244,45178,22123,68417,25771,29902,15595,22433,8807,23077,6385,18395,5158,9804,3657,1330,820,0,8,1,0,0,0,20250403
202503,3호선,일원,10,1,2335,1467,9356,11974,27483,35403,26679,26199,19606,19959,19272,17183,18906,13012,19439,15259,17289,16958,19015,16284,24605,15597,30617,15153,37316,18316,19742,24223,10951,19752,7320,13624,5421,12165,4076,13228,1376,5380,161,1684,1,11,0,0,0,0,20250403
202503,3호선,잠원,2,0,1363,941,4886,9467,13873,6626,19365,9538,12314,6689,9258,4944,8914,5020,8667,5877,8516,7233,7635,7477,9287,8928,13104,8923,12823,12478,10078,15401,6169,11094,4116,7808,3646,7536,2508,8350,806,3882,152,1274,0,0,0,0,0,0,20250403
202503,3호선,종로3가,24,3,814,952,1339,6806,2141,16113,3563,42568,6120,43210,8875,36972,11566,32069,13877,29433,16587,29251,20191,27220,24211,25600,29869,24051,42526,23255,55141,21972,31775,13112,25590,7856,24922,5820,19238,4291,8385,2783,1019,1134,0,27,0,0,0,0,20250403
202503,3호선,지축,34,0,3381,568,12175,3934,31989,6416,32782,12141,18415,8485,12589,6531,11234,6980,11883,7701,10606,9689,9959,10069,11256,12052,11566,15960,12718,20863,11634,31747,7968,24888,6699,16840,5378,14484,4466,12180,1865,6769,352,1171,0,0,0,0,0,0,20250403
202503,3호선,충무로,0,0,0,0,0,0,2,0,1,0,1,0,9,0,8,0,13,0,7,0,9,0,5,0,13,0,17,0,14,0,22,0,3,0,6,0,8,0,5,0,5,0,0,0,0,0,0,0,20250403
202503,3호선,학여울,2,0,600,213,2107,1796,4859,3463,4800,9246,3870,8028,3184,6485,3871,5345,4902,6098,5400,6968,5665,6037,7306,5449,8455,4522,10423,4783,9402,5032,3279,4076,2101,2900,1833,2510,1297,2186,319,1261,36,456,0,0,0,0,0,0,20250403
202503,3호선,홍제,98,7,9733,1391,23710,7115,65624,11469,72183,26483,46788,22811,34749,21714,32785,20927,34917,21722,32739,23797,30371,27529,30856,33576,33119,38836,32156,48600,30786,68006,17178,54791,13345,36249,10821,31779,8219,26073,3227,15801,454,3762,0,0,0,0,0,0,20250403
202503,4호선,길음,11,2,10439,1432,33665,7371,90391,15838,92406,38497,53783,29911,37718,26261,34362,29697,35070,26398,33998,30351,32173,32096,34925,35046,39697,44655,40142,59661,38580,81311,21151,67875,17001,43160,13317,41105,13123,38517,4661,22101,649,5282,0,0,0,0,0,0,20250403
202503,4호선,남태령,25,0,1034,63,1622,2205,2931,6567,4246,5731,3065,1771,2506,1374,2451,1249,2610,1634,2624,1888,2421,1933,3261,1862,4131,2208,5781,2095,5044,2605,2401,2394,1767,2064,1431,1996,1394,1376,1055,760,173,249,0,0,0,0,0,0,20250403
202503,4호선,노원,224,5,12788,760,24659,9440,55898,15949,57904,35247,36638,36326,30169,27529,31535,28153,35869,31539,34969,36148,34838,35589,36847,41724,39596,50463,40822,66128,39569,90767,29837,70834,30668,44296,29580,38311,25764,32898,12475,21583,2625,7479,15,825,0,0,0,0,20250403
202503,4호선,당고개,74,0,8296,29,17981,4326,45567,6518,36853,10428,23987,10788,18121,10426,16951,9395,16585,10388,16076,10897,14316,12190,13592,15203,14425,17696,13797,20778,13025,27819,8187,25707,5813,17791,4669,16252,3239,15176,1411,10074,283,3619,1,426,0,0,0,0,20250403
202503,4호선,동대문,229,14,4851,2025,2842,14855,5204,31803,7523,63536,13554,63616,19645,61185,26322,55964,32789,49212,39538,46515,49730,43864,57794,36580,69238,29774,84097,24513,60271,21936,36850,22993,27826,16802,26318,12083,19345,8627,9333,6131,1546,1628,6,157,0,0,0,0,20250403
202503,4호선,동대문역사문화공원(DDP),321,6,6248,1533,5155,13221,9905,30313,15326,66599,19233,41188,20927,34413,22846,32394,25254,30890,28283,30646,35543,30603,43629,28727,51876,27654,70054,29927,82626,32613,50394,32959,41841,22904,39632,19302,30062,16044,16085,10687,2803,3398,3,171,0,0,0,0,20250403
202503,4호선,동작(현충원),9,0,177,1844,743,7219,1993,3303,2485,5275,2113,3321,2016,3203,2426,2345,2420,2431,2634,3514,2755,3386,3486,3110,7510,2825,8664,3292,6231,3766,2885,2630,2154,2413,1932,1182,1292,764,544,559,116,325,0,113,0,0,0,0,20250403
202503,4호선,명동,55,7,1867,1147,4330,25688,9631,56801,19070,137471,34803,107145,42104,74259,48431,78102,49368,88198,54570,82583,68146,78472,85130,81758,106504,81592,113247,85394,150263,81939,95205,65446,87426,48817,85887,34718,76333,19711,32956,10286,2272,3579,3,182,0,0,0,0,20250403
202503,4호선,미아(서울사이버대학),33,0,11277,2066,21174,6389,50029,20274,53527,41901,36394,21556,27987,18049,27555,22972,29690,19470,27495,21771,27602,24541,27349,28638,33970,33176,33253,38282,31638,48734,18556,41074,12703,26613,12093,24267,9703,21248,3219,14206,498,3646,0,0,0,0,0,0,20250403
202503,4호선,미아사거리,74,2,14725,3098,35417,8567,89286,21517,96961,34347,61449,31845,45508,29381,42510,31181,44051,33130,43666,37302,42246,40924,46285,51226,49965,60448,44978,70750,44664,99644,31594,78561,30342,49013,18633,45282,13435,38419,6223,22851,954,4705,0,0,0,0,0,0,20250403
202503,4호선,사당,192,31,10820,1086,27903,17932,68905,26497,79830,38929,65531,30114,45805,27738,38662,37327,42245,36265,41955,31048,41988,30913,41196,37266,43070,51267,49498,72748,53433,102548,37145,64771,34670,40245,36695,36592,32489,32647,15783,20825,1829,6367,4,653,0,1,0,0,20250403
202503,4호선,삼각지,11,1,544,414,2332,5041,7268,11519,10958,22914,7215,12021,5819,10829,6296,13535,7790,14095,8949,14666,10013,12682,11039,13478,12777,16472,16125,22497,26914,28421,14048,17956,14522,9401,17201,7056,15545,5729,7930,3815,1034,1409,0,21,0,0,0,0,20250403
202503,4호선,상계,78,2,14769,209,40110,7337,88096,19947,74799,20971,47117,18955,34389,16688,31990,17751,35101,21791,31398,23228,26841,25359,27572,31268,30586,40383,28931,50364,26323,68995,17648,62691,13409,39705,12074,35135,11886,30727,3741,21266,620,5678,6,599,0,0,0,0,20250403
202503,4호선,서울역,258,9,5031,1081,6523,16619,13025,43316,16632,95457,15571,63683,15128,36552,16731,36592,16924,38241,16131,38693,16851,37526,19342,41030,23658,44019,50267,47589,64908,48665,26322,38144,18291,28029,15645,26655,11114,20265,4973,10853,609,3405,0,260,0,0,0,0,20250403
202503,4호선,성신여대입구(돈암),31,5,6068,1603,19892,6765,49931,18105,58876,48824,41709,31990,33721,26239,35553,40671,39680,30871,41160,33405,42509,38785,43983,38460,48879,46906,56784,60067,55515,75302,37414,59495,33685,42238,35051,38343,32156,34773,15010,22669,2466,6279,0,1,1,1,0,0,20250403
202503,4호선,수유(강북구청),95,4,22093,3461,46218,11300,113577,21708,122557,56512,82652,40892,60291,33114,57758,35199,60522,38242,57934,44039,54128,47518,52838,60339,58168,76452,60273,90676,67508,128874,40994,112064,32307,76681,28330,69172,22422,62362,12023,40929,1824,9795,0,19,0,0,0,0,20250403
202503,4호선,숙대입구(갈월),9,0,3101,843,7976,8130,19019,24976,27956,57579,22140,38991,18609,29717,19583,27341,23768,22582,25234,24679,26695,23323,31505,23908,43722,28162,46665,35719,55765,43852,31615,28888,29575,19160,29936,17707,24033,15490,10924,10129,1233,2076,0,22,0,0,0,0,20250403
202503,4호선,신용산,5,1,1449,1236,3922,14179,12000,41955,18773,97046,16769,74169,15764,36858,21566,34227,23356,36372,27209,36612,27529,35663,36609,36837,46750,40282,68930,48433,100126,53497,54239,31270,45944,18527,45196,13782,32732,9742,14009,4859,1544,1297,1,40,0,0,0,0,20250403
202503,4호선,쌍문,190,20,24362,1220,54400,8506,126035,16792,129022,29167,80671,23099,58000,21633,51768,24183,52578,28684,46423,32589,40673,35705,38800,47510,40097,59611,40694,73805,36448,107833,24772,99335,18386,65521,14274,58586,10807,52704,4985,33435,721,10576,4,190,0,0,0,0,20250403
202503,4호선,이촌(국립중앙박물관),18,1,1315,926,5310,8518,13292,13599,18043,25984,12554,19202,10654,18159,12458,17276,15880,18854,16649,22931,18037,21095,22329,20972,29788,18956,32030,18706,28295,23179,11087,15650,9253,10240,7698,9439,4195,7886,1553,4291,170,1188,1,96,0,0,0,0,20250403
202503,4호선,창동,1721,61,16643,2384,38972,13564,90630,22134,81366,47147,54315,38016,45492,33419,45605,33921,46648,41317,44307,48889,42353,50326,47188,55023,53176,62137,52163,73281,55799,96419,32264,79360,24580,51234,21455,44035,17352,39678,7205,23286,1241,8404,1,182,0,0,0,0,20250403
202503,4호선,총신대입구(이수),62,0,6056,1237,17729,11731,49116,19573,61171,42257,40262,31427,31140,27000,31085,26667,33205,30059,35075,33953,32850,35817,34254,42118,36296,49504,41169,61198,45055,82802,28348,51969,26692,31475,21580,27003,17735,22708,7952,13484,1120,3522,8,588,0,0,0,0,20250403
202503,4호선,충무로,68,3,3641,2837,5827,22871,13039,60323,23989,184543,31071,109528,34817,68342,35687,56595,35138,51799,43458,49414,51197,43852,56780,40642,72356,44562,110494,52110,161342,55423,77616,35196,64264,25625,60111,25373,48077,23877,28106,16547,4807,5073,3,253,0,0,0,0,20250403
202503,4호선,한성대입구(삼선교),43,2,6735,1618,13245,9284,30909,19369,37661,34613,28610,30311,21745,23224,21656,23545,25405,24381,27156,25095,25816,25793,30985,24496,37505,27810,40510,34602,36419,38601,24681,30829,20591,21708,17299,20562,12902,18371,5690,11756,789,6150,1,1500,0,0,0,0,20250403
202503,4호선,혜화,25,0,3788,2075,7859,23033,18483,51486,23163,119401,26961,88665,33663,71778,38413,76963,42653,87541,46648,105606,62127,89264,86417,70434,103228,69838,122603,83233,128323,87557,85074,61469,91131,26569,112564,24263,96091,19847,35268,11971,4614,3621,2,479,0,0,0,0,20250403
202503,4호선,회현(남대문시장),33,1,1572,802,3762,23813,5820,58889,10331,153699,15421,104603,21417,85309,32827,89153,43540,73630,56112,66856,72342,59785,85599,48698,100223,36623,118322,29278,129862,24362,66240,15053,58232,8863,24657,8358,13709,6867,4896,4325,690,1284,1,83,0,0,0,0,20250403
202503,5호선,강동,118,0,11314,1480,21531,11399,56599,28072,71075,53048,39866,32182,29633,20450,27343,20273,30526,21383,27926,27928,27966,24925,29339,28034,34331,32006,43549,38589,46995,59127,23771,44222,17060,30853,13955,28968,10155,25446,4084,15889,736,6503,0,0,0,0,0,0,20250403
202503,5호선,강일,5,0,3096,615,9990,3008,30497,5824,26490,8121,16552,4024,12951,3816,10498,4223,10108,6352,9507,5859,7724,7638,8575,9871,8931,11335,9094,16237,8868,20158,4211,20093,2988,12290,2208,11512,1740,10677,656,6592,145,2088,0,0,0,0,0,0,20250403
202503,5호선,개롱,2,0,3744,775,9797,2555,25056,8305,24508,16202,14790,8907,12278,6532,10791,6893,11693,7001,10939,9444,9163,10300,10179,12112,14149,15480,13622,18284,13475,23433,6824,21666,4725,12505,4901,10500,2646,11573,960,6063,110,1922,0,0,0,0,0,0,20250403
202503,5호선,개화산,0,0,4604,253,9483,3187,23899,5833,24117,13783,12790,6569,9591,6036,9389,6124,9732,7020,9221,7418,8285,7273,8020,9278,9347,10829,12198,13575,11686,19765,5377,16787,4216,10755,3445,10013,2408,8888,925,5209,101,1865,1,52,0,0,0,0,20250403
202503,5호선,거여,2,0,6370,595,17252,3553,47687,9104,43611,18819,25965,9623,17682,7688,16133,8839,16431,8502,15460,11975,13283,12020,14262,16440,15651,21796,16518,26394,15808,40720,8091,33629,5830,19784,5138,16779,3555,17714,1307,9341,184,3173,0,0,0,0,0,0,20250403
202503,5호선,고덕,13,0,4275,1666,10953,7825,29744,21327,25864,22226,18130,15680,16723,14635,18530,11512,18465,12930,16674,17938,17154,15065,21891,18141,25776,20252,26232,20880,20705,30778,12784,25017,9420,14195,9476,13447,10519,12167,2252,6500,364,2737,0,174,0,0,0,0,20250403
202503,5호선,공덕,7,3,2029,982,5750,8869,21086,34921,32959,77043,17909,41773,15643,19123,17123,18551,18648,16993,22479,18807,19823,16716,23250,18255,28379,21972,45002,32991,65324,47036,26733,24250,22023,15804,21985,14135,16272,12259,6878,6305,797,1717,0,0,0,0,0,0,20250403
202503,5호선,광나루(장신대),7,0,4412,1872,12894,8967,31239,15538,35363,34322,21904,21692,18239,19305,17797,15551,19496,16083,20041,16203,20075,15580,22903,17516,26728,21881,25586,26288,29541,34027,14115,24882,12137,16334,14332,15532,8856,14568,2721,8329,352,2212,0,0,0,0,0,0,20250403
202503,5호선,광화문(세종문화회관),7,0,1076,1077,3465,35568,9758,87584,13773,274163,11861,128333,15156,66145,22758,68433,31042,68606,43584,81655,57795,67212,74078,52482,101191,49695,154496,51351,232164,56426,93463,26967,83235,11658,77324,8082,44660,5148,12997,2835,1336,740,0,2,0,0,0,0,20250403
202503,5호선,군자(능동),71,1,7414,892,11226,5701,33813,9461,48938,27991,23854,20031,15877,15410,15508,14824,17061,16157,18091,17955,16466,18138,17410,20622,20329,26566,25468,36686,29310,58300,17962,36854,15601,24461,15630,21365,12389,20123,6795,12301,1197,5802,1,900,0,0,0,0,20250403
202503,5호선,굽은다리(강동구민회관앞),1,0,7460,707,13599,2980,35726,7070,39088,15270,23290,11846,18132,10851,17251,12408,18567,12708,17646,14505,16083,15237,15229,16992,16359,22659,16609,24239,17086,37758,10374,28570,8412,18159,8142,15276,5312,15475,1752,8024,338,3177,0,0,0,0,0,0,20250403
202503,5호선,길동,6,1,5048,954,9808,4499,24836,7777,29376,20949,17537,14889,15648,11856,15490,12582,16727,13395,16891,13473,15244,15249,15549,16969,16335,20941,17870,22583,19048,29443,10434,23099,7674,14887,7733,11811,5172,11038,2134,5943,429,2932,0,0,0,0,0,0,20250403
202503,5호선,김포공항,7,0,1052,3464,4962,10001,20146,18714,26273,24331,13260,13865,12090,14805,17579,16881,20447,16866,22774,17347,27263,16814,29739,15850,26196,16019,30801,18000,38944,16364,24711,9981,21375,4929,17651,3072,17724,2097,8196,1169,372,568,0,1,0,0,0,0,20250403
202503,5호선,까치산,299,1,23959,1559,44451,8286,120356,11449,147277,22013,81485,18625,49935,18259,45000,21241,45670,25774,41833,28689,34960,34993,32571,46871,34299,58477,33356,77662,31736,123874,21701,94643,16166,63340,13460,60444,10791,49430,5311,30108,781,9046,1,377,0,0,0,0,20250403
202503,5호선,답십리,10,0,8653,1355,19379,11626,56974,14709,77737,35369,38155,19594,25203,14327,22074,14995,23417,16611,22895,19147,20646,18435,22077,22229,28557,26468,32550,36351,35116,59301,17962,39796,12434,26811,10303,24198,7079,21510,3189,12563,545,3981,0,26,0,0,0,0,20250403
202503,5호선,동대문역사문화공원(DDP),3,0,176,272,778,3039,1775,10184,3202,29725,3817,10949,4061,4201,3582,3701,3067,3994,3286,4018,4295,3655,4338,3672,6064,4087,13360,4440,20780,4682,7944,3254,4631,2765,3961,3071,2546,2847,1198,2142,204,587,0,11,0,0,0,0,20250403
202503,5호선,둔촌동,3,1,5935,507,16301,6883,44489,13549,45615,24894,27408,15386,20164,13770,19097,14253,19681,15894,19822,18746,19036,18234,20267,22438,22439,26027,25838,34170,25550,48294,14796,36498,11843,19099,9921,20061,7971,15770,3497,8708,379,2651,0,0,1,1,0,0,20250403
202503,5호선,마곡,7,0,2778,2807,8624,11406,25451,22172,25402,61011,15103,35761,12830,18231,13819,16040,15320,16584,16729,18332,18704,17156,22582,17520,29473,19718,39543,23974,51237,32169,24853,23256,18834,12961,15980,11616,10360,10396,4419,5650,525,2121,0,0,0,0,0,0,20250403
202503,5호선,마장,7,0,2417,474,6266,3955,17077,7006,20554,16090,12146,11797,9576,8444,9351,7708,11123,8412,10365,8367,10147,7495,10933,8558,12609,9875,12611,13416,12364,18506,7902,12075,6022,8435,5650,7810,3671,7352,1377,4183,249,1359,0,5,0,0,0,0,20250403
202503,5호선,마천,45,0,7132,303,14346,2693,43628,4360,32921,11366,18415,7444,12456,6694,11161,6011,11909,6731,10269,8738,8929,7950,8475,12953,9248,14616,9048,17967,10330,25518,4763,22462,3672,12929,2808,12592,1861,11981,669,6919,111,2587,0,1,0,0,0,0,20250403
202503,5호선,마포,7,0,2460,1667,8791,11838,29371,20637,38567,70897,22122,35811,18378,18544,18525,19093,20036,17073,21091,17832,20531,16752,22027,19066,27580,23894,39148,32822,58367,46996,22980,28034,20041,18303,21288,16407,14606,14069,5899,7835,779,2219,0,0,0,0,0,0,20250403
202503,5호선,명일,4,0,5706,1502,12630,3446,32492,7907,31553,14062,18487,9619,16606,10391,14946,9654,15604,9128,13556,12128,12656,11703,12574,16081,14823,19548,12834,20149,12841,34347,8390,26364,7049,14851,7363,12558,4193,12710,1876,7128,378,2459,0,42,0,0,0,0,20250403
202503,5호선,목동,32,0,8500,1404,21373,6508,60879,16467,72207,27729,37953,20908,27347,15852,25964,14650,27461,18228,25220,22807,22323,23339,23211,28670,26103,35907,28963,50770,29292,83817,16764,56173,13860,33739,13570,32009,14255,27974,4421,15206,582,4972,0,0,0,0,0,0,20250403
202503,5호선,미사,19,1,8067,936,23060,8268,73131,13995,67704,27789,36056,24589,28005,18551,25897,19734,28097,21790,27402,22196,24784,26778,27673,27929,29782,38608,31985,50817,33048,70809,20584,67915,18671,37630,19020,29490,16553,27373,7455,16834,1896,5428,0,0,0,0,0,0,20250403
202503,5호선,발산,4,0,3635,2635,11039,14726,30076,44255,30849,127667,21501,65673,21763,36564,26092,35765,30864,34196,34391,35214,38074,33562,45033,32539,52090,36393,79958,42886,97976,56309,46141,39764,40149,23320,37816,18180,30475,15535,12450,9165,1507,3248,0,0,0,0,0,0,20250403
202503,5호선,방이,0,0,2610,939,7117,3722,20110,9002,18715,22625,13498,13185,11449,9336,10148,8536,12095,11158,12480,10799,10592,12311,11476,14192,12556,16677,16073,22612,19983,23820,11109,18940,9709,11118,12446,9220,12566,7643,2549,4999,261,1362,0,0,0,0,0,0,20250403
202503,5호선,방화,26,1,5422,12,11963,3550,28525,5682,26295,13489,15720,8039,12784,6637,12903,7224,12381,8048,12235,8985,10913,10106,11692,11456,12036,13871,11188,16613,10725,22763,5594,20677,3986,12798,3054,11149,2079,11323,954,6567,147,2485,0,247,0,0,0,0,20250403
202503,5호선,상일동,56,1,10136,1269,31778,5848,75762,12067,58047,17241,36040,9644,27029,9474,22085,9438,22424,14862,19658,16645,17511,17018,19333,23899,19590,25586,20682,39225,20337,57119,11220,50118,8381,30004,5619,27841,3943,23757,1768,13990,475,6314,0,1183,0,0,0,0,20250403
202503,5호선,서대문,23,0,2983,972,6665,18426,19934,74121,24405,174830,18666,50572,18170,24932,21238,24388,22505,22936,23564,26382,28946,21954,37488,18831,48198,19522,81610,23224,121084,28728,37801,17227,30113,12060,26268,11977,17311,8763,5747,5130,500,1398,1,47,0,0,0,0,20250403
202503,5호선,송정,7,0,3709,1135,7610,4007,18438,7337,22895,11489,15552,7251,12583,6440,11209,7321,11730,8409,10311,8559,10209,9198,10035,10569,11396,12830,12345,14768,12572,20074,7726,16323,6099,11328,4809,10756,3758,10010,2110,5715,257,2144,0,0,0,0,0,0,20250403
202503,5호선,신금호,40,0,2649,436,6746,2741,21188,9782,28751,13813,16079,8098,10832,6733,9770,6846,10203,7931,9490,8987,9714,9689,9636,12173,12570,14191,11041,18087,11374,26922,7739,18337,5434,11736,4650,10817,3062,9725,1281,5859,352,1875,0,0,0,0,0,0,20250403
202503,5호선,신길,65,1,2348,430,4733,2023,17517,5225,26639,14296,11671,7034,8002,3449,6631,3879,6840,4212,6041,5064,5337,4958,5953,6403,6620,8159,9298,12826,13855,22498,5770,13998,4304,11744,4341,11958,3118,10719,1596,6314,194,1658,0,0,0,0,0,0,20250403
202503,5호선,신정(은행정),98,0,12225,772,23169,3410,62591,8927,75686,12687,37643,8462,22937,7450,19255,7968,19429,9667,18127,11756,14870,13040,14411,17710,15442,22866,16866,31076,15805,48169,9157,36024,6659,24365,5520,23583,4334,21553,1676,12310,246,3774,0,0,1,1,0,0,20250403
202503,5호선,아차산(어린이대공원후문),12,0,9189,1422,17996,6181,43535,14831,57545,32827,33280,21487,23598,21111,21750,21825,25913,21299,27886,21451,27992,22974,31288,27909,31226,32087,31750,37004,31116,54996,18733,38601,13916,25810,12342,22021,8435,18897,3188,11217,488,2866,0,0,0,0,0,0,20250403
202503,5호선,애오개,66,11,2074,941,6133,5341,20926,8203,28313,16788,13412,10983,9690,7446,9852,6960,10851,6702,10910,8221,9515,8801,10887,9454,12187,11153,13103,16013,14717,23570,7615,15311,5452,10038,4585,9319,3078,8224,1082,4591,118,2175,0,310,0,0,0,0,20250403
202503,5호선,양평,2,0,2573,1031,7184,4111,25531,10181,30564,42623,13925,15669,9738,7035,8961,6203,10004,6348,9654,7119,8639,7356,9599,8429,11556,10178,20179,14101,34183,24341,10488,17068,6705,11964,5441,11162,3595,9969,1482,5482,218,1777,0,0,0,0,0,0,20250403
202503,5호선,여의나루,16,3,1097,1451,2827,10533,6489,46162,10193,77308,6412,30932,6777,23231,9116,23077,11615,25590,13453,31064,18826,31757,25734,32911,34911,31929,63292,34021,76502,33868,40292,19762,40561,12185,29138,8220,18657,6006,6305,2960,554,963,0,0,0,0,0,0,20250403
202503,5호선,여의도,11,0,2865,2973,4112,26135,10959,154549,14849,220514,12912,85574,14091,39192,21805,39397,22987,40748,29642,45739,35898,36718,46288,34300,62317,32487,150901,35799,174876,40662,77326,20227,66286,11157,50471,9498,27714,7905,9382,4768,1145,2307,1,0,0,0,0,0,20250403
202503,5호선,영등포구청,3,0,1197,610,2912,2525,9734,6537,15442,25936,6207,10822,4958,5627,5503,5119,6454,5514,6742,5786,6531,5510,7417,5884,8645,6731,12249,8975,23417,16347,8508,8633,6082,5398,5628,5278,4191,4678,1868,2653,281,626,0,0,0,0,0,0,20250403
202503,5호선,영등포시장,16,0,3010,930,7083,5238,27660,15357,38650,45846,17440,26986,13164,18351,14277,18915,16215,23307,17853,24560,19309,20100,23310,18413,28487,18262,36167,23449,47412,37952,20675,23342,14537,14928,12263,14279,9111,12632,3748,7758,441,1861,0,0,0,0,0,0,20250403
202503,5호선,오금,25,0,1131,566,3577,2605,8188,10776,8298,20356,5816,7180,5170,3894,5084,3752,5662,4000,6010,4132,5325,4670,7229,5086,8441,6001,11165,7629,14838,8726,5003,6797,3496,4165,2985,3790,2324,4183,782,2823,143,842,0,0,0,0,0,0,20250403
202503,5호선,오목교(목동운동장앞),6,0,5128,1845,16325,8383,53144,27384,58349,60262,33348,48756,26587,31621,27698,31105,31674,32459,31878,36142,32131,34607,36008,38245,42436,45502,51484,58030,62284,77900,35962,50483,37130,30783,29425,26678,26987,22453,7883,12142,991,3650,0,0,0,0,0,0,20250403
202503,5호선,올림픽공원(한국체대),16,0,1497,925,5681,3574,12875,7381,13440,12744,10111,7627,9102,7705,9046,7336,9707,9103,9248,9766,9149,11210,11407,12827,12948,12905,12475,12248,11052,12466,8720,9656,15456,6142,8989,5705,4873,4667,1339,3526,84,879,0,0,0,0,0,0,20250403
202503,5호선,왕십리(성동구청),38,0,1769,513,2102,3208,6113,6146,8813,16879,5132,10549,4846,7446,5599,7906,6402,8201,7078,9590,7622,8817,8719,9018,10807,10188,11483,12487,15114,17266,9543,9790,8514,5979,9129,5269,7065,4214,3325,2446,587,2028,0,258,0,0,0,0,20250403
202503,5호선,우장산,3,0,7361,974,22868,4793,56151,16757,59379,25200,33235,16282,26720,14302,25831,14030,26513,17556,24310,20655,21930,22601,25463,26967,28939,32384,27512,39296,21819,58178,13595,43910,9919,28153,8809,24832,7630,24847,2025,13924,280,3389,0,0,0,0,0,0,20250403
202503,5호선,을지로4가,1,0,385,519,1202,6018,2877,17772,4307,42842,4242,20114,5113,13078,6860,12885,8052,11577,9566,10858,11464,9857,12701,8893,16059,8492,27825,8439,38026,8818,16178,5005,11387,3447,9352,2982,6481,2331,3094,1454,387,587,0,1,0,0,0,0,20250403
202503,5호선,장한평,22,0,8291,1104,20577,13071,58241,23589,78853,67108,42793,30830,28424,23731,25339,20733,26593,21310,25805,22631,25172,22245,26435,26152,33570,32339,45219,45995,64733,69976,28794,49619,17478,31951,14116,29477,11346,26393,4564,16233,719,4620,0,192,0,0,0,0,20250403
202503,5호선,종로3가,61,1,1546,409,2404,7606,3372,15228,6036,45793,8373,38131,10561,33803,13907,38700,19717,39470,22654,39031,29315,36276,36842,34332,43461,33769,53618,37209,66017,41352,43814,23832,44810,14688,45643,10408,35624,8215,19323,4805,2376,1606,1,13,0,0,0,0,20250403
202503,5호선,천호(풍납토성),74,1,7007,1920,12728,13222,35954,19508,43518,39756,27394,37985,25214,30397,28964,31921,33716,33495,35176,37364,37475,35366,42567,38815,48608,41292,54489,49430,57999,62973,39265,44255,34975,26931,25479,24026,19300,20241,9381,11992,1710,3804,0,0,1,0,0,0,20250403
202503,5호선,청구,6,0,1488,244,2422,1961,7111,4013,9694,14498,6452,8220,5712,4086,5518,3911,5614,4682,5230,4881,5147,5046,5502,5686,7748,6469,9089,8209,13922,10928,7401,7263,5275,5278,4112,4728,3327,4288,1691,2475,267,701,0,0,0,0,0,0,20250403
202503,5호선,충정로(경기대입구),8,0,837,191,2550,2806,6298,16550,8928,37841,5471,13844,4367,4556,5336,4876,5623,4347,5696,5159,6223,5482,6604,4571,8803,5366,19483,6927,31109,9695,9280,6359,6098,4646,5344,4603,3031,4095,1136,2506,207,670,0,80,0,0,0,0,20250403
202503,5호선,하남검단산,18,0,4737,11,10331,2974,25623,5070,20807,12488,13655,9766,11506,9787,10288,9112,11041,11138,10765,10300,10924,10549,13013,13667,13803,12587,13520,16415,12271,18708,7957,17301,6843,11439,5996,10470,4253,9192,1537,5816,133,2855,0,0,0,0,0,0,20250403
202503,5호선,하남시청(덕풍?신장),36,0,5595,110,14108,3931,32376,6706,29763,17079,19870,8711,16354,9984,15293,9765,16330,9974,14923,13486,14042,11836,14754,17938,17391,19618,15967,20142,16083,27648,9265,24855,6806,15227,5746,14843,3571,12969,1525,7542,314,3609,0,0,0,0,0,0,20250403
202503,5호선,하남풍산,10,0,2070,458,5553,2393,11214,7267,12344,17513,8270,10479,7310,6887,7112,6414,7750,5565,7855,7043,7701,6716,9358,6930,10476,8830,12758,8511,14185,12203,5645,10941,4288,6359,4121,5842,2515,5646,715,3407,179,1203,0,0,0,0,0,0,20250403
202503,5호선,행당,27,1,4033,662,11021,2711,32266,5166,43090,9306,22147,6755,15273,5690,13642,6305,13289,7629,12200,9058,10377,10596,10797,13289,10609,15950,10607,20497,10283,31637,6740,21676,5117,14323,4124,13385,3549,11384,1180,6683,232,1960,0,0,0,0,0,0,20250403
202503,5호선,화곡,582,4,22600,1639,42609,9473,114491,16233,144405,35701,76803,26233,49217,20017,45249,21602,46902,24004,42236,28358,36604,33268,35174,42330,38595,55801,40862,72682,43212,125554,26037,89509,18055,58543,15484,55336,11316,46878,4547,28884,683,8371,0,0,0,0,0,0,20250403
202503,6호선,고려대(종암),15,0,4039,968,7464,4778,21222,13401,27569,30197,15184,16015,11907,18405,12324,11970,13553,10518,15259,14099,15908,12421,16169,11591,24270,14461,27462,17964,23461,28742,12794,20566,10896,13271,13743,13603,8400,12466,3955,8841,692,2487,2,38,0,0,0,0,20250403
202503,6호선,공덕,157,1,4858,2561,8654,12445,22658,41863,33557,95485,25213,49282,22260,25982,24115,22913,25409,23038,26789,23621,27204,22873,31896,23728,37934,29222,61287,34613,84546,45023,39611,28999,31271,19346,28283,17849,20691,16004,9362,10822,1229,4906,0,160,0,0,0,0,20250403
202503,6호선,광흥창(서강),6,0,3009,1409,7979,6259,22258,15878,28795,34395,18667,20186,14428,13230,15554,11032,15986,12173,14699,11955,14159,12096,15321,14015,17894,14991,23376,19069,31062,26446,14746,19065,10748,12551,9344,11462,5696,10853,2460,6429,387,1754,0,0,0,0,0,0,20250403
202503,6호선,구산,16,0,6438,245,12723,2184,32804,7373,39690,7788,21772,5764,15321,5399,13947,7158,14365,7923,12721,8130,11242,9356,13318,12422,14054,15608,12342,17761,9946,24290,6681,20683,5092,11749,4409,10855,3916,8989,1241,5928,217,1717,0,0,0,0,0,0,20250403
202503,6호선,녹사평(용산구청),26,1,1125,480,2103,3855,4782,9267,7180,17343,6565,9343,4808,7885,5670,8362,6091,10540,7035,11385,7506,10965,10149,12215,13338,11352,16069,13788,20080,15262,13010,10282,11826,6471,12500,5188,10093,4513,4905,2753,570,839,0,0,0,0,0,0,20250403
202503,6호선,대흥(서강대앞),2,0,2715,1070,5356,5008,16090,19210,22447,39217,14741,23220,11519,22468,11982,15198,14102,14433,18965,19220,15729,13849,17564,15123,24360,17133,28290,21055,30168,28161,15860,17974,13834,11017,14128,10138,12947,9312,4545,6786,714,1962,0,2,0,0,0,0,20250403
202503,6호선,독바위,18,0,2232,283,4652,922,14163,2272,13131,3119,7256,3168,5050,3320,4653,2579,4461,3130,4047,3285,3652,3560,3780,4779,3948,6082,3495,7614,3081,11732,1900,10262,1337,6380,874,5530,618,5243,348,3534,47,1281,0,0,0,0,0,0,20250403
202503,6호선,돌곶이,26,0,7404,1195,15386,4485,41763,6728,45377,19555,23968,13030,17281,9604,14998,9359,16299,12388,15673,13065,13559,12444,14456,16239,16191,19107,17258,24231,17177,37179,11636,29873,7606,17691,7348,15804,5458,15619,2634,9294,408,3097,0,0,0,0,0,0,20250403
202503,6호선,동묘앞,137,2,5012,990,5090,3973,10773,7993,17629,22296,14346,18447,13544,16913,15930,18760,18384,19204,19421,21915,23511,20819,24871,19432,26194,19379,27850,18978,24754,21970,14963,16565,11366,12126,9393,11991,6843,11055,3414,8445,550,2512,0,103,0,0,0,0,20250403
202503,6호선,디지털미디어시티,166,47,6581,2663,17905,12100,53988,29936,56507,62193,32210,29716,20870,12481,17903,11513,17924,13298,17218,14887,15446,15311,16901,19422,23266,25838,35479,34517,45367,52427,20845,39015,11030,25014,8888,23474,6279,21476,3138,12059,707,5299,2,25,0,0,0,0,20250403
202503,6호선,마포구청,36,8,6086,1702,15076,7225,43178,15257,57018,34947,37170,18891,24407,13936,23176,13587,22890,17339,22427,18513,20534,16869,21056,22426,23774,24227,27168,30628,35867,46370,18951,34409,13517,23419,12072,21758,8899,20540,3998,12718,628,3202,0,0,0,0,0,0,20250403
202503,6호선,망원,2,1,5945,725,10289,5275,27278,10746,38141,33868,26561,33139,20445,27365,22065,32420,27177,34383,28986,40392,29584,36288,31805,40786,34876,42861,39930,45576,45917,52641,34674,38276,29706,21054,26014,18621,19570,15596,9057,10567,1287,2543,0,0,0,0,0,0,20250403
202503,6호선,버티고개,1,0,1014,356,1897,1447,5535,2649,7794,6144,5400,3715,3754,2653,3484,2348,3444,3033,3444,3271,3152,3467,3687,3966,3863,4192,4960,5300,6992,7157,3320,5561,2240,3743,1768,3742,1363,3159,618,1893,77,458,0,36,0,0,0,0,20250403
202503,6호선,보문,26,1,4349,833,8122,4675,24448,10569,34853,20105,19415,11012,12514,8322,11995,8736,12635,9176,13231,9975,12093,9425,13419,11773,15022,13948,16905,18546,19097,26928,9998,21196,8027,13647,7612,13550,6336,13355,3394,8985,652,3094,0,0,0,0,0,0,20250403
202503,6호선,봉화산(서울의료원),8,0,5722,910,16470,2612,44942,6084,40297,11809,20422,7230,15330,6719,13821,6919,13832,8297,12244,10202,10805,10685,10785,14168,11539,16325,12873,22202,10592,30930,5744,28597,4078,17650,3575,15549,3018,14762,1191,8275,158,2889,0,206,0,0,0,0,20250403
202503,6호선,불광,6,0,1593,445,4282,2849,12213,3828,14243,7746,8259,7086,6995,6042,7654,6393,8637,6519,9219,7407,9426,7392,11433,8277,12175,9439,11085,11873,10705,15417,6630,11530,5507,6974,4211,6074,2230,5973,903,3497,180,1114,1,1,0,0,0,0,20250403
202503,6호선,삼각지,13,0,1413,693,2957,6140,8364,15144,14170,27789,10658,13260,8197,10415,9196,10701,11092,11761,13189,11727,13867,10689,16662,11501,19894,12514,25944,14566,32495,17787,15664,10998,12730,7934,12097,7509,9641,7672,5451,5103,922,1481,1,8,0,0,0,0,20250403
202503,6호선,상수,9,0,5631,1296,7151,3807,11060,6612,13975,24067,10506,38477,8681,21581,9540,20238,12730,22427,14839,24230,16071,20696,18658,20516,24622,23452,28732,28882,32669,38808,24273,25540,23074,16570,25762,13871,26584,12953,18201,9955,3047,3024,0,0,0,0,0,0,20250403
202503,6호선,상월곡(한국과학기술연구원),52,2,5468,530,9078,2292,24209,4159,28466,15632,16223,10395,11467,10954,11091,9083,10827,7096,11302,9199,10792,8167,9707,9731,12409,11736,12046,14792,10964,20231,6932,16858,4086,10667,5028,9998,2880,9953,1426,6448,171,1987,0,1,0,0,0,0,20250403
202503,6호선,새절(신사),99,2,11080,686,20928,5341,54992,8594,62831,16082,33118,14630,21990,9889,19969,11877,20887,12976,18945,16491,16668,15902,17708,21219,22097,25188,19164,32604,15923,48883,10206,40043,7004,25543,5950,21737,4562,20116,1872,12359,244,4341,0,0,0,0,0,0,20250403
202503,6호선,석계,1229,12,8651,1834,19675,6119,49113,9596,53833,17251,30838,12941,22076,11747,19706,14645,21076,15226,19967,16132,18212,17473,18030,22136,18757,28152,19920,34064,17742,52622,12732,42973,9211,26928,8818,23271,7635,21092,4291,13092,804,4174,0,9,0,0,0,0,20250403
202503,6호선,신내,0,0,1,0,0,0,0,0,3,0,3,0,0,0,1,0,0,0,1,0,1,0,1,0,0,0,1,0,0,0,2,0,0,0,0,0,0,0,0,0,0,0,0,0,0,0,0,0,20250403
202503,6호선,신당,113,4,5851,1188,4810,7930,7653,16154,12405,36645,9660,22029,8378,13563,10761,11190,12091,11215,12453,11039,13812,10315,16604,10574,19117,12297,20642,14093,26624,19307,17710,20770,16776,11849,15958,8870,14111,9542,7856,8273,1636,2355,0,10,0,0,0,0,20250403
202503,6호선,안암(고대병원앞),34,3,2797,1439,3804,6383,9600,18884,13289,63339,12030,39668,14191,51708,18401,32024,20139,23827,22611,28766,29034,22985,30738,17252,49059,19597,57874,23279,44414,31016,28108,19968,25134,13887,27231,14531,24514,13840,15838,9765,2924,4083,1,121,0,0,0,0,20250403
202503,6호선,약수,5,0,1409,260,1918,2515,4880,6523,8047,15822,6562,8849,5091,5640,5175,5355,5942,5444,5688,5611,5989,5669,6663,6362,7866,6695,9785,8467,13706,10746,7491,6382,6126,4086,6010,3493,4739,2965,2320,1823,455,628,0,1,0,0,0,0,20250403
202503,6호선,역촌,0,0,2140,298,5709,3152,15972,3162,17075,8353,9573,4410,6729,3672,7149,5294,6971,5389,6724,5238,5854,6202,5468,7207,5478,8914,5959,11966,5145,18188,3152,14240,2361,8604,1950,8324,1282,7776,663,5049,96,1495,0,0,0,0,0,0,20250403
202503,6호선,연신내,0,0,0,0,0,0,2,0,6,0,5,0,8,0,2,0,4,0,5,0,3,0,1,0,7,0,8,0,2,0,2,0,3,0,0,0,4,0,1,0,0,0,0,0,0,0,0,0,20250403
202503,6호선,월곡(동덕여대),11,0,6566,800,14373,3721,41331,8021,48749,30990,25913,19575,18523,18516,18539,16379,19870,14432,20784,16462,20967,16949,19961,19393,25628,24975,25912,30345,28737,44159,14766,33970,11645,20442,9806,19471,6329,17360,2865,11273,482,3370,1,2,0,0,0,0,20250403
202503,6호선,월드컵경기장(성산),34,1,818,1072,2620,3229,7587,5282,9121,9769,5658,8377,6434,9554,7916,11640,8854,17616,9478,22634,11737,13439,16286,11697,29088,10080,14690,10329,11290,12089,7629,9237,5424,5718,5433,4282,3519,3372,1127,1759,295,424,0,0,0,0,0,0,20250403
202503,6호선,응암,39,0,11996,1256,27417,6131,73883,10624,88669,18450,49386,18154,31630,15847,29550,15918,30245,18768,29119,20092,24466,23604,25354,30991,27625,38263,24343,51055,22724,78555,14755,61223,10984,39657,8971,33960,6960,30333,2745,19302,382,5756,0,0,0,0,0,0,20250403
202503,6호선,이태원,155,3,12207,2145,10325,14679,9769,12906,10795,32402,10965,27275,10214,19653,11133,16483,12290,18852,14688,20065,16666,19236,22044,20507,32274,24557,32504,31286,38572,35580,31636,29110,27190,23507,29107,21061,26194,20464,17091,16809,2829,5918,0,1,0,0,0,0,20250403
202503,6호선,증산(명지대앞),16,0,7060,600,14049,3870,37324,4903,46035,11603,26443,9686,18352,8519,15729,9695,16527,9976,15547,12252,13861,13224,13442,16506,14787,21093,13878,26943,13730,40616,8167,32137,6029,20392,4830,19905,3437,16765,1589,9780,273,3074,0,0,0,0,0,0,20250403
202503,6호선,창신,2,0,2752,269,5363,1957,15616,6750,17677,6139,9913,4401,5736,3413,5187,3465,5180,3768,4894,4308,4516,4526,4712,4763,7596,5868,5815,7724,5488,10428,3690,8322,2826,5545,2030,5458,1413,4911,681,3152,121,932,0,0,0,0,0,0,20250403
202503,6호선,청구,11,0,1481,504,2925,3289,7695,7289,9919,22630,6740,11219,5368,4835,4807,4201,5289,4335,5406,4718,5315,4759,5646,5267,7531,5699,8179,6824,13753,8511,9084,5365,5677,4020,4889,3852,3940,3464,1988,2380,351,726,0,0,0,0,0,0,20250403
202503,6호선,태릉입구,25,0,4553,1194,7214,3039,18879,4001,23442,10847,13018,8164,10075,6071,9963,9550,10088,7902,10226,8735,9915,9815,9869,10732,10800,13671,10857,16913,11213,25071,7217,19632,5402,12632,5089,12480,3996,10335,2076,8528,452,3837,0,1,0,0,0,0,20250403
202503,6호선,한강진,40,1,598,907,1480,9127,3904,22955,6177,43994,6112,31423,4275,25855,5957,24625,9546,25859,12920,33952,15091,27330,22476,30152,35549,30240,45522,30349,49823,34670,34748,15211,29771,5711,29047,4433,27208,3621,4004,2416,455,1843,0,181,0,0,0,0,20250403
202503,6호선,합정,26,0,3461,1292,5760,6358,13508,16653,20960,41049,15912,30624,13831,21014,14981,21316,18676,22467,20669,25661,21917,22487,25125,25087,28375,31601,36089,35052,50891,46230,34896,30069,31626,16883,33463,14205,29743,12499,15998,8958,2395,2580,0,0,0,0,0,0,20250403
202503,6호선,화랑대(서울여대입구),22,1,6720,1370,21816,4185,55764,9348,52354,21779,28250,15394,19008,11046,18252,11596,18733,9306,18691,10846,16606,11286,19091,13507,23784,17127,23342,25283,18035,36837,8771,32180,6149,20552,5008,17500,3665,16943,1325,10580,153,3821,0,13,0,0,0,0,20250403
202503,6호선,효창공원앞,2,1,2309,730,5993,4234,18339,7796,28023,26877,16564,15493,11407,12627,10996,10388,12354,9478,13122,10776,11125,10644,12730,10586,16170,13261,18808,15669,24864,22162,11131,15213,7406,10344,6461,9034,5197,8548,2330,5496,478,1993,0,0,0,0,0,0,20250403
202503,7호선,가산디지털단지,716,3,7199,5384,10276,30168,24176,141733,28535,372973,21213,214595,20248,57724,24462,37141,31817,34895,36149,36720,41355,31300,52530,29157,79973,27899,212426,30721,297418,36193,121576,26054,69915,16908,52442,14224,29393,12261,12552,8455,1650,3066,1,1,0,0,0,0,20250403
202503,7호선,강남구청,18,3,1770,1715,4300,16561,7978,36894,10409,101890,9961,97528,10275,42679,12475,25036,14962,22987,17906,23900,22650,20707,27787,19646,33265,19205,52207,21001,84991,21897,54254,14088,34926,9629,31856,7137,22511,5945,9436,3944,1525,1857,0,0,0,0,0,0,20250403
202503,7호선,건대입구,87,2,4301,1248,5061,8858,14334,20578,21032,44699,16724,34239,15562,31285,17944,26694,20431,27389,23443,29406,27991,26607,32647,25900,38476,28029,47282,34738,40401,43764,29050,28024,30424,16821,26185,14318,22661,11514,11909,7091,1953,3582,2,196,0,0,0,0,20250403
202503,7호선,고속터미널,14,3,1320,2978,3374,22220,12851,40787,19808,50199,25864,37795,24481,32517,27664,29469,30001,26707,30068,29410,31706,27289,42155,22893,45011,23335,61295,26000,51513,26946,35623,16880,37487,10454,32229,9919,24911,5947,6970,3498,565,849,0,5,0,0,0,0,20250403
202503,7호선,공릉(서울과학기술대),26,3,6291,1048,14470,4328,37253,13442,41751,27313,24788,22822,19863,17139,19734,14804,21664,17610,21481,18971,21754,17856,24143,20805,27923,25060,27253,30270,27725,44171,16455,36119,13547,21717,13266,19821,11327,18657,6248,12221,990,4074,0,0,0,0,0,0,20250403
202503,7호선,광명사거리,198,6,18979,6315,31899,12526,82541,16638,86070,26650,49333,23343,33193,25093,31778,30568,34789,33754,34565,34694,32872,35050,34946,41021,40520,46169,40249,57365,35647,83646,24288,62418,16645,36228,12682,31535,9633,26014,4045,16093,739,4532,1,12,0,0,0,0,20250403
202503,7호선,군자(능동),53,0,8466,953,14562,5888,36597,9171,56638,25969,38829,19908,24048,13310,21406,13045,22554,14230,22418,16096,20708,17105,21370,20424,24485,23959,29790,30452,34959,44924,22308,34670,18645,21911,18049,19750,14102,16850,7637,10111,1388,3517,0,55,0,0,0,0,20250403
202503,7호선,남구로,183,4,19234,1323,16200,7079,31272,33110,35695,90642,25154,43823,17321,19704,16532,17075,17589,15758,16826,16640,16107,15702,17997,19037,21056,24695,45658,34036,70384,33346,30051,23340,16201,16616,11329,18208,7584,14966,3463,8142,499,2023,0,1,0,0,0,0,20250403
202503,7호선,남성,50,0,6239,1071,14396,3416,38518,6731,53972,17717,34925,12394,21375,12269,18416,12493,19053,12579,18367,14013,16642,15110,15905,19301,17010,22599,15923,30550,17065,44522,10333,32877,8775,21828,8159,19569,5110,17350,2116,10362,390,2893,2,6,0,0,0,0,20250403
202503,7호선,내방,5,0,2608,2010,8629,16058,19574,26122,29113,74800,22074,45624,17230,22330,16816,17682,18561,18078,20415,19827,21459,17903,23494,19167,30312,20800,45660,26956,65467,33217,27364,22452,20566,14578,19320,12267,13383,10291,4496,6640,800,3043,0,226,0,0,0,0,20250403
202503,7호선,노원,23,1,7691,2400,15185,7610,38806,16947,43612,47334,29884,44964,29123,33496,32512,33553,36597,34978,36750,39932,38987,39366,42667,42513,45876,46254,46482,50505,48656,65531,32913,51033,30553,26949,24567,22506,22513,18677,9147,12485,1560,4065,0,1,1,1,0,0,20250403
202503,7호선,논현,51,1,2899,1410,4739,17224,8543,40782,15016,102641,12425,89430,12508,37795,14161,24756,16509,23710,18360,25586,23148,23539,28203,22284,34172,24890,62494,30032,97922,36574,55315,20582,37796,12122,37972,10051,35126,8067,17071,5481,3002,2434,0,0,0,0,0,0,20250403
202503,7호선,대림(구로구청),42,0,13099,947,9118,4195,16933,7603,22889,18864,18015,15154,13980,20457,14767,21951,16003,17397,17978,17211,19926,16534,19814,18469,20369,21260,21637,25597,20786,24326,14292,16444,10977,12275,9234,13975,7545,11019,3772,5753,463,1493,0,2,0,0,0,0,20250403
202503,7호선,도봉산,78,0,5800,1136,18443,4560,51425,8709,39377,15805,21100,16995,14084,16216,12745,13289,13174,13188,12623,13827,11852,13691,13000,15825,15847,19011,13163,24096,11330,36635,5765,37151,3875,23639,2992,18922,2220,17322,889,10792,159,4173,3,188,0,0,0,0,20250403
202503,7호선,마들,9,0,11251,1289,27179,2975,66095,9155,63119,12461,34333,11199,24331,10118,23834,12269,24805,14331,20190,15784,17717,17501,18120,22020,17274,27731,15226,33306,13959,50226,8790,48030,5907,28039,4451,24248,3626,21716,1409,13467,186,4120,0,0,0,0,0,0,20250403
202503,7호선,먹골,18,1,7546,817,12769,3131,33847,6066,43130,16230,26207,10912,18695,9919,16933,10562,17371,12258,16784,13678,15342,14764,14632,18240,15588,22764,16636,27302,18080,39308,11668,32358,8263,21116,6910,18101,5058,15988,2383,10001,473,2777,1,97,0,0,0,0,20250403
202503,7호선,면목,102,1,13015,779,23636,5368,56013,9100,69948,30595,40774,18000,27704,15547,23779,14800,25134,19119,24416,18472,21340,19091,23215,26130,26715,31834,22669,38063,23319,53814,16218,46839,10100,29130,8129,25899,5755,24122,2535,12995,462,4503,0,0,0,0,0,0,20250403
202503,7호선,반포,19,1,878,1343,3106,18736,9053,11959,12777,17861,9335,16211,7216,10715,7474,10965,8922,10557,9426,10337,10775,9561,13964,9712,22712,9779,20949,10895,18418,12127,12420,7581,10562,5534,9387,4690,7362,4463,2113,2632,261,771,0,0,0,0,0,0,20250403
202503,7호선,보라매,23,1,3837,1066,6379,3197,17614,9653,24558,20793,15345,10007,10185,8923,9943,8691,10449,9603,10839,9684,10781,9271,11400,10777,13091,12829,13714,17518,16649,24669,8232,18332,7554,11859,6887,10790,5542,9069,1943,5879,345,2217,0,45,0,0,0,0,20250403
202503,7호선,사가정,24,0,12222,1297,23994,7593,54910,11506,70145,27755,43213,19318,29076,17317,25290,17533,27037,19806,24721,20507,23167,22587,23503,29886,24856,35586,26044,44794,25498,65598,18728,52191,13215,31598,10897,28877,8366,24861,4298,13211,616,4419,0,0,0,0,0,0,20250403
202503,7호선,상도,11,2,5274,1907,12888,5712,35720,8757,44732,29225,29469,20004,20449,22110,19104,18076,20155,17774,20435,17008,19595,19404,20863,19813,24997,22714,27707,30971,26179,45807,15048,30928,13000,21018,13814,18885,9825,17674,5353,11978,1154,3241,0,0,0,0,0,0,20250403
202503,7호선,상봉,467,11,10908,1441,20656,8360,53742,12825,75288,27801,40406,19159,25875,16898,23976,19567,26561,20954,25909,22524,25017,23594,26352,27138,30002,33275,32357,44462,33849,68783,24214,57908,19095,34558,18488,27985,14200,27287,7221,16715,1332,7247,0,17,0,0,0,0,20250403
202503,7호선,수락산,94,2,10175,900,20739,5500,47057,8369,47087,16906,30852,17692,22477,16913,20945,16781,21995,18530,22653,15989,22547,16847,22650,21113,21719,25892,20757,30915,19801,43308,12598,40378,8359,26053,6569,21241,4331,18966,2246,11275,311,4455,1,1,0,0,0,0,20250403
202503,7호선,숭실대입구(살피재),36,2,5944,945,13353,3422,37662,8234,48818,45880,32280,25433,22634,40492,22108,26981,22505,20197,25298,25698,27584,23879,26486,22904,39028,27384,42738,34769,28092,50172,19180,36222,17306,23882,18008,21472,14250,21172,8763,14453,1740,4086,0,1,0,0,0,0,20250403
202503,7호선,신대방삼거리,73,1,10183,567,18975,4948,52576,9568,75415,18696,43667,16440,26765,14045,24168,14697,25735,16308,23097,18620,21353,19889,20729,24840,22788,28977,21125,39142,21923,61745,13182,46636,10998,29093,9470,27422,7368,23245,3456,14925,614,5177,0,2,0,0,0,0,20250403
202503,7호선,신풍,211,2,14087,1353,16722,5622,41796,11390,52340,20260,31313,14283,19457,12156,17178,12645,18346,12936,17934,13906,16135,14479,16786,18306,18035,22864,18639,31601,19621,42128,11941,31403,8684,19699,7215,18964,5163,15847,2293,8761,387,3012,4,383,0,0,0,0,20250403
202503,7호선,어린이대공원(세종대),20,1,3273,835,7430,7808,19920,16597,33056,87177,25244,49343,19342,57208,22323,41938,23723,31277,31612,39385,35198,31254,37199,24231,51050,25558,64253,28903,58515,38431,33281,25829,25943,18703,27298,16422,23100,16013,12640,10910,2451,3247,0,22,0,0,0,0,20250403
202503,7호선,온수(성공회대입구),118,3,8816,805,19187,3659,44961,12135,51337,22400,23628,14550,14369,8233,12865,9138,14142,9988,13055,11158,12214,11413,14338,13396,18985,16146,20267,22882,15832,38660,7266,28312,5397,18948,5107,15394,3237,14055,1823,8897,373,4750,1,969,0,0,0,0,20250403
202503,7호선,용마산(용마폭포공원),4,0,4855,497,10626,2004,23687,3946,28929,9422,16112,6409,10482,6413,8846,5523,9128,6485,8441,6989,7225,7304,6906,10006,7927,12192,7660,14903,7526,21173,5282,18085,3331,11309,2581,11206,1939,9698,946,5917,173,2101,0,0,0,0,0,0,20250403
202503,7호선,이수,26,0,4526,1558,9873,18263,29558,16894,42952,44074,30212,30399,21778,21791,21943,21828,23830,22210,25815,24796,26560,24967,28979,27731,36153,32239,40512,44044,46439,59256,29527,39936,27456,22290,30116,18226,24956,15750,12843,9553,1773,3091,0,14,0,0,0,0,20250403
202503,7호선,자양(뚝섬한강공원),4,0,4757,647,9674,4511,22534,8554,31593,16149,21783,9580,15289,8631,13507,9873,12611,11991,12522,16130,12713,17621,14570,21121,17817,23749,20596,28334,22878,36465,18426,25360,15873,16646,14840,15530,11362,12441,4962,6121,713,1820,0,1,0,0,0,0,20250403
202503,7호선,장승배기,9,0,5683,2001,11137,10679,27803,8812,37579,17703,24341,12040,16007,9608,14525,10209,15222,11763,15236,12463,13926,12909,14468,15547,17874,17931,18289,21771,16287,31362,9078,23526,7440,15470,6655,13971,4679,12197,1821,8195,429,2632,0,0,0,0,0,0,20250403
202503,7호선,장암,2,0,1943,146,8047,864,17739,1414,11751,1620,5333,2429,3153,2953,2610,3725,3311,3331,3740,2470,4070,1879,4683,1786,4284,2393,4198,3017,3470,4182,2129,3332,1186,1988,779,934,558,1060,183,615,20,236,0,0,0,0,0,0,20250403
202503,7호선,중계,27,1,9306,2302,24887,5197,62667,18567,63858,32714,35156,16315,25704,12176,25022,14792,27202,14897,22238,16057,22407,16045,20279,20151,25330,24110,22762,32632,19065,48759,10588,46393,7679,27931,9580,23950,6341,21564,2467,12967,270,3857,0,0,0,0,0,0,20250403
202503,7호선,중곡,8,1,6082,656,13182,4255,30944,16583,44649,29926,28659,15557,18441,10475,16352,9917,16885,11345,16324,12247,15231,13165,15106,16703,21404,20028,22250,23822,24327,34623,12403,27750,8789,18481,7145,16568,5661,14225,1984,8386,413,2702,0,0,0,0,0,0,20250403
202503,7호선,중화,104,0,8121,1091,15169,5194,36032,10067,45461,22737,27308,11680,18094,10618,16169,10857,17277,11962,16193,12532,14401,14362,15587,17762,17781,22556,18913,25618,19731,37685,11873,32067,8078,20694,6900,18678,5202,17100,2305,10160,380,3106,1,26,0,0,0,0,20250403
202503,7호선,천왕,32,0,8263,1038,20148,6744,53515,10361,58686,18852,31521,9033,20563,7460,17673,8685,17281,11611,15486,12911,13942,13818,15349,18597,18127,23464,16252,31420,14820,46489,7383,37674,5510,22564,4201,19769,2960,16864,1137,10505,265,2688,1,293,0,0,0,0,20250403
202503,7호선,철산,15,2,10484,3981,31961,11561,84972,16574,84558,35693,50213,26645,34463,20543,33397,20685,32233,23377,28879,26854,26946,27155,29496,32682,33604,41522,35488,62573,37596,91825,21309,70076,18547,40720,17114,36323,14922,30962,6571,18873,1103,5506,0,0,0,0,0,0,20250403
202503,7호선,청담,5,0,2340,3716,6830,31544,12221,58024,15914,131508,14057,90502,13345,36476,17351,23701,20777,23167,21160,24567,25606,21564,33463,19384,44079,20194,69412,21452,101518,21886,51663,17169,30656,10834,27872,9646,21036,7518,6077,4311,797,2587,0,0,0,0,0,0,20250403
202503,7호선,태릉입구,164,1,7737,1121,7527,5064,19426,8320,24698,22137,16355,14391,13013,11043,12525,14308,14256,11513,14670,11853,15152,13113,18067,12884,20485,15906,22353,18508,23027,24636,13662,21302,10007,13876,9025,12673,6608,11961,3176,7556,547,3445,5,1315,0,0,0,0,20250403
202503,7호선,하계,55,1,9012,1941,26695,6699,70483,18130,72458,28667,42373,23794,31699,18394,30505,19086,30999,23390,29237,27559,28312,24942,32163,28427,35325,32684,33600,41016,28092,62120,16030,54660,14454,33028,11377,29423,8789,26894,3101,17718,498,5276,0,0,0,0,0,0,20250403
202503,7호선,학동,6,0,1830,1331,4571,23536,9072,54763,11901,174244,11849,130283,12346,57019,15800,29760,20346,24715,23203,29498,28693,23409,37142,19881,46588,19547,84609,21315,154540,21372,73096,13020,40730,8684,34812,7735,25179,5640,9250,3547,1538,1373,0,0,0,0,0,0,20250403
202503,8호선,가락시장,188,1,3889,2629,6418,7353,12970,16063,15039,43184,12129,18084,11141,13340,11808,13376,12065,12619,13064,13888,14445,13322,16726,13411,17201,16474,21593,19497,30014,23374,14278,16458,12789,11530,12671,9038,9600,7654,4585,5190,1007,1811,1,489,0,0,0,0,20250403
202503,8호선,강동구청,22,2,5777,765,11827,5752,30893,17145,39395,34853,25323,15890,18533,12273,16021,10987,16079,12685,16436,15357,14906,14687,15841,17968,18311,20518,22224,26431,29019,35348,11785,27238,9399,17951,7871,16080,5525,13709,2141,7949,353,2119,0,0,0,0,0,0,20250403
202503,8호선,남위례,0,0,1745,1365,7423,5327,22823,10061,26672,25419,15520,11956,10929,7471,10264,7156,10674,7608,10625,9879,10355,9810,13308,10985,16938,14056,17690,18968,19195,26474,9304,20240,7554,12548,7539,10088,5548,10107,2272,5565,614,1331,0,0,0,0,0,0,20250403
202503,8호선,남한산성입구(성남법원.검찰청),124,15,11462,1637,21268,4564,55115,10931,63097,29483,34472,28578,23471,15325,22066,11206,23718,14470,20515,16830,19358,14508,22015,19908,25497,24780,27030,31228,22616,45683,10559,35745,7657,23520,5955,23493,4451,19771,1485,12324,346,3689,0,0,0,0,0,0,20250403
202503,8호선,단대오거리,70,3,10702,1709,19877,5647,50712,11637,56610,21168,29477,12764,19988,8893,17806,9920,20047,11588,18151,12998,16060,14619,16245,20511,20658,25700,22717,32275,22679,48995,11227,37226,8232,24048,6427,21696,4201,17906,2022,11182,380,3204,0,0,0,0,0,0,20250403
202503,8호선,모란,10,0,2527,544,3459,3723,9479,5406,12152,11524,7620,7317,7653,7669,8671,8203,10377,9210,11640,8472,11837,8030,13652,8843,15799,9430,13960,8911,12774,10830,7350,6930,5316,4645,5298,4431,4494,3750,2605,2374,681,1399,2,364,0,0,0,0,20250403
202503,8호선,몽촌토성(평화의문),5,0,1723,2152,4557,9390,13523,11688,20277,30125,12843,14836,9416,10166,9269,10111,9905,10378,10056,10793,10804,10136,12259,9990,17283,12446,20530,15871,25363,19762,11707,15268,9858,10062,9848,8467,7961,7566,3717,4761,749,1278,0,0,0,0,0,0,20250403
202503,8호선,문정,5,0,2457,3436,8621,11273,28086,58424,36074,177288,23319,81995,18449,31962,20693,21322,24192,22589,26667,23859,28992,22401,32024,22199,37422,25439,88376,29939,127480,41710,46678,30576,32323,19669,27326,15840,19626,14645,7477,8012,1284,2100,1,0,0,0,0,0,20250403
202503,8호선,복정,56,0,3907,2202,11841,8768,29036,10993,37018,21802,23581,17405,15438,10490,12397,7778,15032,9820,13889,9247,12949,9697,14180,12117,18671,15247,25464,22341,26146,31315,16038,22228,9501,14706,7494,13567,6115,12262,2498,5301,527,1238,0,0,0,0,0,0,20250403
202503,8호선,산성,13,2,4938,659,11199,2129,30657,3813,31956,10351,17249,5711,11822,5235,9672,4799,9495,5543,8725,6357,8017,7199,8616,10331,9385,12685,9637,17728,6880,27827,3437,23444,2716,14869,2157,13634,1494,11128,661,6809,129,2373,0,0,0,0,0,0,20250403
202503,8호선,석촌,0,0,2600,766,5929,4423,16926,9241,24725,24576,14919,21079,12160,15124,12662,16336,13488,17112,14544,18662,14405,17894,15483,19113,16569,20037,20728,26472,23560,33677,14181,22609,13157,14190,14063,11910,11719,9986,4448,5970,770,1914,0,2,0,0,0,0,20250403
202503,8호선,송파,19,0,2842,697,10972,5570,31778,13143,37343,19753,24373,12651,18194,9717,16852,9554,16403,11107,15659,13653,13981,14573,16191,17704,17689,20448,17461,25656,19415,34830,10957,26161,7878,16739,6511,15400,5386,12995,2068,6270,281,1968,1,45,0,0,0,0,20250403
202503,8호선,수진,4,0,3867,536,7057,2419,17355,5843,22791,12750,13585,6785,9348,6296,8789,6941,9933,7161,9176,8435,9400,8531,10257,9172,13727,11104,10745,11944,8538,16074,5331,14238,4167,9493,3985,8291,2759,7235,972,4817,229,1541,0,38,0,0,0,0,20250403
202503,8호선,신흥,4,0,3708,608,7785,2637,19390,3794,22569,7175,12837,4728,8644,5226,8067,6171,8077,7721,7866,8814,7807,9159,9336,10480,10839,13270,10257,14603,9231,20400,5486,16597,4268,10986,3106,9400,2063,8105,989,4573,248,1444,0,9,0,0,0,0,20250403
202503,8호선,암사,96,1,14959,913,25375,5293,70186,8394,82489,19865,45050,14923,29615,11772,26000,15541,26360,16860,24810,18956,21056,21281,20419,29220,21427,34259,22313,44210,22793,65257,14597,50626,11539,30458,8660,27097,5848,26031,2406,13691,438,4123,1,140,0,0,0,0,20250403
202503,8호선,암사역사공원,5,0,2826,421,8767,2519,28201,6117,32038,6769,17329,3801,11328,3795,9651,4075,9241,5177,8453,6186,7703,7132,7713,8193,9271,11198,9579,16564,9455,22750,4859,18001,3062,12287,2627,10012,1627,10819,656,5303,192,1360,0,0,0,0,0,0,20250403
202503,8호선,잠실(송파구청),41,0,1654,3294,3598,13835,8617,39551,12443,93386,10409,56294,11031,41996,15175,44171,19369,43126,24900,42875,31330,39898,41249,41248,48314,40388,63376,43900,83646,50017,54141,26779,50510,15213,49565,10459,34117,7413,11607,4507,2033,1772,1,214,0,0,0,0,20250403
202503,8호선,장지,22,1,5735,3011,19463,11366,48273,27853,53254,50323,34945,34797,23981,19656,21210,21838,22409,21782,23337,21586,23689,22461,29466,25562,34712,30003,47331,34969,51751,52840,29585,33497,23510,20812,18045,19595,8964,16067,3113,9792,565,2387,0,0,0,0,0,0,20250403
202503,8호선,천호(풍납토성),77,1,10714,2294,17466,12148,44602,19483,57471,35612,35245,31334,23822,24280,23611,26391,26118,28082,26440,31720,26428,31161,29313,36590,33531,40536,40181,53418,42958,73520,27875,51754,24543,31427,18164,28706,13757,22637,6623,13806,1439,4020,0,0,0,0,0,0,20250403
202503,9호선,가양,137,1,16153,1532,29243,9718,78829,30968,80864,55910,46974,32546,36456,21164,34466,22694,37251,24123,33894,26602,30081,29772,32309,35710,37480,41137,45858,48855,52687,77348,24466,64028,18868,41375,16144,35488,11226,31988,4199,19104,612,5973,0,268,0,0,0,0,20250403
202503,9호선,개화,15,0,2700,172,7414,2058,13754,3633,10003,4762,4200,2708,3066,2136,2684,2234,2708,1989,2622,2239,2795,2599,3084,2645,4359,2757,6104,4003,5709,5958,2518,5214,1517,2969,1461,2229,612,2263,247,1363,98,483,0,48,0,0,0,0,20250403
202503,9호선,고속터미널,25,0,2576,1450,6618,14535,20197,20183,27480,31413,22292,34160,20846,38849,21669,41008,25470,41927,27384,42872,30282,46790,35271,47923,38675,50840,39910,54227,39728,58739,32483,38435,29503,27771,22999,24106,19622,20977,6798,9624,838,2270,0,2,0,0,0,0,20250403
202503,9호선,공항시장,4,0,3608,260,4424,1251,9705,2260,12376,4542,7204,3759,5291,3195,5069,3635,5459,3989,4980,3979,4495,4573,4480,5754,4774,6892,5167,8119,4645,12124,3098,9243,2533,6824,2254,6226,1503,5930,733,3757,132,1467,1,104,0,0,0,0,20250403
202503,9호선,구반포,4,0,262,1741,679,16896,1507,3451,1823,4187,1367,2890,1273,1577,1601,1493,1705,1674,1666,1764,1905,1496,2974,1488,11499,1467,11547,1761,5135,2279,2719,1304,1601,842,1097,706,794,618,224,347,49,189,0,0,0,0,0,0,20250403
202503,9호선,국회의사당,4,2,790,1798,2217,12740,5416,50305,8172,164343,7906,60136,10537,28372,13901,23919,18276,24607,21231,27355,27793,20116,30335,14656,41900,12458,78873,15237,110109,13159,41696,8610,26073,6009,23627,5633,13808,4495,5115,2746,967,973,0,0,0,0,0,0,20250403
202503,9호선,김포공항,3,0,535,3138,2738,14155,9483,16844,10781,19242,6747,17093,6927,19668,8130,21477,8525,22499,9907,23678,12115,22341,13707,20478,13271,23883,14668,29184,18014,27510,11868,16593,11554,6419,10079,3979,9440,2916,2552,1885,108,1309,0,147,0,0,0,0,20250403
202503,9호선,노들,11,1,3618,402,6617,1513,18423,2424,22995,4369,13257,3860,9487,3705,7889,4186,8340,5187,8070,5931,6778,7537,6519,8967,7474,10865,8373,13580,8784,17816,6719,12697,4639,8940,3904,7751,2673,7361,1070,3837,205,1246,0,1,0,0,0,0,20250403
202503,9호선,노량진,413,4,16961,1852,25970,12847,69186,36781,93911,61670,53105,40659,36410,27638,36137,31235,39644,34163,42818,38721,37041,35579,37241,39091,43342,47132,54100,69254,53784,96717,33958,63405,32906,46016,38821,44589,38897,41088,12235,23034,1437,6752,0,0,0,0,0,0,20250403
202503,9호선,당산,70,0,8694,1493,17464,7629,54894,16872,63391,45967,37777,24393,28743,17370,27671,19350,30068,21005,28169,23941,26661,22744,27466,27687,30455,33727,41107,47133,49738,67645,26491,51407,22361,34667,20401,34587,16835,29476,7983,19389,1556,5589,2,331,0,0,0,0,20250403
202503,9호선,동작(현충원),43,0,960,195,1625,2011,4799,1791,5500,3322,3433,2496,2980,3782,3363,2517,4070,2759,4517,3131,3579,2597,3433,2738,4421,2850,4000,3414,4173,4763,1953,3095,1565,2273,1362,2068,1119,1724,473,1232,87,1268,0,211,0,0,0,0,20250403
202503,9호선,등촌,12,4,6124,1419,15883,5141,51121,8348,60915,19696,27820,12928,19963,12005,20210,12413,20025,14625,18527,15395,17564,16841,18324,20689,19725,22822,18956,33745,20135,49029,11369,39633,8747,22268,7030,19700,5330,16823,2289,9825,462,3081,0,0,0,0,0,0,20250403
202503,9호선,마곡나루(서울식물원),10,0,5214,1455,11174,12113,31380,25869,32977,65160,18238,28461,14130,17509,15315,16512,18451,17181,19542,18773,20590,17978,23491,18772,29494,21294,47819,27771,57359,40716,26239,31910,22296,19600,20706,18940,16420,15700,7294,11100,995,4028,1,394,0,0,0,0,20250403
202503,9호선,사평,1,1,1077,271,3798,2130,12523,6160,14767,8134,8839,4574,7298,3931,6442,3805,7359,4946,6454,6567,6018,5572,7000,7586,9008,8108,9023,10368,8752,13030,5341,9851,3476,7012,2648,6463,2139,6433,725,3147,182,888,0,0,0,0,0,0,20250403
202503,9호선,샛강,24,0,1532,1109,2699,4578,5767,17952,7049,39377,5403,15001,5697,9274,7071,8605,7692,7612,8909,8399,9287,7631,10621,7490,12782,8725,22664,11156,32238,14043,13426,8636,12102,4676,10596,4178,7617,3674,3644,2266,823,837,2,25,0,0,0,0,20250403
202503,9호선,선유도,4,0,2228,1307,6557,4045,24562,15788,29319,40421,13522,20394,10161,8313,9747,8525,10756,9199,10641,8403,10921,9413,11799,9718,14038,10655,26910,13768,37514,24334,14306,16898,8522,10975,6331,9134,4948,8808,1867,4684,362,1537,1,14,0,0,0,0,20250403
202503,9호선,신논현,76,1,4274,1697,13498,17309,31041,39925,41318,86765,32341,105225,30077,61608,35760,47318,42122,49486,46351,50730,48760,50466,55787,51110,67957,58444,87271,78167,107961,100578,82333,59882,63920,36423,69963,28713,59937,22093,29138,13957,4727,3411,2,682,0,0,0,0,20250403
202503,9호선,신목동,0,0,2450,396,6868,1882,23268,4017,20279,7241,10449,4202,7767,3211,6822,3191,6772,3996,5969,5155,5489,4814,5402,5828,6200,8419,7562,9839,7172,16116,3502,12892,2359,7795,2000,7761,1842,6100,636,4197,154,1243,0,87,1,0,0,0,20250403
202503,9호선,신반포,2,0,899,482,2950,5520,10570,9816,12651,11556,8298,7618,6468,6908,6069,5396,7504,5956,7658,6961,7363,7052,9246,7118,12000,7372,12453,9957,11610,12136,7249,9411,4988,5751,5153,4630,3156,5088,816,2401,162,909,0,0,0,0,0,0,20250403
202503,9호선,신방화,7,0,5169,763,11934,2626,29811,6328,28404,13595,15600,7658,12156,6487,11293,6554,11988,7809,11137,8878,9779,9960,11968,11362,11906,14116,9990,17987,10801,25806,6687,21864,5150,13516,4341,11503,3136,12051,1103,6543,186,2238,0,0,0,0,0,0,20250403
202503,9호선,양천향교,8,0,4786,1181,11317,8871,32310,17941,32986,47443,16582,20879,12910,10606,13753,8798,15438,10196,14125,12171,13606,10904,15618,12702,19916,15322,28588,19744,37179,30216,14287,26603,9278,17057,7645,17106,5166,13808,2354,10156,440,2395,1,184,0,0,0,0,20250403
202503,9호선,여의도,20,0,3190,2876,4503,26599,9844,156900,11768,176523,12304,85565,16460,41781,24641,42561,26708,45421,33276,46243,40458,39771,51805,33680,69627,32322,168615,32613,166299,35166,84978,20388,72757,11328,51859,9766,28345,8492,9572,4495,1360,1901,1,263,1,0,0,0,20250403
202503,9호선,염창,17,0,13353,864,28578,5046,82099,8706,87164,19982,49322,13031,31971,11081,28585,12720,28505,15117,25330,17635,21230,20432,20763,26707,22656,32244,24319,50793,24863,74341,14261,63620,11162,41509,9923,36045,7285,34638,2973,19716,534,6582,3,328,0,0,0,0,20250403
202503,9호선,증미,2,0,2681,561,8739,2650,24585,11253,25838,48125,13191,18527,9936,6581,9725,6068,9764,6397,9942,6993,8878,8099,8742,8818,10153,10445,22042,13887,37968,21169,11153,16087,6339,10269,4783,8897,2793,8931,978,4825,201,1741,0,1,1,0,0,0,20250403
202503,9호선,흑석(중앙대입구),3,0,3855,1046,6696,5645,19712,12821,23438,31312,15935,19479,14295,20978,15079,16673,17342,16991,18051,16067,18605,16339,21311,15660,24834,17323,30125,25677,23592,31533,14663,21148,12958,14509,13169,12778,11388,11599,6218,6946,1310,2484,0,30,0,0,0,0,20250403
202503,9호선2~3단계,둔촌오륜,5,0,2263,180,7787,2195,20463,4469,19753,4536,10974,2394,7570,2348,5865,3058,5965,3807,5763,4088,5306,4675,5724,6139,8416,7361,6003,10301,4248,17355,2739,14503,1993,9394,1609,7865,1024,8991,453,4177,96,1647,0,135,0,0,0,0,20250403
202503,9호선2~3단계,봉은사,17,0,1866,2448,5687,24489,9543,46400,10802,124163,9723,93943,11220,55443,18362,45540,25465,41984,30807,45427,38549,37478,47917,33527,62957,31600,92842,29087,116866,27993,58808,18200,41918,10654,36369,8702,25088,5857,6600,3571,900,869,1,0,0,0,0,0,20250403
202503,9호선2~3단계,삼성중앙,0,0,995,496,3259,5239,6895,19394,8695,49157,7166,35291,6647,13659,7755,9652,9296,9014,9795,9532,9881,8644,12396,8162,16130,9344,27636,12523,45125,13897,19644,9831,12365,6628,10857,5164,7389,4677,2878,2755,634,1088,0,0,0,0,0,0,20250403
202503,9호선2~3단계,삼전,23,0,4796,685,8357,2617,24526,5785,38715,18017,25550,10097,14509,6956,12147,7077,12418,8453,12143,9428,10496,9677,10382,11555,11194,14516,14406,18721,18607,30437,8854,24856,7169,15556,5838,15658,5188,11947,1932,8286,316,2295,0,506,0,0,0,0,20250403
202503,9호선2~3단계,석촌,15,0,3446,561,9790,2991,25414,5763,36786,13633,24076,12220,15395,10193,14850,10545,15429,12002,15818,12300,14414,12838,14694,14172,16450,15940,18478,22836,19418,33924,12518,26493,10850,17603,11506,14525,9641,14569,4189,7393,616,2049,0,4,0,0,0,0,20250403
202503,9호선2~3단계,석촌고분,1,0,3139,580,7740,2334,19895,5593,33913,16236,22150,10697,12801,6701,11308,7012,12120,8587,11204,8772,9875,9234,10029,10258,11061,12981,12968,17482,16269,27852,8508,21552,6370,14742,5741,12876,4464,12393,1553,6815,304,2625,0,1,0,0,0,0,20250403
202503,9호선2~3단계,선정릉,1,0,1008,1054,4166,7120,9118,20928,11019,62140,9399,51244,8127,22779,8825,14684,12103,13704,12519,15182,14202,12931,15389,11698,19499,11859,34624,14395,55065,16027,30652,11613,16129,8136,13563,8020,10616,6486,3976,4358,767,1286,0,9,0,0,0,0,20250403
202503,9호선2~3단계,송파나루,0,0,2054,294,4729,1700,14577,5034,21763,13743,14231,9589,8271,6357,7315,7884,8454,9406,8673,8935,8424,8651,8229,10095,8575,12313,11192,17515,15260,25328,9350,18968,8214,11145,8545,8337,6922,7451,2712,4063,487,1431,1,0,0,0,0,0,20250403
202503,9호선2~3단계,언주,2,0,1419,1111,3252,7910,7523,23795,10768,72868,10324,53815,10621,24408,12207,14951,14416,13330,15335,16957,17634,14366,19866,12496,24573,13217,44698,14315,61050,15841,30993,10934,17745,7412,14062,7954,10019,5702,3611,3736,738,1259,0,74,0,0,0,0,20250403
202503,9호선2~3단계,올림픽공원(한국체대),4,1,2170,564,7853,4111,17666,7154,21537,17946,14333,11005,10758,12355,10465,13877,12088,14851,12124,19675,11859,19179,13638,23819,17167,26762,17839,25141,17922,26506,18073,21186,34386,12278,25729,11567,12165,10137,3859,6584,248,1897,1,47,0,0,0,0,20250403
202503,9호선2~3단계,종합운동장,1,0,1415,232,4175,2188,10518,6381,13966,12035,9755,10961,7736,6263,8130,6732,8624,8005,8939,8237,7872,7681,9244,8234,11118,9777,13291,13895,13711,18872,9071,13170,8408,7788,9480,7305,7357,6564,3133,3402,463,1035,0,25,0,0,0,0,20250403
202503,9호선2~3단계,중앙보훈병원,10,0,4773,519,22149,5746,51490,12449,53524,22814,33583,14614,23145,15612,21326,9917,19652,13120,15811,14303,18060,14407,19822,13925,18934,15645,21429,24625,16264,40913,7725,32187,5375,19955,4464,17615,3130,18339,1028,8155,178,2763,0,191,0,0,0,0,20250403
202503,9호선2~3단계,한성백제,4,0,1208,305,3804,1088,8678,2500,12379,8027,6924,4943,4494,3479,4194,3605,4647,3497,5102,4111,4712,3760,4926,4019,5582,5166,6676,6419,8619,9618,4208,8106,3156,4541,3033,4750,2213,3515,738,2533,160,749,0,2,0,0,0,0,20250403
202503,경강선,경기광주,0,0,3196,287,17135,2577,43701,5862,41862,10239,20541,4778,15121,4778,12344,5358,11297,6906,9909,7725,8638,9064,8738,10944,10775,16548,11198,22316,8619,35172,4473,32129,3191,19336,2484,15435,1566,11527,511,5924,68,96,0,0,0,0,0,0,20250403
202503,경강선,곤지암,1,0,1076,255,3121,2397,7779,4920,6704,6599,4882,2687,3515,2234,3866,2670,4027,2910,3564,2823,3287,3008,4020,3443,5119,4402,7068,5616,5771,6806,2531,5105,1717,3944,1072,3166,371,3030,132,1639,15,380,0,0,0,0,0,0,20250403
202503,경강선,부발,4,0,1187,40,3507,1918,7760,6789,6403,5668,5488,2589,4576,2249,4715,2175,3800,2738,3657,3023,3201,2745,3950,3262,5329,4599,7280,5968,5419,6676,3131,5116,2625,4943,1322,5013,706,3677,429,3476,10,1360,0,0,0,0,0,0,20250403
202503,경강선,삼동,0,0,1777,40,5720,1258,13103,2161,13503,2066,7360,1201,4746,1247,3797,1398,3403,1888,2877,1967,2399,2590,2298,3771,2497,5216,3348,8111,2762,9489,1306,8788,879,5373,701,4913,454,3524,146,1791,13,36,0,0,0,0,0,0,20250403
202503,경강선,성남,1,0,288,9,1557,806,5111,1536,5424,2059,2363,896,1990,842,1763,969,1476,1108,1330,1388,1211,1347,1935,1761,1989,2141,2640,3317,1952,4505,1125,2487,1006,1913,960,1575,669,1144,266,600,14,111,0,0,0,0,0,0,20250403
202503,경강선,세종대왕릉,2,0,221,6,604,120,963,634,923,698,944,568,772,486,712,617,645,662,621,415,689,692,697,623,801,936,814,768,714,960,258,708,173,527,104,424,45,469,16,236,3,83,0,0,0,0,0,0,20250403
202503,경강선,신둔도예촌,0,0,884,28,2928,478,6272,2660,5208,3861,3782,1735,3002,1317,2419,1630,2636,1473,2519,1417,2219,1666,3100,2099,3259,2826,3967,3917,3418,4809,1326,5003,992,3182,636,2530,286,2456,121,1295,1,346,0,0,0,0,0,0,20250403
202503,경강선,여주,18,0,2367,6,5310,624,9786,3183,8327,5129,7110,7908,6482,3638,5760,5258,5418,4656,6271,3876,6563,5180,6851,5389,7557,6185,7344,8120,6034,9519,3252,8629,2466,6852,1723,3741,918,6263,280,3179,2,1204,0,0,0,0,0,0,20250403
202503,경강선,이매,19,0,570,36,1682,1001,3908,2279,2929,3169,1688,1421,1494,1182,1374,1006,1560,1131,1346,1410,1341,1291,1709,1588,2012,1528,2181,2435,2154,2828,1260,1675,1262,1245,1343,958,1165,758,357,414,10,60,0,0,0,0,0,0,20250403
202503,경강선,이천,5,0,908,66,3590,1808,8830,6251,7385,8838,6580,4015,5889,4190,5488,4189,5192,4821,5190,4616,4967,4654,5551,5143,7265,6697,7474,7320,7329,9471,3925,8302,3044,6866,2507,4596,1235,3520,613,2216,13,1032,0,0,0,0,0,0,20250403
202503,경강선,초월,0,0,1952,107,8158,1597,18710,4365,20070,5444,9017,2030,6770,2232,6109,2169,5300,2768,4429,3206,3947,4053,3740,4994,5156,7106,6315,9028,4780,15176,2307,11733,1805,8545,1290,7551,693,6712,294,4183,21,41,0,0,0,0,0,0,20250403
202503,경강선,판교,7,0,731,10,2489,8298,4682,21442,5993,36421,2544,20108,2861,12660,3453,8487,7517,8298,5207,5249,6937,5590,9761,5145,15394,6626,21447,7588,25494,6713,18197,3779,16128,2365,14165,2501,6526,1204,1994,730,3,262,0,0,0,0,0,0,20250403
202503,경부선,가산디지털단지,1081,13,6332,2408,7888,12433,16719,59673,18386,155645,12938,76544,12235,25497,13976,18282,16325,18478,17624,19060,18645,18996,21921,18660,32931,21637,82911,27319,111546,29923,46164,22900,28783,14802,23171,14365,15492,12835,6297,7417,230,1431,0,0,0,0,0,0,20250403
202503,경부선,관악,123,0,7559,1703,13447,4042,32447,6772,28368,11572,16416,11307,12073,10239,10867,7873,12564,7441,11655,7901,11065,8432,11093,10227,12168,13343,12493,18111,11045,29257,6454,21296,4966,13577,4047,12562,2396,10162,1133,7336,61,723,0,0,0,0,0,0,20250403
202503,경부선,광명,0,0,21,1806,3463,3180,11241,6676,10472,8216,7124,6458,4644,4248,8450,2833,5996,8086,5662,309,3754,8932,6894,4217,8293,5339,9772,7616,10449,12362,8227,6926,2759,4615,7686,3097,2626,4527,1040,36,0,0,0,0,0,0,0,0,20250403
202503,경부선,구로,11078,72,20064,4216,18183,14036,37544,30689,37003,66807,27805,38571,22495,29992,23422,28877,25172,26472,26645,27070,27716,26085,31870,29281,36569,32499,54467,40246,54650,42152,25662,29341,21392,20958,17332,19881,10729,16689,4259,12647,49,12008,4,3,0,0,0,0,20250403
202503,경부선,군포,41,1,5360,2712,8323,11400,18381,32727,17038,39079,10038,8262,8331,4767,8119,4760,8316,5355,7218,5964,6996,6143,7975,7617,11547,8251,24957,10980,32229,14536,11161,11813,8339,7489,4613,6895,2472,5767,1104,3550,57,600,0,0,0,0,0,0,20250403
202503,경부선,금정,570,4,23956,5243,39098,21995,94116,47545,92181,93786,57696,37079,43164,24712,39210,27844,41253,28798,37792,31322,34886,33683,36734,43182,44198,53223,71293,73711,78098,98327,38139,77348,29858,49597,24401,46388,17508,38029,8192,25814,662,10429,0,0,0,0,0,0,20250403
202503,경부선,금천구청,425,1,10435,1281,17482,6212,44070,15515,40985,28796,24993,11448,19350,9347,18167,10304,17298,12144,16073,13961,14501,13982,14331,18590,16629,23584,17255,32171,26480,45459,10621,32028,7957,18182,6390,17122,4048,14114,1415,9004,68,904,0,0,0,0,0,0,20250403
202503,경부선,남영,88,3,2503,1719,4679,7858,13336,20620,20070,48014,12437,29172,9961,17043,10925,13662,12218,13200,13565,14369,13930,13074,17917,14117,23148,15798,28688,19910,39191,26223,17798,17192,15827,11777,16283,10332,12463,8953,5171,4929,267,1278,0,0,0,0,0,0,20250403
202503,경부선,노량진,222,18,4735,1842,6968,5808,18393,8777,23889,15959,13943,11406,11526,9800,12723,13297,14366,13584,15750,13015,15998,12948,16405,14887,17777,19769,20091,27728,19905,39442,16111,22788,15322,14278,16486,12920,14390,11007,4791,6899,338,1519,0,0,0,0,0,0,20250403
202503,경부선,당정,24,0,4268,860,11626,3076,25928,9113,22697,18020,13367,11459,9733,7951,9946,5722,11055,7059,9443,6762,9094,6316,10749,8322,12000,11136,14401,14321,14462,21666,6657,17293,5046,11518,4071,10458,3281,9902,1255,6382,78,1163,0,0,0,0,0,0,20250403
202503,경부선,대방,507,4,4532,2211,9532,9130,25913,33094,31311,44922,18882,22104,14975,12711,14660,12203,15759,13036,15586,14300,15623,13540,16080,15515,17294,18749,29087,25621,37174,34725,14038,20938,10921,15906,8950,15322,5666,13388,1968,8277,141,2043,1,1,0,0,0,0,20250403
202503,경부선,독산,522,8,8529,2381,19351,13739,49664,43275,46338,91194,26920,39293,20458,14090,20057,12019,20364,13389,19392,14798,17829,13718,19512,18910,30340,21259,56478,30449,64247,46260,27811,37180,17268,22775,11657,22749,7494,20855,2571,12515,132,1073,0,1,0,0,0,0,20250403
202503,경부선,두정,967,1,5238,1356,10575,4237,18677,11286,18878,29574,18124,29100,13385,18313,14181,14963,16600,16411,15389,14263,15613,12395,19025,11951,21131,18632,22476,21803,20540,26093,13649,18560,10485,15099,10038,11579,6841,11944,3467,8625,40,2607,0,0,0,0,0,0,20250403
202503,경부선,명학,75,3,6316,1733,10565,7562,25507,25929,20627,54187,11906,15497,9623,11448,10135,13264,10587,8109,10723,9557,13268,9485,12903,8380,17188,9734,30616,13993,36023,20030,12990,17025,11041,9535,7317,8465,4359,7827,2005,5724,182,1175,0,0,0,0,0,0,20250403
202503,경부선,병점,3336,30,8151,3002,30516,11916,57378,21232,48636,33936,33825,21171,29375,17451,28108,18463,28962,21950,23747,19587,23907,22502,28146,28096,31110,34162,37001,48218,34205,55327,21938,45751,16420,34106,12865,26039,9748,26393,3262,16542,39,7405,0,0,0,0,0,0,20250403
202503,경부선,서동탄,1,0,1472,13,6172,678,10559,1304,4334,1282,3115,769,2270,711,2204,1041,1923,1194,1644,1213,1547,1577,1934,2087,1618,2652,1749,3252,1957,6002,936,5942,789,2871,458,2068,414,2527,128,1523,2,1105,0,4,0,0,0,0,20250403
202503,경부선,서울역,5,3,80,709,178,5008,12667,8189,24511,9489,20246,7407,16626,6553,19050,4123,18450,6094,18592,5645,7355,5560,21660,6806,17321,7491,21190,10241,26312,10853,24138,8232,16598,5498,20099,5045,15929,3998,8309,838,1146,141,0,1,0,0,0,0,20250403
202503,경부선,서정리,66,0,4508,3657,12970,7784,19354,15615,18458,20779,15972,10163,14443,7803,14032,8047,14540,10727,12358,11907,13263,11190,15618,13665,21173,19743,32543,21638,20150,22253,11713,19157,9022,16070,7911,11770,4547,11024,2413,8728,128,769,0,0,0,0,0,0,20250403
202503,경부선,석수,193,1,7258,2416,14935,6077,34520,11308,33010,13003,19925,10700,15067,8332,13140,6257,13090,7518,12037,8373,10818,9401,12825,12353,14066,14401,16962,22110,14747,30674,8268,23103,5979,15227,4842,14874,3345,12444,1217,7464,91,629,0,0,0,0,0,0,20250403
202503,경부선,성균관대,220,11,9125,2428,29087,7815,72964,10700,58850,30507,30897,21631,25372,18249,23367,18537,25006,17071,23531,20567,21267,18925,23333,23885,32004,31108,31365,44260,28596,66201,17674,51848,14594,31841,13837,28998,11280,25019,5767,16918,316,2781,0,0,0,0,0,0,20250403
202503,경부선,성환,33,0,2134,847,3728,2811,7053,13030,7401,24360,7436,28986,7929,11863,8611,7149,10909,11607,13057,10128,12327,6193,19924,6856,28598,8217,23847,9174,16551,9100,7106,7097,6052,6650,3943,5448,2602,6283,1001,4954,63,1249,0,0,0,0,0,0,20250403
202503,경부선,세류,494,5,4200,731,9602,3664,17730,3934,11914,4286,6895,3214,5733,3167,5213,3506,4929,3446,4511,3682,4112,4036,4570,4986,6353,6357,7330,8428,5515,14044,3384,10485,2595,7640,2180,7138,1379,5442,459,3202,10,900,0,0,0,0,0,0,20250403
202503,경부선,세마,236,2,2283,1228,7244,3322,12386,5447,11037,10087,7262,2832,5376,2176,5156,2844,4874,2581,5226,3492,4510,3526,5208,3788,6660,7588,8159,9230,8828,10559,3396,9096,2455,6344,2076,5659,1434,5382,568,2613,67,344,0,0,0,0,0,0,20250403
202503,경부선,송탄,61,3,5519,735,7945,3288,13724,6105,12792,10386,10310,4639,8770,4173,8770,4632,8384,5546,8011,6048,7191,7018,8283,7816,10762,9556,9374,12540,9694,13458,5749,12771,4086,10285,3283,8622,1997,7363,961,6204,84,609,0,0,0,0,0,0,20250403
202503,경부선,수원,2179,37,20014,4638,38341,31858,79357,58677,73929,82261,53369,77797,51634,76129,55447,78369,61128,91571,63382,84512,65926,81381,83785,83703,103071,98484,105258,111587,109828,137800,85327,96800,89972,57515,69822,45917,61153,35613,24563,23739,661,7421,0,1,0,0,0,0,20250403
202503,경부선,신길,750,3,8777,1430,10771,5290,23879,19577,32062,30119,18445,11950,12584,7855,10892,7606,13557,8527,11899,9882,10740,9396,11776,11611,14299,13098,20148,17199,28264,23190,11218,16611,8031,12251,7146,12558,5025,10325,1914,6278,126,1673,0,0,0,0,0,0,20250403
202503,경부선,신도림,434,6,1808,875,3195,2972,8722,7188,10224,15275,6666,8811,4987,5801,5164,5680,5591,5803,5653,6591,5587,6027,6286,7053,7051,8226,11086,10715,14340,14155,7354,7863,6033,4953,4875,4584,4497,3780,1735,2173,82,1083,0,0,0,0,0,0,20250403
202503,경부선,안양,301,4,15579,2531,37320,11087,90878,20289,76360,56197,45949,58039,36499,36348,36422,36673,42566,35650,40794,41320,39102,33239,49116,40868,59755,47313,59523,66784,44138,91572,28952,67002,24487,39389,23283,35200,19040,26520,8415,19736,443,2595,0,0,0,0,0,0,20250403
202503,경부선,영등포,3790,143,15051,7037,16195,24352,42081,57466,59472,123675,42811,92247,43586,76514,49737,86699,57752,91167,62942,94514,64975,83145,94455,81697,107168,83582,121704,93558,164377,108422,97835,69211,98871,41691,74117,32597,57534,25962,23247,14692,760,4362,1,1,0,0,0,0,20250403
202503,경부선,오산,380,2,7307,1897,16832,9355,29996,25450,32462,21533,22618,15398,20860,12939,19800,12348,20888,15258,18449,16310,18000,16348,19213,21469,23323,25810,26247,31346,26219,35365,15925,26191,12178,20556,8875,15760,5061,11251,2201,8910,140,891,0,0,0,0,0,0,20250403
202503,경부선,오산대,268,1,3268,851,7729,2331,14825,4375,12110,11155,7794,4675,6125,4346,5945,3937,5670,4012,5983,4765,5483,4893,6860,4763,8179,7385,9299,10114,9463,13427,4051,11111,3610,6729,3233,5905,2180,4923,1082,3177,133,316,0,0,0,0,0,0,20250403
202503,경부선,용산,278,6,3956,5595,6093,35472,23174,83763,34463,144774,41831,111929,37483,85068,56597,76314,54304,84671,65301,84851,55162,83703,102645,84444,108000,87395,128195,95833,163694,93990,109474,63460,111196,43709,107000,28985,74233,15724,25735,7259,1091,2333,1,0,0,0,0,0,20250403
202503,경부선,의왕,96,1,6789,2188,13992,8254,29411,32517,28388,30846,15337,12651,12001,8160,12784,8389,13292,8697,11444,10278,10935,8978,13004,11573,18671,15310,29666,19695,25501,28567,12166,20971,9423,14023,6967,12529,4074,10445,1841,7099,119,1290,0,0,0,0,0,0,20250403
202503,경부선,직산,79,0,866,344,1999,1215,2758,3344,2733,3835,2133,1438,1944,1218,1865,980,1590,1267,1712,1378,1471,1339,1809,1461,1847,2021,4078,2553,3469,2524,1354,2584,1005,1541,670,1429,343,1337,195,970,23,153,0,0,0,0,0,0,20250403
202503,경부선,진위,41,1,910,365,1588,2762,3222,8347,2947,8414,2190,2708,2019,2316,1910,1262,1879,1195,1741,1195,1778,1359,4511,1708,4342,1806,7362,2617,7362,2663,2829,2371,1606,1758,1046,1397,495,1276,242,841,15,74,0,0,0,0,0,0,20250403
202503,경부선,천안,1557,7,2949,717,6046,3636,12295,6569,12280,18064,16832,15995,13165,13911,14545,15611,14621,16072,14883,14590,20888,14242,22650,15271,25598,16497,22840,22295,19271,20155,12692,12771,9567,9934,7145,7796,4283,5675,2309,3491,27,2282,0,0,0,0,0,0,20250403
202503,경부선,평택,87,3,7465,3103,13567,9009,30370,16045,34361,25799,30258,22869,26716,19348,24484,23015,24427,24752,25627,24275,24554,27113,26478,30487,30638,38251,33270,42518,30071,42574,21085,26798,21415,22905,14973,17869,13097,13381,6730,7163,144,2362,0,0,0,0,0,0,20250403
202503,경부선,평택지제,9,2,2652,5582,5647,8212,12235,12761,11856,7444,8030,5562,7085,4044,6370,4618,7226,4869,5208,4574,5724,4972,7798,6753,8537,8700,14522,10087,9728,11452,8205,9184,5538,6719,5053,6554,4997,5967,2648,3340,75,503,0,0,0,0,0,0,20250403
202503,경부선,화서,312,10,8661,962,25554,3599,49088,6748,38288,13482,18729,12057,14883,11765,13505,18274,13841,19406,14177,22903,15644,20474,19445,21751,23790,23806,23649,31125,22752,47860,17413,35966,14326,20021,13358,15486,10908,13581,2030,8878,123,1592,0,0,0,0,0,0,20250403
202503,경원선,가능,318,8,7880,1355,11674,3538,24399,7145,21421,14378,13381,7950,12938,6222,11642,7699,12198,8253,10245,9068,9489,8158,10155,10712,10748,12870,13018,15640,9395,19919,5730,18897,4650,12298,3946,9099,2447,8807,1113,4966,219,2109,0,0,0,0,0,0,20250403
202503,경원선,광운대,2296,6,6388,1076,14452,3414,31383,6585,28793,23770,16724,11644,13373,12817,14106,17648,13981,11874,15069,14238,15942,14367,16382,14223,18650,17289,19466,20786,15636,27221,9460,21515,9126,14633,8289,12718,6518,11793,3853,9479,215,4975,0,12,0,0,0,0,20250403
202503,경원선,녹양,310,3,5583,800,7636,2039,16732,5326,14773,8716,9839,4746,8906,3690,8810,5235,8558,5535,7463,5836,6607,5731,6842,7072,7891,8491,8197,11296,7557,13217,3881,12767,2932,8452,2121,6719,1483,6726,608,4040,90,1301,0,0,0,0,0,0,20250403
202503,경원선,녹천,1323,41,4133,811,7783,1407,20609,4928,17987,4787,10558,2618,8700,3525,7790,3258,8594,4239,6630,4319,5688,5468,5653,6487,7156,7976,5988,10054,4808,14792,3012,11189,1981,7485,1968,6794,1685,6669,425,3650,36,906,0,0,0,0,0,0,20250403
202503,경원선,덕계,27,0,6114,495,16476,2679,30206,4227,28888,7569,14506,5313,12024,3460,9778,4369,9659,5383,8426,5975,7105,5911,7441,9802,8113,12591,8112,17574,6956,24227,4251,19806,3410,12749,2554,12595,2168,8761,1166,6326,198,2300,0,0,0,0,0,0,20250403
202503,경원선,덕정,6,0,4742,990,10338,4832,21803,9287,20799,21429,12909,13365,11861,7515,11344,6923,11011,7967,12563,8240,9891,8406,13874,9859,14809,11006,16132,14295,14623,18035,5416,15126,3751,9901,2785,9869,2115,6911,1167,4983,270,2173,0,0,0,0,0,0,20250403
202503,경원선,도봉,211,1,6393,1199,10285,3432,19487,3811,18069,10999,13214,7988,11753,7145,11303,7219,11054,8924,11129,8805,10195,9555,10193,11469,9812,12830,10322,15636,10744,16701,4850,14331,3316,8941,2602,7794,1699,7293,831,4098,161,1336,0,0,0,0,0,0,20250403
202503,경원선,도봉산,217,3,6630,857,9389,2446,20861,4722,21437,7993,15608,12374,13569,15681,14206,15270,16277,16101,19229,12956,22594,11379,23495,10984,22624,10922,18149,10284,13665,11032,8132,8575,4880,5895,3567,5142,2233,4534,1077,2928,132,1068,1,1,0,0,0,0,20250403
202503,경원선,동두천,25,0,1191,539,2380,1806,4233,5063,4952,6217,3769,7572,3627,3019,3981,2763,4221,4755,4251,4241,4428,3730,7248,3098,8106,3097,6046,3923,4340,4104,2082,3300,1230,2694,812,2488,427,1807,272,1801,19,619,0,0,0,0,0,0,20250403
202503,경원선,동두천중앙,37,0,2266,558,4506,1847,8273,3700,8491,11234,6450,3813,6404,4763,5677,4711,6732,4389,5825,4998,5577,5720,6181,5751,6736,5833,6703,6281,6295,7183,2845,5274,2009,4526,1593,3420,841,2654,375,2490,26,1107,0,0,0,0,0,0,20250403
202503,경원선,망월사,446,4,7439,987,12689,3514,28517,5303,26873,26055,19114,16273,16157,10509,17376,19152,18035,13568,18286,12796,18177,15221,16840,14877,18258,17899,21243,22116,12756,27536,7695,23452,5997,14552,5035,12926,4179,11317,2062,6930,398,3645,0,0,0,0,0,0,20250403
202503,경원선,방학,380,11,11345,1871,15115,7092,33358,10072,31148,20624,21338,11552,18681,12325,19006,11332,20537,13443,17229,13697,15944,16403,16188,20198,17296,22266,17494,25660,18307,31111,10689,26275,7772,15993,6261,13278,4170,12148,2150,6852,365,2331,1,1,0,0,0,0,20250403
202503,경원선,보산,24,0,1519,422,1708,1400,3717,2469,3723,2990,3404,1471,3159,1665,3010,1645,2812,1459,2705,2029,2492,2281,3075,2813,4663,2990,4509,3847,2936,4029,1780,4070,1265,3057,912,2239,398,1551,204,1469,9,601,1,0,0,0,0,0,20250403
202503,경원선,서빙고,72,0,1099,684,2513,3951,3571,4527,3794,9483,3849,4552,3659,3694,3178,2824,3938,2787,4090,4558,4223,3404,4702,4856,6800,4057,9261,3644,7550,4409,2986,3505,2250,2018,2210,2006,1072,1675,254,1066,21,241,0,0,0,0,0,0,20250403
202503,경원선,석계,1334,10,5330,1640,10354,4380,20709,5508,23315,9148,16273,7733,14471,7221,14227,9560,14096,9697,13637,11363,12513,12354,11821,16664,13345,21443,12696,25494,11259,33781,8204,24167,6743,17540,6603,14939,5528,12617,3159,7741,172,1917,0,2,0,0,0,0,20250403
202503,경원선,소요산,125,0,411,392,442,565,1466,938,2187,1893,1906,3053,2512,6168,3107,8523,4514,8447,7320,7127,8713,6153,9625,4021,7454,2781,4311,2074,2647,1705,786,1286,534,1122,213,699,140,584,89,433,7,271,0,0,0,0,0,0,20250403
202503,경원선,신이문,1481,3,7805,1188,14383,3042,35255,4401,38312,7792,22838,5218,16100,5857,14317,7346,14269,8537,13502,9802,11158,10667,11062,15838,10766,19041,10237,22476,8928,31279,5960,23848,3899,17000,3022,14552,2259,13308,950,8084,107,1970,0,1,0,0,0,0,20250403
202503,경원선,양주,2040,13,5766,1417,11704,5101,30566,11154,25015,11520,19567,9097,17264,6642,15599,7516,14573,9870,13997,9862,11292,11529,11915,12712,12770,13665,13567,21255,13038,22513,6628,22295,4038,15908,2821,11853,1938,11430,877,5795,116,2721,0,0,0,0,0,0,20250403
202503,경원선,연천,4,0,160,10,694,262,1189,643,3495,2833,2322,2144,1806,2954,1629,4122,2623,3587,3367,2845,4063,2302,3790,1905,3281,1782,2382,1881,1951,1717,694,1544,532,1178,197,551,138,400,60,421,3,249,0,0,0,0,0,0,20250403
202503,경원선,옥수,0,0,2,11,6,81,23,31,177,355,52,34,60,245,21,197,19,80,29,16,22,19,28,22,501,80,431,63,69,44,392,24,48,20,59,10,34,12,13,4,0,0,0,0,0,0,0,0,20250403
202503,경원선,왕십리(성동구청),979,8,5424,1456,8805,6806,27178,13155,41825,22051,27366,22535,18512,21347,19735,23490,24721,25936,27717,26366,29378,26992,33446,31181,39845,35680,42956,48843,39185,67918,31425,46986,32850,30104,34429,24458,29936,21558,14116,11485,1382,4193,0,0,0,0,0,0,20250403
202503,경원선,외대앞,427,22,4653,2866,8315,11599,22788,7106,25423,31798,15774,13793,13654,21381,15400,23482,16803,17248,18055,13828,21318,18397,23473,15522,29038,18091,34446,23132,23286,29716,16068,21690,14281,16127,13779,15095,11569,15570,5831,11263,371,2743,4,4,0,0,0,0,20250403
202503,경원선,월계,949,2,4873,1292,9424,2300,25146,7502,24055,16351,15992,17036,13052,9037,13109,6906,14627,9412,13392,12659,12306,9479,15096,11087,20182,14014,16253,16027,11110,23397,6062,16677,4711,10828,4205,9906,2692,8827,1127,5378,101,1257,0,0,0,0,0,0,20250403
202503,경원선,응봉,107,0,1203,195,3152,1001,7210,1403,6939,2159,5216,2232,4103,3088,3694,2808,3294,2777,3235,3183,3373,3753,3664,3553,3641,4576,3188,4897,2781,5909,1819,4718,1365,3017,908,2617,628,2001,252,1351,28,397,0,0,0,0,0,0,20250403
202503,경원선,의정부,3145,10,10407,2284,29448,7280,50592,12376,50609,36755,31334,37495,27974,28202,30232,32278,32118,33888,33882,38583,35242,35428,38303,35335,40319,39293,42737,48872,44851,60334,27765,52025,26449,32557,18618,26912,14848,23109,7815,16564,1086,8736,0,0,0,0,0,0,20250403
202503,경원선,이촌(국립중앙박물관),61,9,1272,628,3695,2756,9434,4892,10868,8661,8868,5190,7360,4166,7107,4215,7184,4155,7871,5157,6997,5145,8038,6116,8913,6505,10482,7403,10084,9338,5525,6906,4761,5028,4139,4443,2339,4048,716,2418,57,713,0,0,0,0,0,0,20250403
202503,경원선,전곡,0,0,541,18,1111,470,3123,636,4645,1849,3202,1565,2899,1639,2663,1875,2425,2264,2626,2031,2479,2197,2424,1991,2480,2575,2295,3092,1941,3466,1318,2942,1042,1759,618,1401,416,1239,237,889,11,657,0,1,0,0,0,0,20250403
202503,경원선,지행,76,0,4595,845,10613,2551,21098,5734,23131,12961,15170,7193,13791,7032,12510,7036,11900,7991,10613,9209,9753,11740,10227,14356,10870,16305,11913,19711,11684,22523,7711,17079,6128,13862,5495,10700,3346,8675,2023,6733,234,3824,0,0,0,0,0,0,20250403
202503,경원선,창동,0,0,0,0,1,0,1,0,4,0,5,0,7,0,8,0,9,0,13,0,7,0,10,0,9,0,6,0,9,0,4,0,4,0,5,0,3,0,1,0,1,0,0,0,0,0,0,0,20250403
202503,경원선,청량리(서울시립대입구),1323,13,4870,1945,8110,13946,29239,17463,42836,24701,31116,34724,36566,32384,32283,41699,33331,35124,35870,35330,37777,42098,41168,38767,42315,44101,40197,44217,40184,55955,32631,38717,28529,23034,20084,20702,11378,13980,6456,7355,197,3411,0,1,0,0,0,0,20250403
202503,경원선,청산,1,0,57,2,158,184,650,200,635,181,286,159,336,250,295,280,242,261,265,249,325,204,307,228,359,298,377,256,263,257,102,324,102,127,27,142,16,105,25,114,1,71,0,0,0,0,0,0,20250403
202503,경원선,한남,111,3,888,707,1699,4459,2831,10616,2953,14231,3301,11732,3528,6926,4631,5022,5401,5187,4573,5659,6156,4495,7738,4883,8689,4968,14236,5890,13385,6261,7109,4159,5501,2194,5541,2024,4378,1334,1599,796,64,293,0,0,0,0,0,0,20250403
202503,경원선,회룡,1741,13,14109,2541,28826,6581,58363,8959,52021,13450,34164,11287,29020,11719,27133,14929,25948,16892,22374,17957,19005,21163,17382,26443,17193,30877,16085,38934,12982,47764,8313,44105,6567,26626,5557,21460,3806,17903,1520,11053,267,5133,0,0,0,0,0,0,20250403
202503,경의선,가좌,11,2,3064,354,7729,3486,23156,4121,26591,11553,13982,9376,10447,7065,10296,6548,9807,8461,8463,8783,7999,8451,9729,9393,10564,12114,10406,16681,9803,20931,5750,16620,4234,9965,3846,7876,2889,6058,1086,4746,18,640,1,1,0,0,0,0,20250403
202503,경의선,강매,2,1,2111,230,7256,880,19809,1274,17607,3571,9433,1398,6347,1643,5221,1477,5153,1904,4316,2524,3342,3187,3144,4557,3395,5836,3282,7947,3556,12168,1350,11204,888,6935,727,6510,455,5832,185,3430,11,1062,2,0,0,0,0,0,20250403
202503,경의선,검암,0,0,0,0,0,0,0,0,1,0,0,0,0,0,0,0,0,0,0,0,0,0,0,0,0,0,0,0,1,0,0,0,0,0,0,0,0,0,0,0,0,0,0,0,0,0,0,0,20250403
202503,경의선,계양,0,0,0,0,0,0,0,0,0,0,1,0,0,0,0,0,1,0,1,0,0,0,1,0,0,0,0,0,0,0,0,0,0,0,0,0,0,0,0,0,0,0,0,0,0,0,0,0,20250403
202503,경의선,곡산,32,0,251,172,782,654,1665,1706,1475,2722,1171,1110,1053,979,1124,795,840,907,863,927,1165,946,1202,946,1178,1159,1978,1393,2243,1908,695,983,452,714,355,693,208,531,85,333,2,100,0,0,0,0,0,0,20250403
202503,경의선,공덕,11,0,641,62,1941,2113,4679,7480,5995,19331,5416,8735,5797,3766,5804,4109,5919,4224,6086,4122,6000,3938,6085,4358,7797,5221,11721,6944,17113,7461,8629,4825,7452,4104,7571,3525,6055,3026,2566,1947,183,263,0,0,0,0,0,0,20250403
202503,경의선,금릉,45,2,3527,218,11617,2527,18702,5780,15734,10824,11064,5496,8861,4340,8739,4459,7986,4863,7804,6457,6605,7257,7266,8271,8484,11403,10438,14501,10556,15440,5150,15519,3958,9284,3291,7995,2283,7570,535,5170,54,1646,0,0,0,0,0,0,20250403
202503,경의선,금촌,112,1,3525,314,9703,4346,20081,9298,19383,16330,12694,8655,11149,8038,11669,7477,12212,9802,11461,9955,11204,9570,11739,11250,13482,14688,15880,16983,16826,17806,7767,15400,5566,11420,3998,8880,2717,7812,592,5824,136,1565,0,0,0,0,0,0,20250403
202503,경의선,김포공항,0,0,0,0,0,0,0,0,1,0,0,0,0,0,0,0,0,0,0,0,0,0,0,0,0,0,0,0,0,0,1,0,0,0,0,0,0,0,0,0,0,0,0,0,0,0,0,0,20250403
202503,경의선,능곡,121,0,3997,658,9299,1683,21586,3238,19379,7741,11094,4965,8895,4657,7587,4944,7524,5591,6826,5434,6698,6016,6423,6992,7306,9330,7795,11990,6949,16826,3740,13813,2938,8667,2228,8258,1403,7042,615,4379,58,2184,0,0,0,0,0,0,20250403
202503,경의선,디지털미디어시티,6,0,1189,473,3513,1567,9503,2142,10301,4690,5907,4177,4546,2489,4124,2836,4433,2852,4094,3475,4053,3296,4264,3702,5232,4998,5461,7345,5335,10555,2969,7922,2261,4954,1895,4414,1474,3696,831,2664,50,451,0,0,0,0,0,0,20250403
202503,경의선,문산,1137,3,2846,31,8340,2132,16608,7810,17677,13668,12461,5274,9742,6828,9476,7785,10164,8155,10425,8644,9947,6794,9574,10655,11329,11664,13357,12287,11918,13629,5511,16384,4266,9834,3078,7875,1889,7262,121,5378,0,2919,0,12,0,0,0,0,20250403
202503,경의선,백마,182,1,5148,812,16270,6856,34959,6857,27512,11350,16593,6839,12831,5557,12488,5193,11797,6269,10303,8085,8925,8481,10066,10506,12904,12963,13016,17354,11090,29508,5261,25835,3800,15556,3435,14825,3230,12962,751,8620,65,1755,0,0,0,0,0,0,20250403
202503,경의선,서강대,4,0,527,102,1491,1630,3094,2603,4230,9821,3340,6242,2899,5215,2816,3823,3490,3481,3903,4194,4061,3518,4228,3827,5757,3887,7055,4596,6402,4739,3924,3165,3758,2523,4155,2399,3307,2012,1496,1460,15,157,0,0,0,0,0,0,20250403
202503,경의선,서울역,0,0,740,16,999,7204,2598,21079,3193,31082,2078,17396,1451,6848,1893,4636,2571,4590,3099,5837,3878,2837,5928,2479,8111,3407,14724,4258,21163,5230,9207,2648,5349,1541,5043,1325,788,201,1809,774,0,254,1,0,0,0,0,0,20250403
202503,경의선,수색,15,0,1375,294,3858,2739,8266,5506,10419,16192,6526,7276,4455,3589,4041,3219,4017,3120,3714,4028,3616,3511,3963,4096,5253,4945,8859,8034,11299,7066,4983,6985,3016,4667,2543,3736,1621,3034,770,2376,12,405,0,0,0,0,0,0,20250403
202503,경의선,신촌,0,0,291,19,244,1196,613,4997,576,6958,805,5336,653,2384,713,1267,961,1667,986,1972,1035,1105,1561,946,2344,1105,4928,1536,5171,2614,2369,813,1242,658,1402,394,1014,137,573,403,5,387,0,0,0,0,0,0,20250403
202503,경의선,야당,44,0,5714,379,15714,2659,31149,5028,28842,10024,16063,8433,12782,6268,12109,7125,12293,8734,11596,9273,10076,12937,10349,12734,11779,21866,12551,27212,11098,36317,8906,28961,9562,14680,9516,15330,9063,10997,4233,8327,827,2387,0,0,0,0,0,0,20250403
202503,경의선,운정,67,0,4416,668,16275,10194,27727,7338,28571,11005,15262,6824,11581,4994,10652,5342,9944,6858,9573,6258,8329,9133,9421,9000,12953,16465,14716,19161,11227,23944,5853,18781,4422,11571,3293,10604,2784,8875,733,6118,125,1473,0,0,0,0,0,0,20250403
202503,경의선,운천,0,0,0,0,0,0,0,0,1,1,51,59,29,17,10,0,0,1,0,0,0,0,7,10,27,1,50,48,0,0,0,0,0,0,0,0,0,0,0,0,0,0,0,0,0,0,0,0,20250403
202503,경의선,월롱,64,0,484,45,890,2166,1925,8393,2050,11075,1880,4392,1894,2124,2161,2018,2967,2620,3295,1812,2749,1408,5290,1969,7070,2024,10310,2688,10352,2519,3735,2202,3089,2220,2269,2476,744,1961,67,1526,10,567,0,0,0,0,0,0,20250403
202503,경의선,일산,1264,4,8295,768,26649,3566,54016,8090,39696,18461,24995,9495,19727,8242,18815,10590,18213,12164,16805,14395,15218,14783,16081,17442,21715,20157,15390,30527,14147,40250,7787,40653,6181,21366,4918,21443,4535,18882,1328,10875,203,4071,0,0,0,0,0,0,20250403
202503,경의선,임진강,0,0,0,0,0,0,0,0,0,0,26,270,47,203,4,3,0,0,3,3,5,4,110,97,88,31,383,28,0,0,0,0,0,0,0,0,0,0,0,0,0,0,0,0,0,0,0,0,20250403
202503,경의선,탄현,27,0,6351,456,20919,2587,37748,5873,28889,9992,19129,5868,14029,4932,12922,5397,13056,6638,10717,7586,9531,10080,9612,10979,10891,14860,11416,21547,11301,30562,6113,31440,4643,14544,3742,17875,2936,12358,1162,8455,192,2626,0,0,0,0,0,0,20250403
202503,경의선,파주,116,2,747,4,1247,698,2530,2567,3507,6122,2009,4732,1906,2206,2172,1209,3041,1341,2478,1482,2502,1059,3776,1470,5372,1536,5371,1926,4528,2021,1289,1969,969,1487,823,1226,280,1060,36,900,2,446,0,0,0,0,0,0,20250403
202503,경의선,풍산,446,4,4291,448,11315,4200,25389,4786,22612,8284,15271,6913,11662,5847,10640,8194,10205,7832,10108,8490,10076,7540,10135,9821,11658,12396,11980,16172,9633,22942,5668,17406,5118,13738,4640,11109,2869,9838,930,6655,90,1625,0,0,0,0,0,0,20250403
202503,경의선,한국항공대,1,0,584,388,1430,1203,4100,2114,4314,12529,3848,12396,3971,13070,5036,6567,4995,4927,5654,7369,8090,5574,7123,3303,14011,3925,13257,4400,10857,4410,5117,3318,3385,2756,3045,2287,2160,2808,1291,2287,81,817,0,0,0,0,0,0,20250403
202503,경의선,행신,2,0,4209,1581,13954,4317,38198,5468,32026,10519,17756,7362,13875,6238,12993,7125,12462,8079,9889,9370,9333,9479,8050,11530,11397,16691,13015,22332,10543,36225,6623,27839,7015,14901,6762,14036,5609,12123,2480,7012,63,2253,0,0,0,0,0,0,20250403
202503,경의선,홍대입구,7,0,398,203,791,558,1270,1845,1796,6754,1451,6552,1506,4721,1589,4724,2135,5671,2783,5559,3480,5889,4215,5859,5336,5855,7215,6393,7894,7391,6103,4445,5878,3019,6573,2285,6263,1918,2867,1504,56,199,0,0,0,0,0,0,20250403
202503,경의선,효창공원앞,0,0,656,281,2213,2618,5620,6175,8737,18804,5807,9474,3985,5310,3942,4176,4431,4059,4614,4292,4517,4322,5551,4548,6863,5212,8717,6753,14225,9220,6055,6442,4209,4895,3474,4617,2624,3870,1090,2853,39,293,0,0,0,0,0,0,20250403
202503,경인선,간석,291,1,5825,1283,11066,2823,21205,4561,19603,9278,11631,5001,10121,5317,9799,5501,10372,6446,9391,7644,8686,8147,8844,9143,9832,12788,9094,14821,9558,19047,5084,17113,4101,10643,3376,8445,2426,7616,1146,5349,140,1956,0,1,0,0,0,0,20250403
202503,경인선,개봉,1289,8,18423,5638,39028,13197,94219,14455,86685,24406,54577,21758,40599,17840,36568,21559,37338,26961,34244,26769,29396,30449,29567,40597,33650,49884,34488,67141,30479,93324,19457,69099,16042,43544,12959,39386,9257,32459,3552,18481,58,1881,0,0,0,0,0,0,20250403
202503,경인선,구일,236,1,4605,2084,10239,6609,26852,8725,22765,13475,14141,15752,11479,7442,11150,9299,11077,17686,10088,17582,10129,9611,19163,10611,24799,12449,22891,18784,12048,27679,6165,20012,5473,11586,8321,11003,3720,8836,1127,6202,25,544,0,0,0,0,0,0,20250403
202503,경인선,도원,665,43,2051,1265,3692,2470,7739,8026,7772,19729,5241,3570,4615,4522,5104,4683,5623,7010,5878,9571,5635,5206,9334,6222,19792,6789,10266,5683,10266,6634,3011,5849,2086,4144,1548,3311,916,2935,373,2163,21,1244,0,2,0,0,0,0,20250403
202503,경인선,도화,267,2,4399,593,7052,1579,16152,4297,13855,7767,9232,3980,7907,3814,7709,4465,7893,5956,7168,5705,6739,6129,6683,7260,7915,9607,7179,9900,7013,11442,3541,10502,2725,6594,1874,5528,1304,4739,661,3852,67,1625,1,3,0,0,0,0,20250403
202503,경인선,동암,467,6,20896,2580,28868,6484,58816,12739,55641,16606,33804,14200,27971,14772,27364,17440,28087,19447,25125,19529,22222,21480,21668,26283,22528,35431,23527,46640,21497,58259,14232,49552,11489,33451,9934,29066,7251,25414,3909,14465,412,4601,1,3,0,0,0,0,20250403
202503,경인선,동인천,1733,17,7210,2214,17904,9967,40969,21334,31935,28073,22044,15647,19887,17133,21064,19495,22981,19706,22769,21148,22414,19606,25660,22030,29091,25909,34424,28580,33292,33841,16485,33142,12205,19693,9288,16517,6085,14764,2255,8955,12,3405,0,1,0,0,0,0,20250403
202503,경인선,백운,162,27,8781,1241,15427,2300,29931,4325,27097,10153,16960,6447,14299,6067,13245,7546,13126,8178,11416,9113,10102,9741,9812,11969,11008,16443,10760,19927,8759,25900,4990,23741,4076,14057,3699,12807,2296,10763,1218,6642,158,2396,0,0,0,0,0,0,20250403
202503,경인선,부개,2025,7,10557,1284,17009,2892,40860,5842,33262,10965,20522,6874,16259,6429,14746,8123,14725,9668,13497,10114,11009,11684,10714,14132,12611,18580,11461,24389,10862,30970,6293,25386,4644,16509,3646,15040,2341,12331,1311,8527,157,2077,0,0,0,0,0,0,20250403
202503,경인선,부천,3268,32,39843,4151,42203,11131,97323,18217,98946,50045,63223,45905,50343,42274,50552,42236,54927,53957,53900,57140,53107,52974,59082,60889,63862,67222,60708,94206,58940,110699,38881,90927,31753,56605,28628,51597,23143,41548,10629,27881,833,5094,0,0,0,0,0,0,20250403
202503,경인선,부평,10070,52,22497,3963,37023,9526,88168,19244,78655,33831,50138,38365,42509,35916,43853,43238,47242,49568,47313,55083,47476,57654,52356,57652,55576,72627,60126,90603,54993,118883,42783,94968,38527,53997,36395,47020,30527,37371,16677,24649,2759,7813,1,2,0,0,0,0,20250403
202503,경인선,소사,1086,11,13234,2340,12988,5849,27570,7413,24808,10104,17805,8301,15090,9415,13854,8595,14931,10364,13999,10774,12450,10463,12835,12665,14734,14988,13971,19848,11524,23561,6684,19322,4824,13221,3922,12224,2413,10808,1184,6951,95,1960,0,0,0,0,0,0,20250403
202503,경인선,송내,1462,3,16277,7703,39156,15346,104477,28881,88413,73658,53669,39598,39811,23424,40669,22191,39284,26039,35015,27484,32378,28906,34208,34081,38868,44238,47618,65585,71611,90963,29712,80172,22206,48525,18444,43010,13932,35631,6359,22399,692,3777,0,0,0,0,0,0,20250403
202503,경인선,역곡,885,12,29218,2710,45600,9400,112090,14486,105498,40643,64646,37570,45223,26221,41699,27683,43625,32412,43036,33301,35582,35006,38409,42990,43562,57831,46845,76659,39107,111655,25217,89017,19792,51723,16795,50597,13530,41138,6514,27182,370,4092,1,1,0,0,0,0,20250403
202503,경인선,오류동,559,5,12573,1573,18182,4219,48934,5658,48306,11959,30985,11455,23187,8727,21636,9763,21804,13745,19036,14610,16332,15362,16821,20047,16677,23226,15759,30077,14040,43507,8709,38581,6373,23326,5340,22340,3600,19250,1515,12445,55,1552,0,0,0,0,0,0,20250403
202503,경인선,온수(성공회대입구),159,6,5405,1340,8346,3485,22448,10032,19993,13127,14293,7843,11374,6527,11058,6434,12592,8248,10993,7784,10446,9200,12452,10613,14284,11962,13475,15134,11153,21527,5660,16954,4178,10795,4702,10138,3092,8701,1636,5486,102,831,0,0,0,0,0,0,20250403
202503,경인선,인천,409,18,1204,906,3398,2937,5356,6520,4989,9721,4072,5981,4056,7472,4836,10032,6545,10379,8272,9240,10940,7761,12818,6211,15227,5363,15135,4651,14376,3876,6480,3256,4745,2501,2801,1951,1549,1682,517,1272,3,1017,0,3,0,0,0,0,20250403
202503,경인선,제물포,814,10,7865,1794,17180,5219,37875,15194,32010,36279,20459,18029,16753,10598,17699,9879,18272,13748,16987,13827,15585,12597,21025,15101,26750,19984,24141,24210,24608,32328,10422,27653,8337,16997,7317,15653,4756,14158,1542,9788,72,3094,0,1,0,0,0,0,20250403
202503,경인선,주안,1134,30,14636,2999,29162,7331,60038,17869,54462,29277,36771,25551,30054,19209,32333,20453,34841,22426,31387,22045,28576,22890,33004,26420,34484,34814,38945,42694,36538,57068,23100,55465,20102,32383,18578,28512,14826,26573,7644,18432,756,5670,0,3,0,0,0,0,20250403
202503,경인선,중동,1074,30,11101,1476,18314,4324,42648,5529,34685,10996,21754,7895,16441,7975,16276,9216,16535,9988,14559,12784,13083,12242,12627,15504,13000,18366,13127,25561,11661,33412,6811,27334,5148,17221,4312,15424,2826,12965,1180,8406,113,2083,0,0,0,0,0,0,20250403
202503,경춘선,가평,0,0,830,148,1870,807,3641,2204,4544,4717,4483,3072,3511,2983,3860,3232,3366,3408,2931,3297,3552,3203,3708,3978,4465,2969,5088,4221,3923,3730,2065,4031,1571,2636,960,1730,481,1709,209,1312,18,457,1,0,0,0,0,0,20250403
202503,경춘선,갈매,10,0,1879,439,4478,939,14726,2538,9390,5091,6468,2475,4469,3050,3688,2003,3832,2282,3723,3173,3352,2613,3465,4529,3780,4222,3787,6814,4896,10212,2323,7542,1803,4281,2400,3244,1461,2975,742,1794,23,508,0,0,0,0,0,0,20250403
202503,경춘선,강촌,9,0,379,71,379,147,492,370,670,1736,714,1986,696,1441,1010,1917,984,969,1111,885,1814,1017,2254,696,2034,917,1426,690,847,710,451,517,292,398,259,404,88,331,39,280,7,73,0,0,0,0,0,0,20250403
202503,경춘선,굴봉산,0,0,84,2,48,8,133,73,192,195,206,279,199,550,261,423,314,253,279,264,325,221,402,216,327,181,222,205,110,189,108,104,66,101,25,57,6,59,13,43,0,12,0,0,0,0,0,0,20250403
202503,경춘선,금곡,15,1,1757,294,2142,1020,5055,2343,4494,5884,3503,2376,2914,1810,3128,1647,2987,2330,2863,1849,2346,2448,2897,2390,2892,2944,3432,3968,3631,4409,1322,3859,999,1690,606,1945,436,1551,195,1074,8,251,0,0,0,0,0,0,20250403
202503,경춘선,김유정,83,4,180,9,316,120,724,684,643,1084,587,700,625,1141,668,1478,746,1608,1019,1028,1152,958,1441,743,1346,815,1502,898,1184,630,345,574,308,405,138,275,106,286,40,210,15,72,0,0,0,0,0,0,20250403
202503,경춘선,남춘천,509,5,1710,33,3649,980,4633,2724,6291,6195,6939,6580,6362,4724,6020,8693,6311,8661,7891,6429,7932,5161,9530,6652,8672,6410,7595,6596,6047,7481,4656,8969,3604,4422,3287,4553,2038,5104,824,2522,7,2111,0,0,0,0,0,0,20250403
202503,경춘선,대성리,0,0,3848,125,4502,344,2086,809,1973,850,2781,684,3646,1226,3127,1206,1211,1276,1100,3161,1110,8028,1189,3809,1429,3755,1456,3133,775,1824,511,1649,250,719,250,381,256,333,131,292,5,20,0,0,0,0,0,0,20250403
202503,경춘선,마석,17,0,1293,452,8835,2821,15513,5818,14251,6391,10120,5488,8708,4256,7322,5226,7558,5623,6972,6653,6612,7038,6977,7706,7741,8323,7064,12476,6570,12284,3456,10960,2687,7290,2059,5577,1548,5181,602,2242,29,903,0,0,0,0,0,0,20250403
202503,경춘선,백양리,0,0,58,3,50,16,51,197,77,225,71,200,226,352,317,319,224,259,277,154,264,272,251,130,233,148,333,72,211,93,52,32,30,49,24,38,14,20,12,22,1,8,0,0,0,0,0,0,20250403
202503,경춘선,별내,27,1,1192,564,2837,1599,8051,3950,7618,5888,5075,3316,4092,3358,3691,2731,4060,2650,4051,3118,4215,3030,4163,4161,5356,3878,5456,6022,6194,6801,3169,6488,2141,3180,2000,2173,1609,2475,842,1257,49,381,0,0,0,0,0,0,20250403
202503,경춘선,사릉,61,0,1732,576,3712,1547,9739,4296,7651,4255,5107,2346,4041,2228,3541,2282,3556,2495,3257,2105,2599,2675,2804,3108,3356,3609,4234,5334,4667,7919,1924,7361,1261,3472,933,2773,528,2476,175,1707,14,392,0,0,0,0,0,0,20250403
202503,경춘선,상천,0,0,365,43,351,203,582,269,680,735,624,672,620,767,691,640,616,588,647,474,796,789,796,633,930,523,655,509,376,503,179,540,96,227,59,280,24,117,16,95,0,29,0,0,0,0,0,0,20250403
202503,경춘선,신내,24,1,1458,509,5210,2663,12950,6058,10517,9640,5369,2754,4290,2552,3881,2465,3876,2463,3711,3298,3621,2828,4067,4697,4749,3913,5719,7178,7338,9345,3157,6765,1847,3960,1600,3079,1260,2783,699,2107,92,643,0,0,0,0,0,0,20250403
202503,경춘선,천마산,8,0,960,153,3253,679,7459,1532,6226,1974,5050,1708,4002,1363,2841,1643,2918,1830,2489,2040,2497,2433,1938,3222,2220,3311,1920,4812,1777,4171,860,5032,645,3227,530,2397,240,1760,112,1127,3,265,0,0,0,0,0,0,20250403
202503,경춘선,청평,19,3,962,229,2540,1093,4388,1661,5013,3612,4103,4572,4073,3181,4334,2500,3869,3307,3449,3203,3621,3126,3966,3870,3632,4306,4570,5279,3086,4201,1466,3922,1295,2267,903,1984,498,1553,205,1172,9,266,0,0,0,0,0,0,20250403
202503,경춘선,춘천,298,4,718,11,1290,339,1903,1326,2799,4776,3214,5979,2609,4394,3047,4938,2941,4242,4529,4037,4962,2643,6852,3242,7864,2418,6288,2707,4790,2722,2839,2784,1735,1833,1264,1768,801,1386,299,1261,3,728,0,0,0,0,0,0,20250403
202503,경춘선,퇴계원,19,0,2823,497,5821,1619,17088,3356,12368,4886,9594,2829,7133,3499,5881,3147,6861,3049,5801,3930,3901,4177,4392,6025,4678,7027,4885,9135,5686,11094,2280,10873,1778,6128,1465,4521,960,5416,405,2415,24,849,0,0,0,0,0,0,20250403
202503,경춘선,평내호평,651,9,5759,726,14192,1879,29774,4686,23574,10295,13956,6819,12855,5223,11302,5718,10320,8170,9357,7402,7889,10321,8254,10278,8552,12650,9468,21932,8956,24865,5515,19555,4335,11635,4015,9125,3650,8238,1552,5731,57,2629,0,0,0,0,0,0,20250403
202503,공항철도 1호선,검암,1438,3,8860,540,13836,2324,33833,7115,23314,14701,12780,5187,9614,3681,9609,3639,8916,4431,7676,5126,6506,6011,6626,7478,8054,10804,9016,14498,11030,25235,4698,22989,3771,13835,2902,12965,2072,12735,974,9854,183,5138,0,0,0,0,0,0,20250403
202503,공항철도 1호선,계양,34,0,14146,766,38313,3719,72384,5585,56480,7320,37368,7046,25839,5527,22435,6380,20612,7528,16962,10540,14397,13146,13215,17420,14857,26067,14609,34342,10780,60912,7048,54100,4826,34350,4014,31468,2759,28688,1425,17061,238,5430,0,0,0,0,0,0,20250403
202503,공항철도 1호선,공덕,74,2,1947,205,2849,1802,6573,3964,7674,12084,5057,6314,4171,4150,4331,4684,4257,4786,4230,5295,3791,5029,4157,6097,5020,7149,7170,10299,10803,14758,4938,9802,4109,6702,4048,6476,3062,5849,1497,4132,92,2218,0,0,0,0,0,0,20250403
202503,공항철도 1호선,공항화물청사,5,0,556,936,1499,7732,1994,10755,2077,17412,1697,2665,826,1749,749,3250,988,3494,1184,2354,1757,2503,2729,2747,4628,3383,10382,2864,12699,1231,3241,1361,2309,1921,2463,857,2489,396,685,188,13,89,0,0,0,0,0,0,20250403
202503,공항철도 1호선,김포공항,24,0,1789,2197,2658,11419,5762,19328,13963,16348,15806,10269,16133,9380,16568,10003,13508,10937,16693,10461,18933,9356,17200,8508,16643,9356,18973,11834,27945,9767,16125,5827,14762,2676,15724,1417,18571,1321,4663,910,177,786,3,61,0,0,0,0,20250403
202503,공항철도 1호선,디지털미디어시티,172,9,4135,802,9085,7362,22853,32085,24876,84333,14340,38882,11068,16004,11701,13013,12660,13358,14271,13904,14011,11478,16649,12467,21771,14877,49702,21579,78042,29901,32452,20832,19588,12532,17921,11356,13346,10353,6429,6666,806,3553,0,10,0,0,0,0,20250403
202503,공항철도 1호선,마곡나루(서울식물원),31,0,2803,1254,5745,13681,14845,37152,16989,78044,9791,36271,7028,13696,8188,9209,9773,9889,9811,10733,10304,10165,14560,9859,25816,11607,67983,16401,61619,19633,24801,13330,19122,8606,14105,8152,8523,7694,3371,5038,518,3149,0,0,0,0,0,0,20250403
202503,공항철도 1호선,서울역,337,4,3342,2033,4634,15742,12701,23677,18439,35481,19275,31896,24335,27049,28280,25968,29919,24084,29735,22984,23835,19837,32604,22767,32271,23128,39397,24348,39128,24632,31413,21946,22846,14336,25406,13211,18794,9692,11220,4478,212,3669,1,0,0,0,0,0,20250403
202503,공항철도 1호선,영종,12,0,3538,179,12265,1753,18097,3059,13993,3823,10153,3214,9346,2950,9223,4136,8065,4241,7083,4221,5858,5883,6374,8538,6999,9294,6901,9945,4642,17413,3018,15417,2438,9843,2329,10235,1657,9625,886,8173,157,2848,0,0,0,0,0,0,20250403
202503,공항철도 1호선,운서,198,5,18321,989,23795,8008,33802,12036,27695,12902,16996,11540,17490,6928,21647,7733,19581,10191,14806,11108,12685,13710,14227,16247,15460,18910,18197,24058,13373,35153,8323,28815,7205,25334,7347,25374,6109,25156,2579,18774,339,6304,0,0,0,0,0,0,20250403
202503,공항철도 1호선,인천공항1터미널,0,0,10349,11431,14465,19134,18284,36184,20619,32920,15994,26606,14509,28063,18818,35937,25830,44719,30237,30375,35486,25070,46466,21394,40372,21629,33432,24724,38224,18585,25453,17652,24760,11332,29877,9895,31063,7208,13555,7764,162,5537,0,0,0,0,0,0,20250403
202503,공항철도 1호선,인천공항2터미널,0,0,6613,8128,8027,13625,9891,20426,10730,18462,8426,11331,4683,11623,7520,17948,9794,21245,11036,15442,18416,12447,22006,11450,21191,10963,24927,11717,25316,6194,14434,3835,15915,3720,17239,2881,15760,2369,5916,2361,4,2749,0,0,0,0,0,0,20250403
202503,공항철도 1호선,청라국제도시,131,1,7672,315,17863,6357,34230,7752,22098,16898,14594,5007,10896,3395,12239,3423,11144,4357,9200,5800,8219,6653,8791,8105,11657,11539,15687,16266,18740,25874,6015,24912,4275,16566,3407,15966,2344,16383,1116,9492,188,4128,0,0,0,0,0,0,20250403
202503,공항철도 1호선,홍대입구,228,9,5295,465,6358,4192,11316,10984,14678,26551,14359,31159,14977,26104,16669,30077,18782,36387,21673,35789,25375,31874,30920,32654,37602,33705,45314,37414,49505,42632,40886,28983,39220,17318,42481,14058,36214,12213,16850,9771,1352,3848,2,3,0,0,0,0,20250403
202503,과천선,경마공원,9,1,476,572,1090,2976,1932,4170,2501,12062,2414,36903,2278,37923,3096,21191,3797,20126,5759,16248,8107,10324,13396,6001,21940,3841,33412,2533,69666,2326,9416,1939,2212,1328,826,1081,383,837,155,523,27,64,0,1,0,0,0,0,20250403
202503,과천선,과천,2,0,2812,402,10750,2278,28381,5751,25861,8988,17937,5908,13989,5231,12528,5308,12327,6391,11633,7192,10363,8573,10210,10743,10783,12463,10126,15825,9317,22784,5089,19317,3335,12682,2329,12651,1608,11169,636,6876,93,1411,0,0,0,0,0,0,20250403
202503,과천선,대공원,3,0,94,259,322,3289,650,4397,1142,10549,1637,15707,1809,18697,3841,11372,7536,9705,8624,9784,9783,8286,11113,4818,14212,2913,16203,1932,13033,1501,5380,982,3769,641,2849,446,400,353,113,187,19,52,0,0,0,0,0,0,20250403
202503,과천선,범계,94,2,9089,3258,41283,11300,106240,26525,88209,60955,52835,46412,41658,33128,40021,32869,43692,33370,41837,41231,39939,41062,43123,45661,49035,57367,55304,75930,61652,107625,39820,92626,40415,47792,31889,42657,25922,35881,10505,19410,1113,6934,0,0,0,0,0,0,20250403
202503,과천선,선바위,3,1,845,1530,5607,9820,15670,21373,17996,25780,14480,14906,10903,7900,10375,7593,10816,7741,11039,7680,10503,7246,12097,8238,15721,10421,25402,12667,31056,15628,13515,12034,9292,8759,6733,8016,3650,7082,1263,4014,112,764,0,0,0,0,0,0,20250403
202503,과천선,인덕원,84,6,9318,3181,31976,17075,83012,46039,73954,104439,49948,41400,39444,24197,35303,23063,37364,24921,37208,27262,33390,29507,37112,32397,44235,42786,66678,58431,85709,90062,32714,72190,26915,41461,24720,38820,15758,36217,6066,22171,687,5982,0,0,0,0,0,0,20250403
202503,과천선,정부과천청사,19,3,2250,1454,9170,13621,24875,40864,21421,99393,16575,27449,13230,13346,14167,10935,15680,13190,15989,14170,16447,13600,19040,14109,28236,15961,45312,21132,66380,27022,20538,22764,15734,12876,14510,11806,8289,9482,2296,5800,229,1239,0,1,0,0,0,0,20250403
202503,과천선,평촌,83,5,4891,2362,23364,9843,66144,33825,52183,85657,29257,28704,23084,15830,21873,14176,22521,15797,20374,19822,20360,17380,23672,18862,27706,25069,47293,34421,59166,50218,23340,45810,18443,25193,17390,21648,11696,19233,4204,10354,486,3921,0,0,0,0,0,0,20250403
202503,분당선,가천대,20,0,4418,895,7020,3534,19009,7236,24202,55138,17298,39890,14077,32822,17761,22464,22521,25686,22917,19508,29824,17857,30988,13620,41832,14490,44570,19233,28572,24248,14501,19408,10597,15452,10455,16651,9061,16467,4785,11892,173,1311,0,0,0,0,0,0,20250403
202503,분당선,강남구청,30,0,1415,857,2815,5986,7779,19020,11509,55047,9985,41761,8927,20383,10215,15411,11502,15145,12855,17110,14290,15225,16900,15441,19659,15696,31566,17430,47909,22186,25554,13963,15300,8119,13178,6593,8782,6216,2753,3434,105,748,0,0,0,0,0,0,20250403
202503,분당선,개포동,10,0,1161,441,4224,3624,13334,6865,14513,8903,10026,7175,8318,6194,7031,4623,8563,5526,7678,6638,7058,6345,7951,7696,9553,9069,9128,11727,8736,14899,5268,11905,4262,7811,3673,7338,3347,6583,1173,3912,31,109,0,0,0,0,0,0,20250403
202503,분당선,구룡,3,0,1036,497,3277,4024,9386,11484,12454,8005,9922,4264,7543,3467,6509,3044,6419,4131,6002,4590,5619,4997,8175,6205,9439,6927,7488,9178,6519,11142,3786,8874,2629,5524,2953,5050,1367,4833,445,3107,44,109,0,1,0,0,0,0,20250403
202503,분당선,구성,150,2,2745,581,10214,4228,26039,9396,28406,12016,17229,7872,13956,6302,11702,6558,10867,7901,9214,8306,8674,9084,8955,12364,11039,14582,14145,22034,13269,27894,7579,20879,6701,14872,4785,11442,4041,12911,1836,6810,129,747,0,0,0,0,0,0,20250403
202503,분당선,기흥,262,7,5694,776,16323,4609,39993,15735,37810,31603,20940,13727,15621,12354,15667,12795,15452,9985,15630,13398,16131,12553,15986,14453,19675,17691,25581,25068,25351,37393,13582,29566,10339,19037,8834,14470,6844,15878,2473,9298,48,1060,0,0,0,0,0,0,20250403
202503,분당선,대모산입구,3,0,2670,613,7417,3031,25310,6826,25232,11032,15767,6034,11012,4710,9273,5331,9702,6126,9183,7335,7333,7382,7618,10153,9728,11710,11316,15019,10796,19225,5439,16617,3874,10465,2990,10349,1955,10229,651,5452,22,336,0,0,0,0,0,0,20250403
202503,분당선,도곡,40,2,1542,1074,4636,7177,12534,17002,17262,23493,13685,19859,11817,9767,11605,9424,12290,9599,12692,10363,12665,11061,15890,12474,16894,13248,21407,15255,22879,18065,12076,14465,8785,9929,7155,8834,5753,7764,1321,4329,56,333,0,0,0,0,0,0,20250403
202503,분당선,망포,68,2,6197,2948,21600,9346,58673,28860,52935,44280,27671,17667,19458,10130,17717,11723,18330,13067,17966,14099,15464,14171,17780,19737,22666,26388,36700,35404,43073,52133,22861,45463,18353,29007,14391,23466,11297,21005,4141,13223,116,999,0,0,0,0,0,0,20250403
202503,분당선,매교,424,1,4771,876,10579,3253,23054,7047,23278,13386,11016,5600,7408,4795,7005,5446,7500,6186,6397,5922,5914,7036,9373,7263,11604,10868,9041,15495,8440,21432,4965,14635,3781,10122,3524,8477,2389,7572,580,4025,15,642,0,0,0,0,0,0,20250403
202503,분당선,매탄권선,68,0,4048,815,10943,3008,24626,5551,22092,14743,12154,5820,8783,3960,8004,4139,8519,4823,6785,5688,6122,5317,6858,7989,10929,11006,10774,14987,9334,23200,5248,15968,3859,10803,3665,9248,2750,9614,759,5482,11,580,0,0,0,0,0,0,20250403
202503,분당선,모란,455,23,15356,2707,21787,11118,54309,22868,68507,36920,48962,29775,35666,29831,34227,36227,38533,35710,38842,37311,37079,38350,38567,44181,41896,47164,42948,51699,40826,65761,22975,48410,17895,35155,15928,32524,12357,26357,6656,15823,366,1807,0,0,0,0,0,0,20250403
202503,분당선,미금,620,4,3440,819,12681,11412,28204,22511,32548,46881,24472,35065,24277,22945,26833,23024,26903,24285,26435,26235,27690,25826,33995,26842,33133,29665,37976,35314,39826,41808,22102,30578,18128,21386,18203,18955,13274,16452,4011,8947,184,2103,0,0,0,0,0,0,20250403
202503,분당선,보정,50,0,1190,82,3603,1115,9569,2730,10395,6180,6999,2237,5313,1618,4721,2215,3963,2198,3912,2637,3186,3167,3929,4521,5287,5051,4779,6041,3582,7420,1569,6468,1225,4244,1346,3996,1019,4071,302,2572,8,172,0,0,0,0,0,0,20250403
202503,분당선,복정,0,0,0,0,1,0,2,0,4,0,6,0,7,0,9,0,12,0,7,0,6,0,6,0,11,0,17,0,19,0,5,0,6,0,1,0,1,0,4,0,0,0,0,0,0,0,0,0,20250403
202503,분당선,상갈,47,2,3288,729,8559,2778,20815,6608,20491,9332,14713,5613,9937,4131,9273,4815,8117,4775,7218,6948,6323,6550,6950,7856,8275,11255,10530,14288,10431,17560,5732,14751,3801,10902,2989,9884,1787,8927,569,5135,1,758,0,0,0,0,0,0,20250403
202503,분당선,서울숲,156,1,2626,631,5561,6060,13279,23310,21900,46003,15450,37498,10087,26513,11204,22285,13912,23235,16480,25413,19590,24985,24103,24325,30814,23892,47512,25018,54526,30012,34374,19079,22942,10670,18206,8673,11445,7652,3295,3726,139,793,0,0,0,0,0,0,20250403
202503,분당선,서현,298,23,4298,2881,12604,12385,35161,35422,39035,84716,30774,67999,28528,39053,30164,34573,33617,36589,35176,39870,38387,39298,45431,38967,49413,46165,67848,53133,83856,62356,48301,44545,45470,27430,37321,23028,28122,19209,10314,10349,488,1461,0,0,0,0,0,0,20250403
202503,분당선,선릉,62,2,1198,1585,2440,11873,5403,46978,8747,122961,7255,83018,7777,40215,9664,26337,12014,23845,13250,25948,15408,21343,19847,18485,28007,20688,50049,23523,73097,25783,33598,15813,22873,8598,20184,7060,16256,6097,4918,3511,170,759,0,0,0,0,0,0,20250403
202503,분당선,선정릉,9,0,868,1008,2121,4632,5192,13120,7640,45930,7460,39634,6591,15924,7690,10306,9832,9768,10069,9906,11680,8866,12346,7940,14479,8243,25347,9276,39695,10513,20889,6929,10946,4573,9073,4171,5698,4019,2051,2107,77,460,0,0,0,0,0,0,20250403
202503,분당선,수내,127,3,2871,2061,7733,8506,19671,23970,22797,54416,17183,42117,14397,21705,15630,17811,17622,18344,19056,18287,21283,18623,22874,18762,26402,22044,38749,25799,50759,29318,28907,21546,25663,13780,18455,12060,14313,11509,3602,5520,181,962,0,0,0,0,0,0,20250403
202503,분당선,수서,60,1,4039,4442,10051,14304,41378,29997,61033,46730,39098,28742,35644,21755,25311,19732,32679,23979,27248,22614,21708,23835,29808,28609,32151,35779,41166,48465,42743,63909,20964,40504,20440,29577,15457,26508,14619,23355,7989,9766,285,2009,0,0,0,0,0,0,20250403
202503,분당선,수원,799,4,5820,772,9249,4707,23711,10085,24106,14810,12463,13237,9231,10211,9279,12250,10463,13897,11033,12887,10974,13640,13521,12761,16591,16271,19201,22676,20924,28206,15457,18808,15798,11331,13037,8398,11754,6068,4909,4116,212,750,0,0,0,0,0,0,20250403
202503,분당선,수원시청,297,3,6872,2020,13614,7570,34723,18767,33014,54666,17929,37247,15492,20006,18495,18327,20169,21875,18961,22804,20319,17861,24272,20248,31238,24541,34442,37452,45707,52518,24082,35598,21506,24468,20787,16360,18136,15827,7074,9944,205,1204,0,0,0,0,0,0,20250403
202503,분당선,신갈,128,2,2957,218,9700,1202,19698,2622,20949,8645,12242,5023,9244,3894,10187,4676,7801,5818,7202,6487,7015,6553,8571,8102,8228,9072,6390,12791,5339,18489,2597,14918,2003,10384,1834,8081,1156,9491,410,4902,17,283,0,0,0,0,0,0,20250403
202503,분당선,압구정로데오,105,1,2453,1171,3714,13197,5731,27806,8877,68731,9197,101244,10851,56692,16159,41662,21507,35433,25656,36161,31518,34273,40191,32076,50304,34484,64479,39561,84272,43859,68238,25363,55296,12306,37241,8693,25485,6943,9181,4254,489,941,0,0,0,0,0,0,20250403
202503,분당선,야탑,212,4,7368,3311,19511,16409,55200,44594,59524,96580,44268,56352,36731,40417,38859,36075,40899,39015,40180,42348,42345,39870,47849,44025,53936,49256,69238,58893,82208,74209,41167,55154,31012,36715,28115,28939,18384,28351,7029,14549,309,2285,0,0,0,0,0,0,20250403
202503,분당선,영통,86,7,2796,1915,8352,4762,19741,11468,19862,29625,12553,20770,11116,14668,11862,12838,13498,13634,14187,14161,14031,13991,16783,15099,21204,17299,25688,24752,28066,28218,16215,20304,14119,13172,15263,12405,15779,11530,5715,7028,172,458,0,0,0,0,0,0,20250403
202503,분당선,오리,723,12,3654,387,15236,8214,30118,15411,30273,34761,21811,16173,18035,10987,17204,11542,17423,13394,17445,12623,16105,13269,18020,14976,19770,17245,27763,19559,33676,25128,13255,21178,10310,14832,8458,12606,6024,11180,1984,6938,76,1666,0,0,0,0,0,0,20250403
202503,분당선,이매,73,11,2271,852,6117,3205,14409,11158,16079,15268,11239,6930,10333,6790,8694,6697,10109,7080,8898,8308,8512,7606,10422,8925,15341,10736,13059,13059,13860,16283,5849,12280,5115,8350,7460,7573,3759,7330,903,4530,50,991,0,0,0,0,0,0,20250403
202503,분당선,정자,302,5,3457,1209,10991,15360,28119,43981,31872,83795,24852,51604,19180,25383,20700,19934,21448,18890,21937,21235,22210,19722,28152,22467,32547,28110,56713,40140,69058,47685,38717,36520,31204,23414,30588,21229,26705,17891,10205,10730,964,2750,1,0,0,0,0,0,20250403
202503,분당선,죽전,1571,6,4852,1048,17541,7614,43650,17010,38037,32998,25060,32585,19801,23643,19344,23097,20619,21999,22434,22102,22246,23192,24900,26173,29876,30365,33628,38158,33071,49316,22422,40420,26523,25427,14324,22667,10750,21344,3648,13802,4,7454,0,0,0,0,0,0,20250403
202503,분당선,청명,39,1,2998,924,8578,2495,21547,5777,20022,10164,11004,4450,7273,4063,6256,4002,6507,4514,6201,5103,5646,5837,6436,6983,7942,8995,8018,12461,9798,18234,4755,13533,3082,9385,2174,8510,2125,7293,699,4564,14,335,0,0,0,0,0,0,20250403
202503,분당선,태평,302,26,14975,1635,20115,4993,42371,8257,60001,17587,41009,12487,24836,12371,21071,14300,22200,15698,21388,16488,19209,19801,18980,26299,20049,30454,20854,36367,19201,46021,11304,34114,8734,25101,6150,28676,4214,22144,1850,12079,92,1224,1,0,0,0,0,0,20250403
202503,분당선,한티,16,0,2273,1493,8830,10988,25521,29754,28439,46115,20129,41721,16855,26266,17717,21431,21424,26099,23151,33134,22263,23674,25654,28755,32259,34620,48316,44405,46333,40495,29400,27118,30924,17325,27084,15145,34907,13145,4852,6726,244,453,0,0,0,0,0,0,20250403
202503,서해선,김포공항,14,4,241,2320,674,8073,1682,10218,2863,12314,3170,8154,2943,8507,3103,9807,3210,9566,4687,9094,5829,8017,6164,6664,7101,7348,8245,9065,11725,8312,7093,4543,6244,2225,6358,1294,6138,880,1472,1136,49,391,0,0,0,0,0,0,20250403
202503,서해선,부천종합운동장,27,0,2906,415,4942,1391,13178,3244,14083,4649,7007,2313,4240,1818,3891,1670,3573,2248,3381,2470,3156,2494,2981,3173,3869,4906,4764,6723,5176,10583,2515,8567,1802,5138,1675,4507,1070,4052,455,2376,31,422,0,0,0,0,0,0,20250403
202503,서해선,원종,37,1,5283,951,8524,3225,18608,6318,17409,9312,10591,4975,8400,4447,8143,5093,8195,7007,7425,6360,6439,7150,6953,8528,9112,11519,9086,14454,9924,19089,5603,15095,4207,8455,3266,7840,2531,6575,1143,4216,40,704,0,0,0,0,0,0,20250403
202503,수인선,고색,689,5,3499,448,8953,3288,20668,19057,16764,26396,8502,6485,5950,3950,5783,4826,6527,4890,5949,4590,5129,4653,6728,5962,8764,8309,17979,10580,21522,14407,7206,14461,7022,9226,4522,6824,2518,6326,952,4211,6,2282,0,0,0,0,0,0,20250403
202503,수인선,남동인더스파크,3,0,388,887,1054,4524,1388,18681,2148,21829,1385,2831,1458,1316,1788,1455,1866,1549,1970,1370,2163,1204,2693,1170,3842,1269,15243,1762,11490,1930,4482,2166,4280,1692,1966,991,563,573,212,363,0,40,0,0,0,0,0,0,20250403
202503,수인선,달월,0,0,9,51,32,116,197,108,107,215,75,105,73,103,118,85,109,101,96,94,107,108,133,101,203,114,323,123,752,139,95,76,44,79,24,46,20,63,16,36,2,5,0,0,0,0,0,0,20250403
202503,수인선,사리,4,0,5159,406,11710,1893,26394,4021,23283,5388,13428,3070,9801,3057,8226,2847,8146,3989,7529,5254,5945,5080,5958,7230,6553,11366,7513,12915,7022,21745,4257,14434,2790,9899,2187,10541,2449,8333,812,5665,12,787,0,0,0,0,0,0,20250403
202503,수인선,소래포구,12,0,2933,375,8062,2512,18119,3786,15223,7132,8741,6406,7433,6472,9164,11349,9840,13237,9474,10815,12064,9155,13683,8816,11871,10687,10073,12513,8544,15425,5103,10429,4144,7123,3974,6872,2914,5398,1334,3987,27,694,1,0,0,0,0,0,20250403
202503,수인선,송도,10,0,2044,348,4589,1874,8729,2601,8562,4038,5001,2512,4372,2664,4752,3074,5180,3373,4858,3309,4299,3863,5059,4978,5247,5511,5076,7001,3712,7689,2444,5308,1879,3444,1484,3374,897,2268,373,1529,8,406,0,0,0,0,0,0,20250403
202503,수인선,숭의,9,0,3587,824,6848,3433,14818,8334,12254,11605,7386,4956,7318,4466,7104,4150,7181,5591,6755,6729,6426,5483,7410,6439,9570,8392,10503,9193,9339,13298,4878,7385,3289,5901,2334,5640,1783,3944,799,2598,18,618,0,0,0,0,0,0,20250403
202503,수인선,신포,7,1,1055,251,1845,1101,3462,4600,3370,8081,2234,3414,2071,3080,2462,3124,3003,3322,3208,3755,3882,3533,4740,3588,5959,3932,6165,4241,6079,5293,3133,2609,2478,1871,2031,1555,1420,1187,488,850,4,202,1,0,0,0,0,0,20250403
202503,수인선,야목,1,0,240,10,1300,435,1972,764,1696,693,1111,501,784,538,704,466,724,488,632,500,605,489,868,643,927,887,1226,1026,924,1954,409,1132,259,516,186,682,154,498,51,315,1,46,0,0,0,0,0,0,20250403
202503,수인선,어천,0,0,282,92,1954,1585,5296,3902,5000,3908,3907,1770,2987,1608,2907,1816,2944,1956,2712,2552,2144,2313,3285,2607,4701,3840,3565,3738,4423,5326,1741,3565,1327,2150,700,2323,521,1685,222,864,2,166,0,0,0,0,0,0,20250403
202503,수인선,연수,8,1,2832,803,7033,2431,15615,5068,14078,11800,7576,7573,6733,7037,7160,6382,7908,7567,7885,7631,8271,7486,8963,8182,8904,10901,9503,15127,11528,16312,6411,10469,5778,7326,5478,6519,4380,4480,2329,3103,35,708,0,0,0,0,0,0,20250403
202503,수인선,오목천,11,1,1292,388,6578,1992,15171,5623,14763,16620,9171,8282,7250,5435,6711,4841,8836,5526,8005,6780,6882,4846,9758,6263,13596,8580,14433,8034,11556,14757,5285,9072,3424,5693,3425,4853,2568,5775,914,3373,17,356,0,0,0,0,0,0,20250403
202503,수인선,원인재,70,2,3690,719,7160,2500,14563,5789,16474,8574,9566,4907,7927,5028,7834,5400,7650,5944,7434,6189,6502,6898,7053,8780,7244,10566,8168,13365,8265,17094,5023,11358,4191,8156,3804,7611,2888,6409,1606,4485,81,1010,0,0,0,0,0,0,20250403
202503,수인선,월곶,1,0,1708,400,4930,1518,12443,1751,11933,3120,6670,3240,5001,5116,4829,4953,4738,4727,4330,4177,4380,4301,4549,5279,5456,6776,5410,8149,6911,10834,3586,5999,2198,4369,1861,4496,1308,3529,521,1997,1,353,0,0,0,0,0,0,20250403
202503,수인선,인천,97,1,622,323,1123,1063,2023,2596,1967,4420,1794,2522,1771,3047,1799,4832,2257,4982,2447,4537,2733,4387,3946,3912,3363,3704,3013,3511,2881,3763,1618,2638,1127,1921,875,1493,437,1256,138,841,4,262,0,0,0,0,0,0,20250403
202503,수인선,인천논현,4,1,2635,778,6385,4625,16063,8285,14805,13359,10064,9023,8395,7053,9227,7712,9623,8614,8664,9198,8590,9495,9584,10347,10029,13678,12098,17314,11492,19855,7384,12240,7073,8318,6816,6897,5048,5112,2363,3970,3,689,0,0,0,0,0,0,20250403
202503,수인선,인하대,31,0,4490,604,12512,2659,26407,5736,21856,23125,10278,13534,9708,16637,11279,10459,12446,11612,12673,11710,13339,11592,15847,11339,19868,14714,20242,19998,16289,27120,9431,14868,8844,10698,8468,9651,6403,7007,3963,5227,96,1362,0,0,0,0,0,0,20250403
202503,수인선,호구포,6,0,1909,710,3458,6536,7655,18273,8003,20409,5580,4536,4987,2927,4959,3484,5590,4224,5021,4092,4917,4241,5099,4522,6114,5925,16505,7084,16068,7999,5411,6360,5533,4715,3925,4018,1791,3013,980,2494,5,573,0,0,0,0,0,0,20250403
202503,신림선,관악산(서울대),3,2,884,636,1972,1485,6589,4622,6820,13048,4194,15905,4286,13344,4785,7014,6580,6331,8708,6752,8993,5339,11043,4152,11328,3667,9866,3666,8391,4784,3299,3968,2213,2817,1745,2546,1286,2460,595,1687,163,842,0,62,0,0,0,0,20250403
202503,신림선,당곡,2,0,2109,278,4601,1166,14047,4973,19511,9338,12842,6483,8284,5572,8031,5317,8294,6043,8234,6264,7604,7268,7638,8886,8082,9362,10072,12278,10580,17135,5795,13602,4821,8713,3408,7840,2327,6934,949,3992,191,1422,0,1,0,0,0,0,20250403
202503,신림선,대방,81,0,1760,302,2469,1533,7956,3429,11403,5615,7281,3409,5156,3184,5382,3070,5780,3302,5899,3928,5629,3696,5456,3896,5739,4779,6629,6046,6251,8346,3940,5539,3315,4234,2689,4063,2161,3662,1012,2468,209,778,1,53,0,0,0,0,20250403
202503,신림선,보라매,1,0,1869,384,3608,2178,11054,7580,14384,13351,8660,5910,6034,4388,6021,4484,6426,4873,6691,5214,7115,4790,8155,5817,8656,6553,9752,9399,13467,13735,5748,9982,5194,6330,4599,5721,3245,4788,1456,3024,285,921,0,1,0,0,0,0,20250403
202503,신림선,보라매공원,1,0,596,487,1926,1406,6244,5489,7465,8701,4461,3571,3672,2583,3592,2661,3747,3033,3841,3802,3696,3960,4522,4481,5177,4351,5266,5306,6256,7228,2540,5328,1956,3303,1347,2982,1019,2710,287,1389,77,503,0,0,0,0,0,0,20250403
202503,신림선,보라매병원,11,0,1016,587,2354,5685,8524,24909,8965,50206,10317,23300,10385,13583,11898,10237,11732,10919,11156,12736,13563,11646,16146,9766,16452,8534,29995,9893,33752,11816,11587,8821,8755,5145,6362,4459,4373,3345,1244,1503,159,497,0,1,0,0,0,0,20250403
202503,신림선,샛강,1,0,423,812,817,2468,1791,13827,2999,27277,2342,9879,1987,4505,2285,3826,2467,3426,2796,4353,3577,3644,4605,3643,5267,3726,11549,4158,18546,4615,6846,2613,5179,1846,4524,1309,3187,988,1323,634,419,345,0,60,0,0,0,0,20250403
202503,신림선,서울대벤처타운,26,0,6442,353,11121,2997,34516,6413,44396,9033,27469,8385,19425,7631,17456,8930,18479,10461,18057,11368,15497,12126,14516,16336,15714,20726,15741,24865,15182,35776,9011,30905,6627,18691,5336,18448,5168,17154,1898,12553,440,4808,2,1,0,0,0,0,20250403
202503,신림선,서울지방병무청,0,0,1247,418,3383,1324,10524,4754,13848,6053,8354,3795,7265,3288,6213,3413,5627,5000,5127,5233,4809,5444,6033,6792,6109,7548,5387,9562,4851,12275,2674,8916,1946,6336,1775,5667,1392,5238,372,3321,71,993,1,1,0,0,0,0,20250403
202503,신림선,서원,0,0,2529,423,4703,845,14715,1328,19040,2379,12153,2447,7652,2277,6253,2497,6400,3268,5977,3478,5171,4059,4351,5563,4543,6533,4187,8285,3890,12925,2709,11474,1749,7369,1487,7758,1130,6911,429,4401,86,1532,1,1,0,0,0,0,20250403
202503,신림선,신림,1,0,949,360,1479,857,4857,1804,7339,3031,4610,3169,3669,3500,3796,3539,4105,4170,3852,4609,4274,4713,4228,6132,4177,5873,4320,7805,4849,10894,3921,7491,2880,4519,2556,3683,1935,3416,1062,1789,425,763,0,0,0,0,0,0,20250403
202503,안산선,고잔,257,1,5556,805,16592,5248,30045,13067,24422,27218,16879,16338,15211,12169,15182,10646,14360,11424,13665,13087,13651,12250,15908,12881,16952,14151,21661,20179,21815,25860,9230,21033,7328,12989,7210,11463,4729,9853,2057,8083,157,3010,0,0,0,0,0,0,20250403
202503,안산선,대야미,23,3,3104,920,8159,2799,18694,4728,21801,7579,11639,4163,9119,4615,8215,4653,8131,5326,8053,5584,7225,6047,7439,8699,8293,10510,8891,11684,9707,15994,4874,12241,3714,8911,2221,7256,1426,8006,874,4144,134,945,0,0,0,0,0,0,20250403
202503,안산선,반월,8,1,3980,917,8832,2451,18063,4493,17440,7985,10769,3978,8282,3948,7617,4461,8057,4813,6952,5080,6331,5883,6111,7475,7163,10185,8006,12178,7303,15454,3468,12640,3011,9164,1695,7465,1411,7305,503,4038,88,864,0,0,0,0,0,0,20250403
202503,안산선,산본,688,5,10118,1669,24802,6350,56566,15221,54156,30250,30212,23641,25860,21577,24803,22575,26225,25131,25718,26992,25704,26629,28026,30749,29766,35979,29393,43927,32310,66467,21247,55116,18009,31333,17114,26084,12989,21612,4790,13079,551,4449,0,0,0,0,0,0,20250403
202503,안산선,상록수,543,17,14136,2430,29377,8469,64861,13019,60221,24555,35692,20576,28661,16856,25130,15061,25647,16001,23919,17943,20062,19501,22422,24258,27689,30141,28873,43459,24428,63492,15343,50408,11655,37712,8979,30841,6452,25511,2783,17123,394,5123,0,0,0,0,0,0,20250403
202503,안산선,수리산,24,0,3605,573,9604,1612,18582,4494,17929,7537,10655,3341,7986,3896,7714,3139,6451,3293,6059,3789,4928,4389,6310,5562,5486,6880,5217,8883,4775,12728,2675,10205,1989,7054,1298,5407,858,5603,351,3059,66,905,0,0,0,0,0,0,20250403
202503,안산선,신길온천,38,0,3197,135,5062,1923,9402,3738,7231,2477,5321,1580,4069,1553,3439,1911,3459,2151,2902,2184,2707,2836,2918,3198,3860,3843,5115,5674,4228,7471,2034,5870,1253,4065,865,3803,576,2775,181,2146,28,576,0,0,0,0,0,0,20250403
202503,안산선,안산,2019,16,10683,1338,13029,14637,24450,38686,25476,29396,21807,15621,18418,13135,17291,15614,17942,16319,18763,16665,19358,17846,20139,19425,25510,20787,41888,28423,40729,29118,21400,22391,17817,17084,10587,14684,4684,10969,1510,6795,130,2825,0,0,0,0,0,0,20250403
202503,안산선,오이도,175,0,5880,547,15038,5981,32924,11091,26193,12307,17234,7406,13931,8319,12453,10685,12354,11781,10963,10843,10554,12393,12700,14075,14932,18470,17463,21693,16027,27626,9607,22563,7445,14394,5795,12881,3964,11922,1269,8231,8,3810,0,0,0,0,0,0,20250403
202503,안산선,정왕,298,6,8354,948,12602,11970,22687,23116,21380,36440,17221,28451,14259,18696,14865,13853,16123,15262,16507,15150,15924,14603,22073,14875,27139,16166,34185,20637,35091,25639,16943,19324,13265,15078,9971,14172,6366,11741,1998,8016,90,2452,0,0,0,0,0,0,20250403
202503,안산선,중앙,256,25,10602,1286,30874,11024,58048,18340,49234,40000,31456,33829,27632,23292,29956,22511,31863,27205,29327,30730,28085,29527,30822,32227,36359,39815,40264,53714,40625,71879,27393,57295,26185,36949,27296,30747,21863,25319,9034,19562,844,6230,0,0,0,0,0,0,20250403
202503,안산선,초지,310,3,4255,322,11892,4490,22576,9720,18133,13614,11368,7964,8431,5287,7831,4923,8750,5484,7229,5574,6121,6145,7175,7294,8935,8811,10779,13026,11378,17781,5216,16091,3846,10610,3292,9201,1664,7889,609,5917,53,2193,0,0,0,0,0,0,20250403
202503,안산선,한대앞,139,6,7928,976,17234,4307,32684,9032,27206,29892,20094,18345,16981,18534,16878,11194,17540,14602,16891,13095,17255,14368,17990,15383,22325,19749,23536,26149,20509,35056,11549,27114,9887,18594,9948,16814,7142,13854,2786,9352,244,2881,0,0,0,0,0,0,20250403
202503,우이신설선,4.19민주묘지,2,0,1549,396,3192,1146,8817,2301,10215,15434,7239,6056,6444,8388,7102,14098,7588,6802,8272,6791,8985,6892,8605,6162,12958,6395,12932,6823,7416,8098,4895,7882,3571,5126,2737,4473,1658,3963,678,2804,192,683,0,0,0,0,0,0,20250403
202503,우이신설선,가오리,7,0,2498,445,6032,1433,17470,2896,17462,6402,11961,5064,9214,4721,8897,5204,8748,5708,8250,6783,6666,7033,6824,9205,6549,10667,6365,11152,5072,14526,3704,13275,2533,8142,1803,7349,1272,6126,504,3578,169,1031,0,0,0,0,0,0,20250403
202503,우이신설선,보문,16,0,582,148,1014,1467,2566,3596,4702,5415,3538,3871,2902,2979,3162,2739,3029,2944,3563,2993,3318,2950,3865,3487,4723,3624,4087,3773,4213,4523,2764,3317,2339,2358,2086,2086,1473,1694,702,1164,185,323,0,1,0,0,0,0,20250403
202503,우이신설선,북한산보국문,7,2,2322,560,7427,2067,19366,6389,22258,12833,16510,8599,12894,7982,11885,7792,12312,7564,11988,8372,11258,9163,11480,10967,13625,12841,14536,15348,13550,19932,6621,17030,4943,12710,4328,11491,3177,10113,1696,6676,549,1571,0,0,0,0,0,0,20250403
202503,우이신설선,북한산우이,16,1,1921,549,3398,1575,9615,2567,9755,6793,6683,9610,5259,9722,5831,8056,7388,6648,7850,5174,8654,4812,7997,4861,7134,4993,5661,5515,4641,6762,2772,5401,2204,3653,1546,3294,868,2953,520,1720,144,741,1,33,0,0,0,0,20250403
202503,우이신설선,삼양,1,0,1168,364,3214,935,8384,1807,9285,3679,6478,2931,5249,3196,5149,3188,5143,3757,4631,4269,4270,4384,3931,6122,3667,6287,3649,6610,3257,7660,2259,6863,1610,4442,1178,4159,736,3413,316,1990,67,537,1,0,0,0,0,0,20250403
202503,우이신설선,삼양사거리,0,0,1388,399,2902,1785,7551,2336,9538,4782,6515,3717,5560,3302,5186,4056,5665,4342,5631,4757,4594,4902,4435,6580,4675,6518,4308,6356,4345,7317,2977,6699,2065,3974,1522,3284,931,2597,447,1505,85,450,0,0,0,0,0,0,20250403
202503,우이신설선,성신여대입구(돈암),0,0,588,591,1383,1475,3518,4648,7082,10000,5401,7685,5072,6875,6149,7628,6669,7505,7239,8284,7284,8117,7742,8770,8524,9396,9004,10843,10023,13584,7394,8247,7128,5097,7736,4378,7005,3342,3073,1925,777,635,0,0,0,0,0,0,20250403
202503,우이신설선,솔밭공원,10,0,1917,262,4155,1009,11176,1772,11228,3127,7432,2728,5577,2685,5143,2931,5150,3457,4655,4241,4174,4518,4598,5150,4344,5856,3492,6047,2931,8366,1736,7677,1308,5169,962,4620,715,3728,306,2438,70,628,0,3,0,0,0,0,20250403
202503,우이신설선,솔샘,2,1,3150,415,11523,1503,30536,3618,29950,4636,17964,3095,12273,3444,10690,4210,10570,5571,9357,6362,7613,7366,7368,10328,7029,12957,6404,15240,5238,24119,3570,21888,2429,13366,1799,12054,1376,10836,653,6106,150,1917,0,0,0,0,0,0,20250403
202503,우이신설선,신설동,53,0,1102,957,962,3106,1882,6629,2825,12699,2157,8803,2361,5601,3105,4486,3462,4628,4118,4753,4880,3170,6686,2790,6814,2966,8409,2208,10798,2458,5676,1639,3997,1296,3272,1118,2537,1101,935,590,254,494,2,121,0,1,0,0,20250403
202503,우이신설선,정릉,2,0,1936,502,5480,1675,13852,3596,17122,7624,14002,5066,11021,4874,10354,5540,10689,6049,9710,6681,8518,7090,8562,9316,8917,11042,9092,12144,8900,16171,4775,12954,3370,8695,2892,7735,2256,6219,1114,3361,357,880,0,0,0,0,0,0,20250403
202503,우이신설선,화계,2,0,1899,633,4616,1565,12418,2631,15075,5911,9775,5807,7924,5305,7935,5413,8805,5907,7684,6103,6515,5938,6640,6875,6544,7515,5322,8145,4813,10950,3506,9742,2186,6271,1550,5298,1047,4862,521,2703,185,917,0,0,0,0,0,0,20250403
202503,일산선,대곡,238,2,2474,1832,8210,8070,24376,23500,25131,28188,14796,18471,10648,12829,10935,12359,11018,12855,11932,11873,12379,11566,13748,11999,18970,14743,26306,17576,33684,23578,23628,16941,14202,10104,13428,9736,10945,9462,6791,8092,1225,2480,0,0,0,0,0,0,20250403
202503,일산선,대화,184,2,7600,1369,24466,4597,50878,13335,38607,18373,27031,14436,21957,13502,20536,13066,19068,15852,18571,16560,18091,16837,18549,20810,21130,20239,21400,29239,18113,32695,9865,30341,7725,18740,8276,15975,19759,14390,6214,9072,186,3039,0,0,0,0,0,0,20250403
202503,일산선,마두,22,0,3877,1720,11004,4645,19304,8291,19560,22018,14758,14968,15557,11936,15226,11551,14786,10547,13774,14372,15031,13955,16367,14294,17155,16127,18718,17977,18196,19976,7574,18546,5421,11010,4885,10238,3799,9306,1122,6003,142,1334,0,0,0,0,0,0,20250403
202503,일산선,백석,66,1,4658,2123,10656,6981,22952,12728,25914,27185,19025,16164,17326,15042,17689,14140,18496,16310,18052,17366,18493,17715,20799,19042,21096,21715,24749,24650,24814,29728,13542,26602,11197,15608,10693,14019,7257,12088,3061,7835,331,1835,0,0,0,0,0,0,20250403
202503,일산선,삼송,620,4,8651,1196,31674,6697,83461,16496,81011,30485,44834,20792,34495,17732,28916,19379,30749,23489,28485,25865,25377,27264,26575,33847,31484,38341,34618,51328,34031,75197,20811,62843,15858,38696,13452,36925,13828,28477,3586,15255,568,3431,0,0,0,0,0,0,20250403
202503,일산선,원당,244,0,8876,785,21390,6058,48761,7716,49566,13677,30617,9930,24065,9631,20895,11902,21388,13182,19262,13375,16699,16584,16747,19665,17558,25321,17640,30843,16832,43030,8400,36925,6259,25712,5118,22377,2982,19303,1103,11789,120,1870,0,0,0,0,0,0,20250403
202503,일산선,원흥,233,7,6747,461,17922,3927,48423,7220,51414,14792,29479,10690,21646,8601,19620,9328,19330,11513,17811,13381,15465,15083,14892,18570,15326,22678,17048,30676,17741,40176,9207,39323,7556,24172,6060,22779,4477,19894,2150,11906,312,2591,0,0,0,0,0,0,20250403
202503,일산선,정발산,74,3,2468,832,5294,3305,8973,5998,10698,20996,8905,21298,9532,15481,11671,14185,12006,13439,14270,16042,15937,14517,17215,13833,17759,14816,20531,16637,25737,18008,12890,14739,13243,8273,10357,6801,6559,5509,2335,3885,194,957,0,0,0,0,0,0,20250403
202503,일산선,주엽,135,4,5955,1207,17702,3267,26361,7122,27568,14810,20630,12631,18985,12175,19418,13041,18289,14424,17985,17722,16802,15847,17918,20058,17780,21287,16450,25702,14838,27528,7987,25733,6779,16139,5103,13821,4467,11479,1039,7584,155,2066,3,0,0,0,0,0,20250403
202503,일산선,지축,0,0,0,0,0,0,0,0,4,0,2,0,2,0,3,0,2,0,0,0,0,0,0,0,3,0,6,0,5,0,1,0,1,0,0,0,2,0,0,0,0,0,0,0,0,0,0,0,20250403
202503,일산선,화정,166,3,11722,1524,24824,5743,55396,12880,54566,35276,35208,24970,31299,22913,29084,23810,31278,25368,32582,26743,29783,29941,31005,36009,33726,39755,34275,49106,31195,61660,18280,52029,16664,33139,16212,29582,13274,26251,4975,14992,615,3137,0,0,0,0,0,0,20250403
202503,장항선,배방,34,0,1289,341,1881,745,3658,1345,4303,2630,3224,1432,2542,1424,2480,1884,2506,1851,2385,2344,2629,2008,2457,2137,2417,3877,2555,4431,2681,4592,1783,3320,1282,2431,1148,2382,980,1799,654,1504,53,232,0,0,0,0,0,0,20250403
202503,장항선,봉명,20,0,1362,429,1671,935,2437,4705,3347,4641,2683,3602,3059,2767,2872,1854,2667,1943,2497,2631,2755,2116,3087,2088,3476,1929,3712,2921,2123,2658,1215,1763,1055,1410,790,1166,502,1300,666,857,14,256,0,0,0,0,0,0,20250403
202503,장항선,신창(순천향대),320,1,605,68,1645,556,2850,3647,2214,13053,2421,7575,3555,7601,4010,5254,4534,5339,6562,4120,7640,3387,6626,2814,11600,3338,7804,2598,9767,4505,3265,3290,2608,3501,3084,3355,1165,3051,1096,1930,12,587,0,0,0,0,0,0,20250403
202503,장항선,쌍용(나사렛대),104,2,2930,370,4323,672,7480,1758,9399,8673,5509,6113,4932,4689,4978,4659,5096,7454,5783,4865,5383,3470,6980,5331,7155,5978,7085,7404,6658,8042,3564,5817,2497,4433,1898,4463,1608,3469,904,2946,78,714,0,0,0,0,0,0,20250403
202503,장항선,아산,55,0,1111,1286,2704,4493,7748,6578,10769,11016,5907,9536,5986,8205,7254,7478,8226,7973,8158,8290,9553,6050,12054,7278,11034,7941,10386,10177,14362,10737,10660,6616,6582,5713,7726,4437,6680,2720,3636,1929,150,539,0,0,0,0,0,0,20250403
202503,장항선,온양온천,579,1,1665,531,4763,2736,10193,6171,12326,8464,10977,9908,10729,12751,11084,16759,13097,13413,15348,12077,15934,8402,14462,9832,12317,11886,8897,13134,10067,11699,4593,8749,3384,7383,2663,6385,1849,4482,1161,3359,17,905,0,0,0,0,0,0,20250403
202503,장항선,탕정,56,2,1121,242,2148,1016,4879,2162,5272,5190,3351,2847,3016,2265,2991,2558,3353,2751,4101,3284,3934,2420,4496,2647,3998,5018,4628,5709,4920,5953,3702,3779,2486,3236,2439,2722,2604,2331,1192,1985,58,323,0,0,0,0,0,0,20250403
202503,중앙선,구리,956,5,5568,1221,11854,3714,30172,6683,28944,14243,15923,11272,14212,11101,13250,10520,14131,11447,13367,12900,12618,12550,13651,16289,14408,18508,15354,23131,14550,33127,9395,26252,8408,15281,5093,12987,4378,11224,1273,7956,49,1467,0,0,0,0,0,0,20250403
202503,중앙선,국수,2,0,781,9,1005,227,2166,539,2071,1596,2010,1066,1458,784,1334,1319,1304,1095,1438,1163,1180,1009,2414,1575,1990,1606,1136,1821,804,1825,458,1389,333,1293,201,1241,164,1188,38,633,3,85,0,0,0,0,0,0,20250403
202503,중앙선,덕소,1513,9,3312,752,10098,2202,24602,4102,20893,5460,14096,5696,12241,4925,10885,4595,9065,6195,9158,7444,7680,7660,7672,11594,8339,12428,8043,14903,6452,21948,3854,18837,3363,10049,2514,11027,2173,8856,698,6714,3,1702,0,0,0,0,0,0,20250403
202503,중앙선,도농,849,2,8404,733,19353,2790,48954,7203,40822,12785,22849,7945,19343,7495,17687,7557,15864,8200,14487,10809,11483,11669,11522,16686,15186,19796,15312,23653,12251,38777,6494,33553,4844,18552,4000,16998,2959,14615,926,10935,28,2039,3,2,0,0,0,0,20250403
202503,중앙선,도심,1,0,1809,221,6179,1054,14768,2109,9495,4791,6615,1801,5137,1474,3841,1541,3974,2180,3420,2157,2998,1825,2943,4321,4065,2883,3596,5456,2830,7836,1407,7117,1118,3513,1031,3994,719,4168,275,2085,0,0,0,0,0,0,0,0,20250403
202503,중앙선,망우,255,4,8103,667,11280,3139,31970,5210,26062,13927,16620,9226,13132,8866,12960,9680,14615,10771,13212,10550,12105,12506,12437,15421,13623,16782,12806,21238,12772,27902,8623,22668,5327,13181,4435,10738,3071,9515,1142,6281,23,577,0,0,0,0,0,0,20250403
202503,중앙선,상봉,542,5,6172,825,8325,2984,21922,4624,23383,7524,13527,5378,9234,5983,8852,6817,10397,8287,8839,7841,8511,8823,9459,10084,8604,11464,9463,15587,9526,23553,6623,19586,5331,11468,4948,9718,2879,9639,1462,5491,102,1157,0,0,0,0,0,0,20250403
202503,중앙선,신원,1,0,303,142,452,337,683,503,586,574,568,717,428,791,616,704,409,344,498,350,505,309,676,403,679,349,608,547,615,379,191,282,139,294,113,273,146,209,99,202,2,27,0,0,0,0,0,0,20250403
202503,중앙선,아신,0,0,508,29,776,170,1749,383,1584,900,1287,872,1541,915,1053,1158,1008,695,963,954,940,856,1166,849,1438,1676,1026,1467,723,1546,478,938,295,1019,203,1033,141,804,22,352,3,140,0,0,0,0,0,0,20250403
202503,중앙선,양수,5,1,1065,165,2086,710,6518,1896,4936,3054,4741,3314,3802,3499,3695,3492,3271,3321,4036,4140,3837,3271,5661,3722,5217,4161,3972,5184,3161,4437,1506,4867,1342,3035,917,3099,378,2008,176,1757,0,260,0,0,0,0,0,0,20250403
202503,중앙선,양원,90,0,2796,406,4635,1729,12754,10915,11089,6469,6646,3236,5124,3356,4526,3238,5246,3277,4786,3650,4826,3476,7019,4575,8186,5518,5475,7301,4301,10408,2952,9834,1888,5182,1423,4544,1078,3986,395,2658,3,190,0,0,0,0,0,0,20250403
202503,중앙선,양정,171,1,209,48,620,738,1317,1414,1184,1866,881,986,762,853,745,564,772,610,908,712,1055,548,1185,794,1441,680,1798,838,1929,1190,582,720,270,344,302,496,115,353,41,236,3,57,0,0,0,0,0,0,20250403
202503,중앙선,양평,115,3,2145,43,4375,1078,11035,4463,7243,6019,5902,4219,7798,4933,6012,7352,6135,6991,7066,4776,7239,7504,7154,5786,7799,6965,7200,10915,5622,10184,3282,5133,3092,7065,2612,3795,1706,4448,212,3733,73,1192,0,0,0,0,0,0,20250403
202503,중앙선,오빈,1,0,277,25,453,324,1133,334,1027,387,932,368,879,439,668,575,575,514,567,431,490,559,567,541,634,789,573,1057,372,1249,233,436,131,495,63,574,59,429,4,161,1,42,0,0,0,0,0,0,20250403
202503,중앙선,용문,415,0,1124,9,2472,385,4333,1647,4878,3734,4018,2319,4425,3967,3763,7481,4906,5436,6475,6961,7410,4980,7769,2387,6165,6137,5457,5619,2615,4277,1807,3047,721,3482,683,2162,287,2126,1,1449,0,701,0,0,0,0,0,0,20250403
202503,중앙선,운길산,1,0,285,88,444,334,1706,624,1574,973,1128,2166,1128,3214,1049,2829,1221,1702,1765,1567,2392,1394,3156,1468,2529,1119,2196,1203,1456,1361,769,942,546,638,338,798,224,601,129,407,2,8,0,0,0,0,0,0,20250403
202503,중앙선,원덕,67,1,272,13,513,107,919,268,1040,494,1093,632,988,1112,741,847,798,654,767,677,946,671,970,753,1040,847,699,1162,439,879,239,542,143,504,90,530,13,402,4,272,2,88,0,0,0,0,0,0,20250403
202503,중앙선,중랑,133,0,5855,638,9134,2028,21122,3386,22305,6645,16103,5496,9971,5130,9626,5192,9807,5899,9167,7727,7974,7537,7623,10932,7596,12586,7800,15961,7998,22020,5266,16313,3872,10565,3021,9229,2127,8364,1023,4883,14,368,0,0,0,0,0,0,20250403
202503,중앙선,지평,0,0,0,0,0,0,215,259,30,89,70,2,461,516,1,0,0,0,81,0,365,445,1,0,0,0,186,216,31,99,169,238,0,3,29,123,1,3,0,0,0,0,0,0,0,0,0,0,20250403
202503,중앙선,팔당,0,0,189,79,496,414,1169,1724,1048,2884,1074,2880,1132,3024,1004,2319,1211,2069,1390,1582,1891,1528,2541,1758,2770,1376,2739,1406,2505,1413,1753,986,1363,521,1091,378,663,319,136,161,1,1,0,0,0,0,0,0,20250403
202503,중앙선,회기,737,12,12179,3574,21576,13397,58601,31602,76639,68904,52606,53948,40704,44114,43147,40697,48837,38707,49646,43007,51020,39262,58449,40723,69198,48233,74566,62444,62975,83602,38205,63533,34584,44371,37177,43896,32459,46241,15515,29616,769,6161,0,6,0,0,0,0,20250403
202502,1호선,동대문,578,9,9495,1624,7824,5414,12542,9392,18566,17345,17600,19239,15459,19875,16274,23969,20303,23565,23176,23096,24857,22556,26267,21731,26981,20634,24789,19958,23237,20383,16770,18443,14047,13151,12113,12382,9338,11983,4792,8325,799,2433,1,223,0,0,0,0,20250303
202502,1호선,동묘앞,134,3,2148,716,3171,4046,7739,7182,12325,13894,9845,14782,10303,19122,14913,27818,20822,31424,27357,34553,31838,31181,33926,26015,33643,18908,27941,13904,19310,11699,9164,8728,5232,5980,4484,6105,3211,5622,1255,3793,120,1517,1,207,0,0,0,0,20250303
202502,1호선,서울역,587,54,8095,7283,22011,47821,71085,111528,119083,233868,94584,152230,84901,85218,102298,82794,115097,92799,109127,90322,95089,85159,118760,95891,131583,104583,201824,123994,240781,144802,130836,101179,93425,71725,96326,64305,60849,45557,30226,23594,3738,6137,10,165,0,1,0,0,20250303
202502,1호선,시청,118,0,1599,4243,3071,22889,6368,68186,9051,191547,10999,85107,13447,42327,18844,42591,20593,41838,28762,48818,37318,40985,54812,29943,70702,24576,97223,25438,158350,22131,63896,11522,51906,8153,43781,6954,26386,4898,8776,3061,516,755,0,9,0,0,0,0,20250303
202502,1호선,신설동,329,14,7905,1925,8253,7009,19030,21732,30107,49851,18301,29711,16067,20103,17683,17965,21358,17530,22663,19265,21839,18059,22888,19405,27272,20556,38339,22347,50276,29282,19118,21404,13404,14725,11391,13600,7590,11598,3355,7506,406,2112,0,0,0,0,0,0,20250303
202502,1호선,제기동,267,0,4585,2038,7775,8222,19653,18456,29314,34910,19588,27023,20081,30118,26057,40484,32801,44462,36162,46341,41253,42966,45920,34549,45526,30605,41981,25071,36492,25531,18792,17379,12738,11284,8271,10494,5196,8824,2275,5310,205,1272,4,0,0,0,0,0,20250303
202502,1호선,종각,122,2,3547,5593,3485,31295,5577,109649,9018,263977,11609,142544,16473,57461,25938,56976,31357,51629,40293,54005,52807,44747,66184,38367,86193,39617,152841,44702,219914,45708,97328,22693,82004,11867,81549,8594,57759,6006,24288,3918,1779,1047,0,0,0,0,0,0,20250303
202502,1호선,종로3가,108,7,2804,2329,3115,10133,4404,23736,7467,61192,11241,58490,17583,50662,27672,62718,40453,63481,45989,58945,55426,51359,65801,43748,71869,40948,83378,38041,90091,37123,52900,18178,43790,10109,43828,7667,32713,6075,13929,3711,1355,1641,0,14,0,0,0,0,20250303
202502,1호선,종로5가,28,1,1654,3172,2557,13681,4805,37192,8800,86179,11855,59565,20028,50611,29896,54709,37991,50748,45413,49812,54223,45903,58036,39002,64207,36477,83596,32348,88044,29087,47161,16505,33930,9180,30234,6543,17194,4903,5306,3073,310,769,0,1,0,0,0,0,20250303
202502,1호선,청량리(서울시립대입구),822,6,9193,2704,15817,8564,44622,13911,54954,34378,33655,29637,28786,33049,34912,42438,40813,43969,44872,47082,48094,48074,52012,44532,51733,45699,48175,45464,43298,55979,24655,37259,19153,23131,14727,21011,9308,17643,3810,10801,271,3244,0,0,0,1,0,0,20250303
202502,2호선,강남,152,8,7206,10034,16127,50221,37746,144505,60304,299674,50029,321010,52842,158870,70244,105738,86247,103989,104263,121540,115275,109274,140463,100164,165423,107616,243023,138951,314437,178422,215693,105784,165169,56836,180212,44751,154862,35967,72837,20904,12047,5704,0,1,0,0,0,0,20250303
202502,2호선,강변(동서울터미널),19,1,7978,1464,19756,16598,60188,17976,95651,35631,71908,30416,57679,29464,50736,29198,47149,33549,44054,37108,40849,41011,41897,47549,44444,52359,47710,63861,49660,87982,32642,63413,25001,44203,20708,33660,12837,30028,5037,16063,743,4326,0,40,0,0,0,0,20250303
202502,2호선,건대입구,225,3,12508,1648,19149,12915,47215,21076,83284,51449,58458,43961,36549,38923,34797,43120,40774,49553,45026,55413,47170,56182,51614,63005,59985,72892,70464,99075,81684,141650,62181,99023,63524,60605,68532,54429,69229,46806,41555,27359,6689,9883,8,923,0,0,0,0,20250303
202502,2호선,교대(법원.검찰청),21,0,2421,5860,9587,23640,21821,50458,34440,149895,26715,125670,24386,68179,29157,57877,33338,52665,41601,55737,48176,47065,51360,43338,56795,45459,92312,60629,130055,68812,61065,39994,50564,24204,49657,21513,36540,20125,14973,10388,2986,3044,0,1,0,0,0,0,20250303
202502,2호선,구로디지털단지,228,11,33718,4098,47533,18431,128934,77478,173819,220003,105834,132504,64607,55548,58588,43307,66592,48344,66874,61334,61068,58704,65807,63770,78360,77177,130951,103997,199787,154047,97918,126222,61226,82021,50167,78498,38610,74514,18183,42399,3377,13008,2,47,0,0,0,0,20250303
202502,2호선,구의(광진구청),33,2,11794,1113,23606,19613,62686,15932,109576,38581,67851,21701,36519,19588,30554,20115,31902,23156,32245,26197,29505,28811,31038,34877,38054,40901,40576,56555,43558,93810,24483,67601,18608,44962,16765,41678,14531,37445,7730,20635,1348,6854,1,78,0,0,0,0,20250303
202502,2호선,낙성대(강감찬),41,0,10036,1811,23567,7939,76815,14526,117287,37132,76944,30764,42055,24238,35334,22305,37852,25669,38693,27543,34027,30133,32618,35726,35870,41639,42037,56759,48293,95688,26834,82102,21270,53193,19378,49249,15043,47277,7827,28124,1292,7804,1,67,0,0,0,0,20250303
202502,2호선,당산,35,7,7099,3309,16822,12628,43020,24200,53698,72743,31815,29334,22759,15729,22228,15583,23417,17886,23491,20496,21637,20260,22218,23548,27430,29423,39078,45423,55343,70574,23795,48087,19331,32246,18429,30489,15210,27558,7833,17135,1385,4123,3,37,0,0,0,0,20250303
202502,2호선,대림(구로구청),461,9,29808,2573,26852,9086,59375,19174,88136,46994,57516,31552,36867,29523,32385,32146,34435,30454,34359,31793,32362,31989,32166,39169,34680,45705,40456,55227,46872,64275,23634,48609,16945,37194,13269,44157,9749,40635,4811,19935,705,5345,3,114,0,0,0,0,20250303
202502,2호선,도림천,2,1,329,295,1155,854,3278,2812,3553,5355,2150,2183,2104,1440,1436,1311,2295,1974,1941,1560,2068,1722,1924,1587,2583,2070,2999,2445,3419,3416,1854,2819,899,1960,929,1597,459,1156,168,940,32,311,1,6,1,0,0,0,20250303
202502,2호선,동대문역사문화공원(DDP),193,37,4411,946,3575,7841,5551,16432,11362,40332,13171,29961,14589,28707,16603,28746,19837,28595,21836,29005,25587,29649,29958,27839,34646,26991,44206,28302,46264,33664,30589,29510,23389,20791,21363,16295,16975,13657,8107,8082,1620,2667,0,63,0,0,0,0,20250303
202502,2호선,뚝섬,4,1,2737,2112,7994,15574,16634,38168,25128,137431,15674,95894,14376,43973,16490,35076,21306,36142,26108,38168,31616,34036,38390,32837,48910,33669,80522,38439,133767,45913,68875,27220,47107,14706,40033,12294,24692,10940,9828,6838,1420,2251,1,31,0,0,0,0,20250303
202502,2호선,문래,9,2,4066,2341,13557,9680,41228,38114,48062,135434,25966,63890,19635,27149,19757,23448,24332,26213,26103,27946,26611,26390,29128,27916,35703,31946,65431,41194,115139,62156,42376,42171,30498,22028,31176,19649,26885,17105,12280,9647,2116,3258,0,46,0,0,0,0,20250303
202502,2호선,방배,1,0,2124,3073,7841,11410,19466,23946,28517,64422,21912,42440,17070,23531,18101,18689,20793,20535,22452,21208,23001,19940,24830,20510,30743,21645,41733,27657,56910,33837,25834,23817,19594,15529,18066,14507,13824,14434,5659,7906,1172,2432,0,0,0,0,0,0,20250303
202502,2호선,봉천,75,2,13048,1138,24961,5382,77457,10561,116585,26240,70776,20666,38682,18960,32019,21531,35268,23817,34599,26012,31010,29036,29869,36195,29619,42052,31418,54238,32324,86775,19796,72094,15803,44566,13831,42161,10735,37914,4642,21578,900,7508,2,252,0,0,0,0,20250303
202502,2호선,사당,113,4,11609,3844,27367,30892,75781,40985,99255,65334,72308,48842,47561,42042,44810,54780,50916,55513,55491,52621,60689,52784,62135,62363,63508,83928,78167,125534,99114,174728,67788,118411,64887,71522,71135,63723,66445,56567,36223,33714,5973,10225,4,507,0,0,0,0,20250303
202502,2호선,삼성(무역센터),105,0,4251,5400,6003,44703,13135,135520,18337,316625,18986,240384,22014,119692,33680,81271,43983,73152,58738,78626,73277,65163,95640,58140,124180,54610,216261,58131,289684,57515,153594,31150,118170,17321,94860,13445,60245,10628,15289,5751,2133,3355,1,986,0,0,0,0,20250303
202502,2호선,상왕십리,8,1,5270,715,12751,5418,38163,9955,61426,29052,35165,17354,21304,13037,19023,12454,19873,14069,19954,15335,18003,16676,18216,19649,20037,23355,23552,34010,25605,54324,17368,36199,11626,23609,9944,21615,6467,19599,2583,11774,461,3819,0,0,0,0,0,0,20250303
202502,2호선,서울대입구(관악구청),4299,21,24108,2214,39703,12749,116941,21990,167402,60915,112580,57281,63798,47128,55301,41974,62920,46408,68929,52343,58589,54018,58492,62427,66368,72689,73695,100161,82945,159643,50756,136504,43237,83351,43850,76329,39304,73961,19931,42067,3397,16307,0,3279,0,0,0,0,20250303
202502,2호선,서초,7,1,1575,4818,8069,21543,16646,48587,26697,111729,25723,85875,19638,42736,27228,33938,25167,26508,33067,28702,34835,26125,41650,20991,47514,23259,72899,25636,93263,27018,43305,18476,29843,11528,28625,10553,16368,9951,5339,5515,803,1367,2,2,0,0,0,0,20250303
202502,2호선,선릉,109,3,4202,5903,10178,39548,20685,115155,32670,274737,31503,207511,35059,102957,45496,65499,56128,63811,64810,71497,75276,58625,99158,51530,127956,49841,205684,55451,289313,60218,147115,38642,96494,23362,84174,20558,67178,17544,25355,10403,4153,4193,0,11,0,0,0,0,20250303
202502,2호선,성수,55,4,4343,4151,7012,32114,18758,72024,26313,246880,21578,157751,20282,88745,25237,82032,34532,89026,46270,93843,60040,93803,78132,89298,103679,83260,161972,78880,268476,76380,142985,44716,108255,21806,91808,16321,59529,12812,21853,9961,3132,4790,1,819,0,0,0,0,20250303
202502,2호선,시청,11,0,977,1730,1915,18884,4795,69209,7914,224684,12081,90719,17043,29406,23487,26548,22824,26590,27791,30254,35297,26864,44042,22344,54621,19653,104901,21238,170518,20847,65078,11864,47139,7702,40878,7226,23792,5822,9209,3506,1191,974,0,42,0,0,0,0,20250303
202502,2호선,신답,7,0,1157,84,1815,884,5568,794,10070,1621,3984,980,2271,942,1903,1007,1901,1283,1964,1328,1663,1755,1697,2664,1911,3260,1983,4188,1859,9421,970,6281,562,3291,490,3477,352,2755,171,1791,45,506,0,0,0,0,0,0,20250303
202502,2호선,신당,37,5,4974,1035,9592,6305,27334,13230,48959,27094,27320,20227,18178,17243,17794,19314,19791,20762,21423,21381,21948,22480,23344,24071,25346,28101,28893,38814,32608,55987,22155,36751,17898,22911,16494,20324,15059,17811,7477,10836,1421,3390,0,3,0,0,0,0,20250303
202502,2호선,신대방,236,9,20291,1655,30746,7981,82305,12501,123088,22594,74619,16353,40860,16275,33230,17221,34224,20089,33760,23860,28660,27379,27759,35984,29481,42357,30623,57261,29789,85327,18554,74870,13951,51730,11458,52495,9063,48371,4298,28309,829,8354,6,34,0,0,0,0,20250303
202502,2호선,신도림,3627,15,31337,4441,49849,17259,131344,40134,143366,101513,85479,67732,57809,58324,57014,62425,65357,62746,70137,68594,72855,66212,77772,73296,83021,84675,106666,110531,122947,168393,71679,119607,64299,70722,54941,65748,46730,60867,19508,43270,2459,18432,3,2490,0,0,0,0,20250303
202502,2호선,신림,138,16,31949,3359,60620,14954,166687,22688,252658,41542,151624,39146,83896,38525,68634,42505,74613,47482,72656,55758,66732,61237,64865,75523,67779,94456,71866,126132,75114,211700,52197,187487,43668,118748,41137,111030,34761,100492,20266,63649,4583,20720,0,171,0,0,0,0,20250303
202502,2호선,신설동,41,1,970,321,1336,1947,4917,5024,8263,13526,4777,8711,4380,7534,5332,6820,6735,6941,7068,7775,7832,6336,9048,5486,9608,4862,11156,5257,12992,7286,4402,5181,2746,3633,2353,3174,1584,2875,639,1920,91,713,1,128,0,0,0,0,20250303
202502,2호선,신정네거리,99,3,7694,686,16154,2136,46353,3588,41324,10450,22864,7634,16073,6852,15100,8152,15920,9315,14066,10993,12307,12208,11264,16120,12201,20853,11904,28754,11100,46372,6802,35063,5133,19994,4079,18007,3198,15876,1523,9339,369,2839,1,120,0,0,0,0,20250303
202502,2호선,신촌,46,0,5198,2398,12070,14520,32595,29800,47859,70256,34588,84586,34058,61783,41831,59080,53463,59726,57125,70195,60269,60873,67009,57639,77963,61875,91137,76760,92128,102349,65220,69807,66451,41030,66334,35841,63887,31089,30570,20420,4845,5206,0,50,0,0,0,0,20250303
202502,2호선,아현,15,0,3890,705,9618,4014,26930,7374,40182,16484,23044,12573,16553,10019,14958,9332,16832,10874,15946,12580,14366,13738,15192,15472,16022,18043,18229,22833,18401,33280,11356,25464,8244,16639,6244,15918,4487,13943,1961,7659,291,2301,0,8,0,0,0,0,20250303
202502,2호선,양천구청,43,1,4513,793,10821,2307,29235,4651,27140,9205,15510,5061,11016,4353,10146,4909,11322,6314,9811,7465,7648,8103,7724,10306,8443,13086,9299,18383,8738,28646,3934,23728,2991,13981,2292,12620,1892,9838,622,7044,160,2289,0,17,0,0,0,0,20250303
202502,2호선,역삼,18,2,3368,6487,7976,41714,14584,152867,24871,361101,22789,295582,23346,120600,31702,64258,39151,58732,47488,63731,56792,50954,76536,43341,101094,41262,218126,49189,273527,57134,158408,35864,89905,22507,80912,18130,52536,15090,20314,9687,3601,2806,0,0,0,0,0,0,20250303
202502,2호선,영등포구청,46,0,4698,2693,12063,12914,36937,37198,49618,117686,29731,50980,22009,27655,23507,24690,26329,25740,27898,29803,29117,27170,31826,27783,37540,30308,57457,39666,99395,58154,37956,39389,29182,23638,26315,20886,19778,18217,9010,11633,1550,4277,1,62,0,0,0,0,20250303
202502,2호선,왕십리(성동구청),518,5,5179,755,8193,7354,22999,10532,41418,24797,25009,19379,17252,15499,18044,16575,21361,18591,22288,20065,20934,20618,22752,21280,26437,25321,31447,35677,32901,54930,21719,33253,20611,21342,23051,18230,22672,16914,12302,11136,2335,4143,0,4,0,0,0,0,20250303
202502,2호선,용답,4,0,1997,321,2927,1172,7080,1642,13101,2788,7249,1859,4873,1952,4037,2290,4262,2812,4442,3062,3876,3504,3823,4431,4792,5414,4359,6294,3757,10860,2147,6972,1453,5083,1065,5441,849,5093,423,3043,95,1015,0,3,0,0,0,0,20250303
202502,2호선,용두(동대문구청),46,0,889,94,1748,788,5161,2473,8686,5267,4706,3182,3477,3837,3488,3264,4017,3267,4200,4417,4823,4058,5247,4643,4890,4356,4933,5016,5098,8560,2501,5928,1578,3337,1458,3049,742,2083,303,1406,61,519,0,8,0,0,0,0,20250303
202502,2호선,을지로3가,17,3,1068,1877,2579,19215,5926,70314,12554,165497,14980,65780,19314,30348,22553,27654,24518,26679,27752,29859,32640,26514,36533,26559,47117,30282,88708,35685,134922,41381,56320,25778,43083,15547,45584,12945,37252,11222,20291,6681,3445,1601,0,33,0,1,0,0,20250303
202502,2호선,을지로4가,4,0,1009,859,2066,11937,5319,32765,10752,71839,11614,35625,14807,22721,17483,22566,18209,20426,19867,20333,22544,19000,25299,18058,31669,17194,57330,17937,65899,18015,27448,12438,17113,9280,14473,8805,9889,8544,4485,5113,845,1550,5,14,0,0,0,0,20250303
202502,2호선,을지로입구,51,4,2110,2663,3939,29680,9823,124995,15465,333568,22823,158482,29753,82893,39178,68602,44212,60336,54601,64465,64277,57213,77537,54337,94421,58730,165609,65187,271224,68190,133346,42772,123411,28521,81041,23481,62673,18403,24750,10202,3363,3577,4,725,1,1,0,0,20250303
202502,2호선,이대,10,1,2833,700,8178,5837,25516,12097,36680,37604,21678,32466,17787,24417,19005,21172,24509,24099,24809,27586,23096,24711,25583,24646,29643,25868,38671,31719,35916,43931,22178,32562,17324,21748,16560,20770,15280,18997,5344,12714,665,3782,0,34,0,0,0,0,20250303
202502,2호선,잠실(송파구청),80,23,12250,4599,45341,31238,110451,76832,156626,173811,114010,163713,80274,123386,81820,116305,92532,112208,101891,116753,111623,116539,129517,126457,154060,140470,188759,174458,231181,227308,168052,152032,168543,98423,144009,87602,90979,76339,27393,41533,4575,8908,1,84,0,0,0,0,20250303
202502,2호선,잠실나루,7,1,3117,2975,11641,17032,34010,19974,43250,35827,30114,22445,23115,17534,22896,15303,21967,18605,20456,19993,21312,18196,23524,18685,31626,20074,37289,26682,29079,37707,14438,28744,9872,17403,7294,16619,4959,15003,2219,8075,391,2487,0,23,0,0,0,0,20250303
202502,2호선,잠실새내,35,1,5126,980,16371,7957,53887,14996,76851,29064,51049,29577,33307,24449,31743,25155,36014,28411,35019,33222,31678,35516,33966,38967,36090,44601,39610,59911,42123,84905,30988,59694,26314,36321,24944,30930,23946,28313,12193,15179,2029,4408,0,79,0,0,0,0,20250303
202502,2호선,종합운동장,2,0,1390,1184,5297,11366,15275,10841,21347,17914,15696,14479,11665,10076,10521,7933,11413,10179,11351,11560,15213,11503,13570,11000,15920,12096,15823,17807,14991,27403,8818,16769,8286,10869,10030,9822,3546,9359,1610,4922,297,1517,1,86,0,0,0,0,20250303
202502,2호선,충정로(경기대입구),15,2,2862,884,5945,5727,14272,22539,21469,60726,13974,26038,10819,11516,11160,10091,11785,10378,12633,12625,12648,11514,13030,11785,15393,12732,31965,16333,46550,21315,15211,14997,10379,10452,9216,10095,6073,8793,2919,5556,713,1575,0,45,0,0,0,0,20250303
202502,2호선,한양대,6,1,780,478,2316,6218,4910,9761,8258,32171,5833,35390,5361,20083,8518,12704,10753,14729,11997,18287,11484,13225,13684,10284,22645,9305,33259,9563,28398,10553,13294,7454,9205,5235,8558,4987,7429,4771,4121,3323,1007,1028,0,5,0,0,0,0,20250303
202502,2호선,합정,79,11,8759,2511,13940,11025,35208,28481,48314,89844,31305,80300,23477,49017,26521,47882,32240,51055,37267,58693,39724,53260,44741,53435,53161,62585,73691,80239,111177,109675,75941,73465,62239,39926,70625,32730,64862,28011,33387,18518,5644,7057,1,123,0,0,0,0,20250303
202502,2호선,홍대입구,780,43,21793,3021,26218,15265,55257,34684,72567,102515,54268,121110,49386,106066,58079,132987,68742,159902,82220,176839,93951,167647,116876,165870,147443,169428,176237,187663,209053,218033,178892,156323,173840,93232,194641,71977,180530,58259,88452,40542,11036,14432,7,1767,0,0,0,0,20250303
202502,3호선,가락시장,54,11,2555,692,6390,5009,18765,10324,20894,25591,15521,13021,13163,9178,13027,10761,13432,11542,13529,11778,13430,12479,14759,14031,15444,15180,19415,18927,26816,25359,11501,17986,9118,11334,8439,9781,5843,9345,2340,4966,430,1584,3,32,0,0,0,0,20250303
202502,3호선,경복궁(정부서울청사),27,1,2020,1598,5317,12124,12416,34408,19900,122902,18254,67059,16180,46770,22141,47456,27828,46831,35561,48304,43164,42595,53011,38603,65374,37176,87868,34240,111110,32026,45053,20883,35277,11846,32438,10321,21440,9266,7862,4828,971,1411,1,35,0,0,0,0,20250303
202502,3호선,경찰병원,4,0,2766,253,7352,3123,21529,9487,25272,27332,14759,14875,11285,8743,10737,6904,9856,7856,9794,9715,10401,8474,10742,9127,10299,9807,15547,14995,19463,22365,7611,17041,5732,10331,4852,9344,3149,8161,1048,4684,155,1360,0,0,0,0,0,0,20250303
202502,3호선,고속터미널,141,3,5266,3407,7049,29223,22718,41760,44171,67986,52497,89870,57795,91137,70737,99813,82940,94392,90712,94570,101970,98369,116607,102764,124277,101395,136468,108693,131668,113994,107989,72867,119046,46343,70888,35975,43092,25168,14297,11560,1727,2130,0,0,0,0,0,0,20250303
202502,3호선,교대(법원.검찰청),60,1,1813,591,4165,6650,9480,16557,14328,45049,12495,35225,13193,16624,16495,11755,19874,11563,24930,11929,28192,10543,29111,9823,32105,10616,49893,15128,67944,18980,32771,10749,28360,5763,27570,4602,20438,4237,8075,2399,1218,727,1,0,0,0,0,0,20250303
202502,3호선,구파발,156,1,11131,1566,30795,9641,78207,17790,76132,25100,42853,22783,30600,24188,29387,23915,31680,25600,29961,28239,30907,28647,33462,29437,35736,36324,35228,45047,28400,71582,18891,61810,15521,34428,13205,30439,10705,26557,2963,17430,549,7260,0,423,0,0,0,0,20250303
202502,3호선,금호,45,7,3624,475,8887,2441,24131,4130,35528,8589,21446,6704,13656,6360,11974,6442,11920,7987,11304,9437,9927,9985,9602,12516,10114,14819,10979,19950,11116,29606,7763,21072,5442,14242,4233,11923,3134,11353,1725,5789,340,1629,0,0,0,0,0,0,20250303
202502,3호선,남부터미널(예술의전당),11,0,2603,1166,8071,27034,24756,60099,41434,152307,34816,84814,33199,53067,38870,43251,41367,47228,46519,55344,48766,51829,55974,47588,69450,49240,119988,55350,140647,65563,64607,40155,43356,23969,37268,18382,33969,14533,9588,8676,890,2371,0,6,0,0,0,0,20250303
202502,3호선,녹번,57,3,8592,445,22168,3009,63413,7028,71351,15356,39108,9199,24987,8520,21705,9086,21443,11089,20100,13242,16751,15495,16028,19095,16294,25361,16626,34050,18236,59518,9223,48868,6662,29304,5610,25477,3818,22218,1373,12765,199,3378,0,0,0,0,0,0,20250303
202502,3호선,대청,82,1,3430,909,10701,6014,27691,13343,36675,26761,20401,12147,15502,8596,13972,8154,13844,10106,15441,11598,13226,11610,14607,13963,16776,15188,22892,20991,26893,30015,10869,24089,7836,16376,6046,14555,4813,15075,1700,7781,297,2564,0,0,0,0,0,0,20250303
202502,3호선,대치,11,0,2564,581,11420,7294,26286,18450,27220,30950,16736,24498,14083,16134,13875,14705,17544,19708,19173,24263,17264,18606,18205,19507,20880,21826,35723,31254,30309,32661,18444,22910,12443,13684,16534,13266,38092,10693,3369,5986,402,1951,0,1,0,0,0,0,20250303
202502,3호선,도곡,83,3,1012,316,3915,4214,10965,12578,13093,20922,8385,17365,7192,7908,7687,7433,8140,7085,8150,7973,8640,7484,9588,7426,11305,7421,16756,10119,18081,12685,8998,9768,6359,6287,5461,5552,4278,4727,1125,2733,159,1615,1,220,0,0,0,0,20250303
202502,3호선,독립문,123,2,4249,808,5479,4777,13007,12413,17932,19493,13887,15314,12356,14315,12495,11079,14978,11509,13919,12998,14664,12282,15864,12047,16540,12406,16540,13195,15167,16387,7231,13563,5158,8668,4144,7662,3157,6806,1113,3931,171,1637,0,519,0,0,0,0,20250303
202502,3호선,동대입구,3,0,1294,933,2294,7553,4497,14532,7590,47908,6467,28694,7372,23661,8904,18290,9913,17580,14276,21252,14092,15056,15329,13498,21839,13611,33443,16805,38888,17965,16948,8922,18583,4944,17509,5101,13515,3608,3026,2329,316,843,0,48,0,0,0,0,20250303
202502,3호선,매봉,7,0,1574,769,6041,8740,16950,22301,21108,73307,14758,32805,13826,16273,13801,14763,14796,13125,15857,13318,17487,12422,19201,13085,21402,14319,38079,18492,59981,23731,20601,15664,14874,9579,15865,8411,9089,7662,2860,3891,399,1229,0,56,0,0,0,0,20250303
202502,3호선,무악재,5,3,1772,141,4736,1127,14585,2327,18111,4769,10750,3051,7630,3167,7137,3385,6363,4040,6119,4709,5419,5328,4998,6508,5471,8073,5804,10594,6326,15910,3152,13352,2269,8195,1983,7465,1174,6252,552,4122,90,1101,0,1,0,0,0,0,20250303
202502,3호선,불광,15,0,8709,1284,17226,6077,47954,9106,59040,28198,34288,24113,24493,20957,23755,21642,25105,23492,25542,27311,25110,26933,26945,29884,27844,33515,27062,38829,28331,56856,16233,45844,12625,27737,9975,24052,6959,21218,3168,12213,498,3798,0,0,0,0,0,0,20250303
202502,3호선,수서,136,0,4223,2244,11668,13805,34954,30490,43475,55999,29876,34125,34642,22731,27699,20121,32546,24777,29818,21936,22756,23037,32163,27066,34469,30098,44534,37649,51379,51747,24301,38097,22958,26941,15465,21604,14436,20194,7004,7857,748,2951,0,207,0,0,0,0,20250303
202502,3호선,신사,39,6,3159,1598,5402,15283,9876,40069,15719,99956,14144,128809,17318,66461,23353,44848,28075,43407,33555,45676,39744,42718,47432,39114,57068,40066,84041,49329,119737,60303,85647,32372,56599,15825,56362,12323,45256,10255,19691,6411,2883,2812,0,1,0,0,0,0,20250303
202502,3호선,안국,10,1,1455,1860,2562,24767,5462,82233,8795,120781,12434,79964,15457,57392,22950,60917,33264,57275,39698,60196,47281,54086,62891,43297,81554,35697,122486,30199,128687,26299,56986,13865,45414,7056,35395,5820,18861,5205,5925,2728,642,857,0,0,0,0,0,0,20250303
202502,3호선,압구정,37,0,2786,2110,7026,21513,14395,43084,21524,129622,18479,141669,23692,74230,30040,62376,36614,49071,41192,51436,51048,46703,58287,44806,67971,44122,91418,51853,124639,53638,88432,30576,68457,15568,47297,12246,31837,9880,9822,5311,1540,1714,0,196,0,0,0,0,20250303
202502,3호선,약수,90,1,5708,879,8768,5018,22310,10124,33974,29009,24232,20239,17396,14238,16275,14567,18164,14856,18629,15156,18325,16968,18639,18370,19760,21972,24814,27162,29471,39446,18138,25129,14540,16748,13886,14475,10257,13261,5005,7707,858,2806,1,392,0,0,0,0,20250303
202502,3호선,양재(서초구청),30,0,4649,2882,12249,36948,33386,101563,44148,217442,29376,115353,28148,53403,31040,44525,36424,41534,42178,45156,47320,38327,55060,38745,69094,42369,124686,61649,183832,75157,86266,48184,62178,29589,55917,25877,37058,21977,12542,11176,1413,3153,0,12,0,0,0,0,20250303
202502,3호선,연신내,240,7,22154,1888,42824,11398,108262,18657,132785,37057,76543,33915,53388,32480,51029,35093,55362,37870,53241,42263,48439,46271,49152,55802,52279,64968,51741,81861,50820,126881,36062,103415,28591,62912,25335,55433,21509,47417,10921,29195,2116,10198,5,14,0,0,0,0,20250303
202502,3호선,오금,16,0,4319,13,8110,2207,26879,5123,30031,12429,15699,6170,9396,4832,7610,4346,8434,5567,7882,6038,6938,6385,6616,7874,7928,9596,10711,14307,11746,21889,4454,15092,3390,10245,2712,8919,2361,10355,748,4867,137,1806,0,1,0,0,0,0,20250303
202502,3호선,옥수,127,0,2452,818,8063,3520,19754,6760,30020,11857,20597,9638,14307,7663,13106,9619,13171,10885,13456,12049,13092,12545,12925,15074,13712,17286,15578,23649,15504,32781,10259,23610,7898,15522,7083,13316,4563,12322,1780,5846,300,1569,1,0,0,0,0,0,20250303
202502,3호선,을지로3가,12,0,634,1012,1365,8408,3425,34635,6395,74800,8081,29223,9360,15039,10253,13953,11170,14091,12904,15228,15429,13047,17764,13326,21587,15411,42166,18467,66733,21938,27425,13377,20198,6754,20765,4979,17023,3938,8920,2610,1315,651,1,8,0,0,0,0,20250303
202502,3호선,일원,11,2,2260,1526,8079,10379,21391,29635,23911,22871,18051,19824,18209,16444,18105,12323,19002,14492,16734,15920,17844,15166,20783,13739,25624,13326,35574,15640,18328,22233,9940,17752,6159,11889,4219,10636,3604,11755,1206,4650,111,1474,0,19,0,0,0,0,20250303
202502,3호선,잠원,2,0,1205,873,3954,8192,11615,5975,17297,7929,10918,6396,7623,4404,7519,4695,7884,5281,7253,6566,6741,6351,8114,7177,11272,7223,11487,10020,8703,13707,5026,9829,3333,6564,3167,6758,1909,7403,563,3299,122,1067,0,0,0,0,0,0,20250303
202502,3호선,종로3가,16,2,655,953,981,6018,1746,14643,2785,40562,4876,40059,7608,33472,10149,28374,12263,25580,14600,25101,17377,23056,21321,20489,26269,19649,38669,18098,51571,17097,27608,9692,19163,5328,19932,4310,15457,3294,6633,1927,871,775,0,10,0,0,0,0,20250303
202502,3호선,지축,35,1,2927,495,11088,3437,28859,5296,29003,10325,16022,7468,10969,6008,9578,5919,10863,7072,10319,8741,9387,8606,9457,10317,9587,13246,11321,17501,10680,29621,6983,23397,5866,15317,4918,12944,3895,10889,1690,5912,271,1121,0,0,0,0,0,0,20250303
202502,3호선,충무로,0,0,0,0,0,0,1,0,1,0,3,0,0,0,3,0,5,0,5,0,9,0,6,0,5,0,8,0,12,0,14,0,7,0,2,0,4,0,3,0,4,0,0,0,0,0,0,0,20250303
202502,3호선,학여울,0,0,497,170,1945,1203,3933,2973,4196,8758,3239,6308,2617,5268,3111,4783,4271,5141,5001,5833,5081,4730,5623,4267,6718,3382,8590,3847,8474,4580,2508,3640,2039,2437,1528,2065,1044,1835,210,1021,53,358,0,0,0,0,0,0,20250303
202502,3호선,홍제,83,7,8714,1160,20628,6377,56750,9416,65520,20997,40626,17148,29457,16091,26919,16541,28891,17768,27273,20230,24970,23108,25063,28066,26228,32198,25986,40717,24885,60546,13830,50301,10937,30246,8812,26235,6061,21833,2547,13141,380,3398,0,0,0,0,0,0,20250303
202502,4호선,길음,8,1,9457,1378,29856,6465,79978,10142,83293,25147,47707,20039,32190,16924,28537,17944,29927,22392,29489,25141,26971,25555,27002,29266,29086,37515,30712,49406,29013,76105,16759,61735,12856,39061,10143,35143,9039,32360,3238,19024,435,4757,0,0,0,0,0,0,20250303
202502,4호선,남태령,19,0,556,48,929,1843,2134,4611,3190,5204,2452,1653,2098,1216,2139,1060,2161,1237,1935,1294,1885,1225,1831,1283,3000,1653,4835,1529,3961,1710,1575,1519,1070,1360,691,998,478,983,180,559,23,148,0,0,0,0,0,0,20250303
202502,4호선,노원,193,2,11416,675,21631,7635,50264,10916,52507,30339,31205,31526,26323,24554,26724,26103,31278,29525,30948,33709,30597,34194,32661,36256,34394,43332,36462,56434,35546,82006,26383,66239,27687,38931,25680,32902,23529,28977,11395,18973,2699,6631,12,714,0,0,0,0,20250303
202502,4호선,당고개,67,0,7529,25,15545,3821,39648,5598,33398,9160,20306,8953,15643,8497,13990,7922,14539,9121,14596,9590,12486,10653,12010,12719,11960,14976,12268,18002,11708,25049,6675,23237,4866,16051,4151,14277,2658,13389,1214,8831,307,3319,0,394,0,0,0,0,20250303
202502,4호선,동대문,210,3,4287,1955,2385,13282,4044,28474,5788,58191,10183,58879,14799,51608,20370,48110,26006,42169,32850,40079,40985,37105,49696,31417,62366,24503,77857,19473,55157,16994,31053,17914,22360,12096,20776,7878,14657,5816,6495,4767,1102,1110,1,112,0,0,0,0,20250303
202502,4호선,동대문역사문화공원(DDP),253,2,5400,1411,3921,12093,7550,28085,11847,63784,14363,38337,16045,30534,18626,28386,20760,27212,23990,27590,29230,26419,37505,23662,44192,22658,63346,24114,78302,26267,45108,26803,35234,17033,32277,13839,23973,11701,11752,7516,2113,2347,6,112,0,0,0,0,20250303
202502,4호선,동작(현충원),2,0,129,1156,483,5595,1486,3038,1975,4467,1440,2628,1538,2325,1667,1645,1664,1782,1739,2409,2031,2265,2649,2092,5703,1983,7139,2235,4756,2642,1981,1760,1442,1906,1231,778,734,599,310,435,66,258,2,84,0,0,0,0,20250303
202502,4호선,명동,34,2,1298,922,3072,22080,6512,48203,13039,117970,24289,83925,30188,57106,36010,60718,37920,61887,42960,67572,51426,62272,62992,60677,77292,62475,92471,63386,133462,59541,84979,48242,70215,34341,65667,24299,56756,14768,22730,7500,1703,2462,1,89,0,0,0,0,20250303
202502,4호선,미아(서울사이버대학),47,5,9859,1491,18618,5184,42867,11716,48954,31773,31579,18512,23867,15816,22310,15755,24826,16578,23580,19538,21758,20319,21717,25237,25999,27991,25309,33012,27972,44079,16450,37129,11310,23383,9173,20875,6467,18270,2608,11710,438,3258,0,0,0,0,0,0,20250303
202502,4호선,미아사거리,67,2,13116,2883,31514,7699,78904,14490,88234,31470,54995,28940,40002,25560,36252,28239,39156,29796,39693,33562,38828,36053,39869,44738,41278,50223,39410,64482,40431,94919,28271,72079,27259,44505,16672,39701,11760,34008,5826,19475,968,4713,0,0,0,0,0,0,20250303
202502,4호선,사당,171,32,9173,1068,24339,17020,64285,20668,74026,32026,56438,25724,39385,22356,33069,31568,35179,30230,35298,27958,34816,27628,33533,31676,35746,42565,42288,63938,46760,93043,32111,59797,29948,34749,32685,30346,29092,27865,13933,17281,1598,5391,2,519,0,0,0,0,20250303
202502,4호선,삼각지,0,0,508,337,2126,4578,6374,11351,10235,20842,6611,10828,4918,9370,5382,11373,6426,12414,7928,12693,8787,10794,9874,11240,11446,13754,15878,19094,25064,25494,12415,15893,12503,7815,15420,6102,14117,4779,7545,3180,950,1112,0,16,0,0,0,0,20250303
202502,4호선,상계,64,0,13100,177,35770,6192,78321,9851,66358,19950,40508,17132,30016,14701,27265,16607,30679,19727,29181,21280,24475,22127,23610,27275,23916,33616,25530,43169,24166,62158,14900,58079,11514,36573,10358,30941,10170,27910,3260,18476,634,5441,10,560,0,0,0,0,20250303
202502,4호선,서울역,186,9,4096,836,5849,13419,11178,40288,14397,90520,12571,57095,11894,30975,13617,31890,14180,33526,14172,34375,14795,31940,16521,35789,20459,39207,47650,42899,62241,44437,24717,33789,16525,23536,13841,21676,9546,16984,4475,8400,561,2553,0,237,0,0,0,0,20250303
202502,4호선,성신여대입구(돈암),20,3,5232,1409,17261,5905,44347,12903,50813,32029,35273,28015,27347,22089,27696,22309,32764,27913,33807,30936,31425,30591,33234,32633,37109,39746,42480,49339,44150,67092,29444,54290,25377,34910,27803,31434,24959,27413,10996,17722,1789,5238,0,1,0,0,0,0,20250303
202502,4호선,수유(강북구청),86,12,19884,2765,40742,9588,98933,18221,108532,50320,71306,36712,50617,28904,47981,30476,52375,34323,50770,39568,47568,42241,46179,51052,49701,64054,52585,80509,60377,117009,35706,103193,28052,65909,24534,57349,19876,51388,10678,33474,1811,8778,0,0,0,0,0,0,20250303
202502,4호선,숙대입구(갈월),2,0,2769,635,6985,7035,16656,19915,25250,46748,18788,29364,15189,17750,15822,17225,18795,17596,19567,19820,20219,19031,21372,19887,27627,23444,37103,30244,48771,38249,24815,25656,22138,16484,22133,14172,18616,12955,8895,7839,1191,1677,0,22,0,0,0,0,20250303
202502,4호선,신용산,7,0,1261,1074,3352,12583,10468,38839,17046,95954,14821,69702,14266,34767,19130,32324,21188,34317,25305,34931,26084,32252,34284,33263,45110,36295,67381,44447,99823,50853,50183,28984,42770,16310,41529,11575,30147,8253,12738,4127,1600,942,0,39,0,0,0,0,20250303
202502,4호선,쌍문,134,13,21804,930,48251,7461,113332,13174,116384,26039,70193,20930,49281,19440,43986,21322,44882,24969,41909,28509,36248,31054,34638,41464,35259,50188,35192,65620,33300,99311,21842,92728,15984,57646,12209,50812,9333,46137,4347,28567,722,9089,2,127,0,0,0,0,20250303
202502,4호선,이촌(국립중앙박물관),20,0,1144,904,4840,7377,10884,10901,15830,23505,10939,23314,9406,26812,11236,23208,17205,22491,20183,25051,21094,23585,26759,21069,34030,17574,37276,17219,31297,22074,11379,14035,9944,8914,8026,8015,3621,6864,1248,3656,131,998,1,53,0,0,0,0,20250303
202502,4호선,창동,1702,69,14634,2226,34573,11026,80599,17380,72332,42955,46216,33811,38759,30048,37806,30029,41188,36451,40363,43838,38291,44963,42675,47998,46842,52365,47950,64769,50189,88370,29521,72563,22447,45718,19286,38446,15197,35074,6530,21087,1247,7315,1,223,1,0,0,0,20250303
202502,4호선,총신대입구(이수),59,1,5314,1065,14778,10591,42320,15991,55781,39557,34302,29258,26463,24219,26536,24254,29231,26703,29594,29948,28330,31946,30257,36693,31137,41805,37708,51842,42745,74287,25851,46079,22198,27562,18880,23031,15696,19925,6892,11025,1048,2748,2,527,0,0,0,0,20250303
202502,4호선,충무로,55,6,2822,2557,5257,20197,10412,56140,19886,165551,24349,93079,27381,48127,29486,42213,29253,38676,34915,40931,40068,35720,43910,33707,55212,35820,94224,41986,147969,46170,66186,30020,50694,20861,48119,20619,36875,19722,19239,12529,3437,3703,1,158,0,0,0,0,20250303
202502,4호선,한성대입구(삼선교),36,0,6034,1212,11374,7678,26678,12674,34471,25499,25150,22035,18370,15991,17987,15990,20263,17011,21427,17571,20424,17763,20404,19142,25466,21867,29223,26150,28316,33668,15707,27392,12472,18632,11155,17204,8036,15396,3637,10119,528,4786,0,1252,1,1,0,0,20250303
202502,4호선,혜화,13,1,2687,1884,6615,20756,15482,42961,19886,101887,23191,80243,30254,63744,34253,60368,37186,77060,40358,94618,52616,79980,72794,66144,89930,60502,110516,67883,117555,77826,72222,53834,72923,19811,96376,18105,86469,15322,27394,9231,3563,2813,1,385,0,0,0,0,20250303
202502,4호선,회현(남대문시장),38,0,1235,707,3222,23027,4230,54289,7803,148121,11537,93121,15937,70016,25693,68387,33846,56730,43752,52152,55609,47507,68393,38563,85564,29197,103857,23284,122665,19663,59459,11866,50153,6846,20619,6028,11889,4944,4178,3037,629,990,0,60,0,0,0,0,20250303
202502,5호선,강동,117,5,9775,1236,19259,10325,50097,25952,66308,51449,35077,28671,25546,18873,24351,17883,25686,19407,24735,24341,24713,22513,26567,24323,30271,27324,40363,34788,45059,55784,21809,41770,15842,27664,12887,25703,9165,22020,3737,13989,803,5681,0,0,0,0,0,0,20250303
202502,5호선,강일,4,1,2670,582,8135,2617,25956,4957,22966,7487,13653,3702,11102,3555,9112,3985,9245,5587,8823,5165,7373,6589,7942,8692,7930,9033,8182,13402,8516,18510,3879,19215,2519,11035,1916,9737,1621,9407,603,5841,131,1938,0,0,0,0,0,0,20250303
202502,5호선,개롱,2,0,3376,688,8503,2341,20835,6542,22446,15009,12933,8093,10293,5966,9508,6314,11478,6541,10498,8383,8627,9136,9015,9894,11069,12890,11535,15701,12597,20894,5899,19921,4273,11451,3858,8985,2056,9976,868,5318,96,1738,0,0,0,0,0,0,20250303
202502,5호선,개화산,0,0,4175,149,8472,2675,21551,4678,22169,12725,11876,5530,8446,5230,8547,5477,8579,6470,8353,6581,7632,6719,7182,8076,7823,9674,10744,11611,10760,18702,4780,16525,3311,9724,3116,8855,2211,7738,777,4585,123,1656,0,55,0,0,0,0,20250303
202502,5호선,거여,5,0,5817,530,15073,3139,40045,6883,40081,16885,21872,9215,15045,7099,13825,7723,14745,7656,13597,10898,12090,10517,11807,13246,12928,17978,15038,22413,14916,37377,7284,31974,5122,16976,4654,14942,3239,15138,1116,7830,174,2761,0,0,0,0,0,0,20250303
202502,5호선,고덕,2,0,3819,1527,9586,6794,25691,14481,22607,21044,15016,15871,14598,14052,16570,11109,17626,11678,16086,17183,17319,14030,18740,15512,19916,17109,24473,17816,19638,27623,10513,23270,8240,12003,8296,11941,8602,10674,1788,5872,349,2445,0,113,0,0,0,0,20250303
202502,5호선,공덕,6,0,1624,949,4935,7729,19082,29122,31121,76100,15882,40200,13016,17440,14994,16988,16599,15246,18920,16826,17410,14906,19145,16049,23841,18741,41122,28527,63366,45038,25727,22483,19943,13603,20406,11840,14400,10329,6263,5599,776,1475,1,0,0,0,0,0,20250303
202502,5호선,광나루(장신대),5,0,3705,1516,11210,7979,27451,11183,31642,27004,18761,18137,15300,15340,15186,12790,16859,13909,17301,14120,16997,13281,18724,14203,21842,17339,21588,21886,25841,31056,12055,22723,9652,14179,10485,13013,6966,12530,2206,7178,296,2037,0,0,0,0,0,0,20250303
202502,5호선,광화문(세종문화회관),4,0,909,883,2862,28874,7879,79693,11612,270758,10354,118433,13381,54199,20176,55212,25798,51379,37004,63104,45510,50562,61944,38572,87158,35048,134587,38876,217598,42298,81186,18603,59814,8557,59703,6513,39593,4548,11434,2504,1176,677,1,1,0,0,0,0,20250303
202502,5호선,군자(능동),46,0,6698,802,9889,4824,30377,8426,45341,23540,21470,17156,12953,12030,13082,11940,14143,13757,15319,15247,14276,15565,14513,17063,16921,22187,22086,31797,25910,53699,15598,34488,13747,20950,13351,18034,10616,17195,5645,10372,1206,4895,1,895,0,0,0,0,20250303
202502,5호선,굽은다리(강동구민회관앞),2,0,6842,592,11698,2864,31588,6124,37524,13971,20334,10404,15997,9838,14642,11125,15917,11902,15703,13165,14647,13746,13747,14411,15159,19125,15606,20768,16644,35363,9343,27215,7601,16950,7214,12983,4947,13745,1669,7291,376,2904,0,0,0,0,0,0,20250303
202502,5호선,길동,8,0,4672,823,8484,4139,20867,6925,27394,19355,15114,13887,13594,10614,13179,11174,14773,12470,15148,12348,13712,14216,14015,14459,14874,17665,16796,20193,17847,26960,9483,21782,6915,13337,6767,10325,4706,9353,2031,5317,385,2677,0,0,0,0,0,0,20250303
202502,5호선,김포공항,7,0,863,2971,4485,8318,17985,16923,23958,22640,12034,12460,11175,13390,15710,14822,18240,15522,20710,15836,25439,14710,26495,13709,24382,14274,28028,16015,34588,15075,23743,8831,19696,4146,16344,2454,14710,1760,8275,972,399,563,0,6,0,0,0,0,20250303
202502,5호선,까치산,315,1,21397,1362,39418,7117,108295,8953,138718,19574,72912,16198,43261,15929,38525,18848,40052,23319,36428,25676,30991,31113,28873,40935,29112,51025,29349,67038,29497,116598,18739,90232,14495,57429,11739,53643,9726,42934,4780,25976,776,8077,1,383,0,0,0,0,20250303
202502,5호선,답십리,12,0,7669,1230,17153,10368,51488,12971,73891,33303,34457,16702,20950,12082,18474,13201,20062,14599,20379,17411,18071,16337,19439,19341,26002,22935,29147,32023,32248,56549,15882,37485,10441,23759,8573,20853,6189,18935,2657,10432,468,3703,0,1,0,0,0,0,20250303
202502,5호선,동대문역사문화공원(DDP),0,0,200,223,619,2791,1383,9747,2554,28989,3046,10944,3657,3815,3111,3307,2708,3419,2945,3841,3729,3491,3885,3443,5745,3667,12779,3748,20688,4210,7914,2702,4299,2309,3423,2443,2396,2386,1029,1676,182,447,0,6,0,0,0,0,20250303
202502,5호선,둔촌동,1,0,5046,512,13243,6457,34988,12132,37312,23847,22056,14552,16087,12035,15556,12186,16450,13590,16867,16604,16335,15537,18836,18324,20590,21157,23742,27982,24590,41588,12914,30461,10096,16116,8245,16015,6310,12666,2812,7228,328,2139,0,0,0,0,0,0,20250303
202502,5호선,마곡,6,1,2424,2664,7105,10532,22042,20419,23457,56591,12956,33264,11209,17098,13040,14897,14198,15591,15779,17245,17628,16235,21040,15964,26697,17740,38051,20940,48829,30363,22869,21667,17126,11749,14545,10135,9562,9093,3849,4808,605,1903,0,0,0,0,0,0,20250303
202502,5호선,마장,4,1,2152,438,5449,3511,15165,5693,18785,13260,11039,8011,8313,6903,7994,6428,9648,7092,8510,6979,8596,6415,8404,7111,9451,8715,10175,11465,11449,17434,7023,11288,4962,7622,4515,6705,3274,6466,1153,3742,204,1260,0,8,0,0,0,0,20250303
202502,5호선,마천,30,0,6413,221,12886,2447,36790,4035,29055,10872,15904,6300,10487,6155,9570,5055,10438,6105,9122,7984,8139,6888,7657,10631,8714,11929,7986,15496,9818,24052,4191,20773,3216,11228,2516,11165,1647,10157,655,5844,129,2340,0,1,0,0,0,0,20250303
202502,5호선,마포,3,0,2081,1639,7724,10057,26446,19670,35828,70102,19841,34276,15526,17223,15691,17606,17358,15159,18835,16436,17922,14864,19762,16069,24105,20479,37422,29567,57618,44685,21406,25922,18534,15713,19672,14017,13284,11736,5555,6613,782,1836,0,0,0,0,0,0,20250303
202502,5호선,명일,3,0,5250,1369,11765,2842,29010,4988,28112,11141,16247,8443,14117,9360,12732,8785,13851,8276,12085,11499,11782,11362,11170,13672,11941,16916,11618,17549,11973,32124,7648,24998,6373,13832,5455,11204,3931,11264,1687,6343,407,2308,0,9,0,0,0,0,20250303
202502,5호선,목동,10,0,7503,1229,18886,5235,55025,12659,66227,26011,32170,19735,23009,14130,21557,13607,23472,16878,22788,20624,20580,20634,20700,24114,21792,30071,26375,43947,27548,77313,14990,52060,12671,30507,12369,27459,12295,23759,4126,12979,559,4139,0,0,0,0,0,0,20250303
202502,5호선,미사,9,1,7224,770,20456,7100,65482,12313,59937,25801,30907,22739,23682,17469,22328,18218,24967,20750,25562,20382,23180,24375,26160,23952,26843,30888,29021,43170,31099,65610,18681,65159,17126,34311,17799,26682,15878,23172,7897,14920,2319,5230,0,0,0,0,0,0,20250303
202502,5호선,발산,10,0,3176,2543,9408,13639,26249,40082,28263,120048,18464,63230,19063,33626,23311,32128,27222,30394,30123,32367,34896,30475,40316,30503,47952,31879,75242,38440,95030,53273,43061,36578,37894,20552,34920,15533,27574,13350,11472,7747,1566,2869,0,0,0,0,0,0,20250303
202502,5호선,방이,2,0,2195,822,6416,3389,16962,7286,17218,22922,11272,12974,9896,9198,9099,8403,10738,11580,11658,10419,9873,11738,10928,12062,11543,13243,15756,18450,19743,21564,10012,17163,8721,9961,11068,8107,10883,6697,2256,4361,248,1149,0,0,0,0,0,0,20250303
202502,5호선,방화,18,2,4875,8,10950,3236,24712,4176,24562,11287,14248,7048,11128,5761,11296,6360,11264,7040,10762,7958,9370,8963,9804,10255,9612,11965,10009,14546,9962,21491,4882,19122,3486,11485,2631,10151,1849,9989,826,5609,114,2220,0,217,0,0,0,0,20250303
202502,5호선,상일동,47,0,9174,1210,28239,5429,68174,10730,53122,16329,30912,9434,23025,8383,20130,8792,20454,13279,18822,15239,17044,14957,17576,20708,17093,22478,19095,33786,19611,53083,10197,48092,7463,27905,5174,25027,3470,21506,1555,12889,451,5481,1,1005,0,0,0,0,20250303
202502,5호선,서대문,10,2,2654,876,5772,16146,17586,65176,22572,169471,16636,45367,16086,21968,18565,19841,19954,19572,20312,23669,23709,18155,29566,15960,37733,16507,70515,19541,117156,26366,34017,15350,26816,10187,22641,9853,14652,7419,5225,4268,522,1255,1,28,0,0,0,0,20250303
202502,5호선,송정,5,1,3409,982,6731,3300,16270,6157,21191,10344,13881,6038,10854,5602,9535,6432,10213,7365,9421,7712,9042,8232,8761,9515,9920,10946,11314,13174,11749,19426,6947,15295,5434,10269,4424,9139,3362,8515,1970,5029,276,1922,0,0,0,0,0,0,20250303
202502,5호선,신금호,33,0,2469,430,5890,2122,18111,5795,26666,11665,14949,7938,9555,5986,8599,6201,9453,7217,8868,7604,7885,8512,7940,10242,9188,11957,9280,16291,10210,25085,6855,16910,4816,10491,3943,9683,2627,8372,1064,5221,275,1716,0,0,0,0,0,0,20250303
202502,5호선,신길,39,2,2120,403,4153,1852,16829,4747,25504,13921,9732,6564,6245,2882,4900,3293,5470,3495,4866,4142,4242,3885,4714,5135,5451,6733,8203,11224,12895,21992,4911,12968,3477,10414,3662,10056,2575,8669,1413,5195,207,1385,0,0,0,0,0,0,20250303
202502,5호선,신정(은행정),89,2,11232,787,21048,2789,55715,5736,71642,12493,33634,8114,19496,6885,16887,7539,17173,9318,16275,10818,13490,12258,12233,16319,13122,20679,15111,28142,14821,46021,8180,34666,5606,22536,4643,21151,3786,19143,1461,11117,239,3380,1,0,0,0,0,0,20250303
202502,5호선,아차산(어린이대공원후문),22,0,8022,1151,16068,5237,38765,9791,52816,25675,29895,16838,19858,16634,18525,17669,22744,17835,23447,18031,22649,19411,22510,22971,24477,27594,24790,32387,26698,52109,15038,36061,11698,22813,10005,19132,7019,16721,2908,9912,487,2776,0,0,0,0,0,0,20250303
202502,5호선,애오개,66,11,1881,889,5383,4337,18494,6597,27000,15869,12319,10595,8536,6732,8287,6900,9370,6281,9693,7381,8141,7497,9373,8203,10155,9310,11515,14226,13781,22315,6647,14301,4826,8853,4133,8181,2757,7246,1030,4200,97,1771,0,243,0,0,0,0,20250303
202502,5호선,양평,2,1,2288,941,6319,3975,23776,8939,29314,41560,12709,14871,8406,6739,7658,5643,8259,6081,8517,6686,7736,6761,8481,7225,10463,8730,19190,12793,32986,23430,9992,16347,6366,10938,5080,9938,3420,8812,1356,5089,151,1586,0,0,0,0,0,0,20250303
202502,5호선,여의나루,11,0,873,1251,2379,9287,5379,41236,9538,73962,5285,28146,5007,18103,6784,17092,8937,16776,10247,18957,12705,19259,16142,19470,21406,18660,48413,19664,61682,20355,26584,10623,24359,6624,14227,4751,8439,3863,2609,1944,251,717,0,0,0,0,0,0,20250303
202502,5호선,여의도,17,0,2551,2894,3346,24696,9464,153704,13761,223738,11434,81644,12089,35385,19506,33416,20268,30981,26713,35068,31700,28215,39619,26790,54352,26715,147389,30875,176869,37611,73418,17653,61587,9433,47667,7845,26784,7007,8737,3944,1049,1849,0,0,0,0,0,0,20250303
202502,5호선,영등포구청,3,0,1029,463,2664,2155,8876,6363,14885,24950,5467,10181,4192,4982,4845,4503,5256,4935,5720,5201,5466,5010,6318,5156,7661,5432,11509,7872,22446,15474,7614,7963,5410,4725,5061,4278,3518,3964,1720,2201,275,533,0,0,0,0,0,0,20250303
202502,5호선,영등포시장,21,1,2496,824,6257,4564,25290,13776,37588,43398,16397,25408,11399,16440,11952,16458,14531,20615,15318,22817,16493,18185,20185,15342,25199,15802,33190,20540,43905,36570,18703,21840,12861,13215,10714,12212,8001,10961,3208,6721,411,1654,0,0,0,0,0,0,20250303
202502,5호선,오금,14,1,1029,515,3018,2444,6772,6408,7329,19274,4885,6986,4345,3581,4794,3303,5078,3698,5314,3688,4730,4155,5389,4264,6638,5199,10210,6371,14688,7479,4603,6165,3259,3677,2794,3256,2271,3609,744,2377,115,837,0,0,0,0,0,0,20250303
202502,5호선,오목교(목동운동장앞),0,0,4660,1657,14155,7680,46339,24153,52842,59157,28034,46341,22543,29352,23927,29375,27241,30011,28346,32492,29435,31614,33339,33159,37921,37120,49421,49358,61289,72001,34079,46894,34217,27146,28236,23227,24105,19481,7134,10658,1016,2835,0,0,0,0,0,0,20250303
202502,5호선,올림픽공원(한국체대),10,0,1311,805,4981,3064,10310,4625,11660,8636,8105,6519,7375,5491,7566,5323,8101,6947,8113,7523,7401,9054,8219,9302,8684,8244,9795,9521,10995,10299,5239,7939,9052,5205,6873,4596,4766,3807,1047,2791,88,826,0,0,0,0,0,0,20250303
202502,5호선,왕십리(성동구청),18,0,1573,561,1750,2947,5267,5396,8404,16028,4603,9191,4212,7386,4952,7697,5837,7940,6670,9332,7004,8567,7777,8319,10283,9148,10301,11848,14357,16855,8757,9346,7659,5109,8426,4401,6681,3836,3225,2166,532,1594,0,275,0,0,0,0,20250303
202502,5호선,우장산,0,0,6500,812,20182,4033,49428,9262,54263,18355,29077,14802,23829,12948,23652,13453,24231,17341,22650,19784,20320,20854,21130,23313,21045,27250,21470,33559,19145,54006,11951,41272,8663,25535,7141,22090,6249,22323,1916,12227,250,3163,0,0,0,0,0,0,20250303
202502,5호선,을지로4가,0,0,332,418,883,5234,2479,16450,3884,40803,3308,18559,3960,10681,5430,10744,6487,9608,7909,9233,9604,8164,10822,7451,13404,6805,26570,6675,36065,7429,14196,4134,9590,2578,7756,2135,5399,1724,2432,1270,375,439,0,0,0,0,0,0,20250303
202502,5호선,장한평,22,0,7212,994,17808,11831,52540,21616,74166,66274,37780,29383,22786,21614,20844,18754,22687,19297,22540,20961,22494,20040,23677,22431,30837,27627,42435,39821,62357,66233,26955,46849,15471,28065,12735,24832,9904,22131,4209,13126,670,3906,0,141,0,0,0,0,20250303
202502,5호선,종로3가,51,4,1167,409,1955,6742,2904,14063,4809,43747,6122,35462,8139,29599,11800,33406,17213,34097,19867,32875,25131,29454,32282,27685,38250,27345,45970,28951,58383,32870,34119,18208,32489,9922,36233,7422,28602,6208,15305,3726,1922,1161,0,9,0,0,0,0,20250303
202502,5호선,천호(풍납토성),57,1,6105,1671,11058,12095,31050,17597,38466,37829,23088,34617,20916,26895,24984,27596,30032,29575,31078,33764,33271,32027,38530,33861,44607,35267,49028,42916,53188,58667,35669,40150,31977,23893,23403,20154,18217,16660,8994,10210,1903,3259,1,1,0,0,0,0,20250303
202502,5호선,청구,8,0,1335,159,2132,1693,5569,3215,8889,13630,5563,7605,4694,3778,4488,3449,5113,4335,4651,4647,4632,4641,4814,4921,6659,5501,8037,7089,13451,9902,6986,6724,4393,4642,3530,4140,2747,3758,1545,2402,218,627,0,0,0,0,0,0,20250303
202502,5호선,충정로(경기대입구),0,0,736,164,2348,2808,5525,16328,8591,37031,4841,13156,3563,4088,4437,3592,4872,3699,5197,4661,5505,4157,5940,4113,7879,4475,18430,5869,31257,9131,8342,5770,5611,4188,4662,3973,2503,3481,1039,2104,211,547,0,70,0,0,0,0,20250303
202502,5호선,하남검단산,12,0,4116,15,8922,2506,22780,4071,17573,8339,12062,8028,10413,8073,9360,8059,9606,10098,9717,9399,9647,9890,10161,12752,10814,10900,11471,13997,11472,16928,7326,15877,6510,10235,5215,9322,4175,7839,1160,5180,107,2746,0,0,0,0,0,0,20250303
202502,5호선,하남시청(덕풍?신장),24,0,5071,94,12799,3189,28333,5426,25549,12866,17104,7235,14069,9031,13463,9047,14422,8864,13907,12388,12433,11152,12993,15725,13239,15691,13489,16715,14749,25553,8045,23002,5936,12960,4931,12889,3081,11405,1399,6743,286,3397,0,0,0,0,0,0,20250303
202502,5호선,하남풍산,3,1,1830,370,4966,2008,9686,6555,10633,15742,7177,9951,6427,6682,6343,5956,6909,5110,7164,6530,7135,6425,7923,6079,8888,7968,11712,7113,14219,11197,5215,9911,3975,5810,3716,5239,2525,4962,752,3176,183,1184,0,0,0,0,0,0,20250303
202502,5호선,행당,18,0,3449,634,9842,2199,28088,4435,39530,8812,20122,6229,13376,5222,11818,6127,11999,7292,11214,8146,9398,9422,9743,11085,9500,13716,10032,18434,9811,30173,6274,20169,4795,13083,3559,11848,2906,10150,1067,5990,197,1808,0,0,0,0,0,0,20250303
202502,5호선,화곡,552,2,20161,1549,37529,8782,105666,13627,136540,28957,68159,23677,41966,17714,38868,18877,42039,22204,37961,25609,33443,29884,31165,36934,33252,48197,35909,63797,37953,118950,21729,85113,16022,53071,13298,48232,10176,41707,4299,24646,666,7539,0,0,0,0,0,0,20250303
202502,6호선,고려대(종암),16,3,3362,843,6683,4026,18422,9328,24832,23424,13033,13623,9543,8932,9595,8724,11873,8579,13198,11168,12089,9865,12576,10072,16345,12050,20468,14273,18932,20584,9433,17594,6622,11063,6704,11173,5580,10255,2261,7330,425,2155,0,36,0,0,0,0,20250303
202502,6호선,공덕,121,3,4337,2093,7158,11119,19642,36768,29684,94630,21546,47052,18082,22675,20661,19897,22240,20199,23611,20724,24191,19736,27917,20764,33685,24648,56897,29245,82252,40628,36333,26114,28609,16610,26019,15628,19211,13539,8508,8770,1178,3695,1,105,0,0,0,0,20250303
202502,6호선,광흥창(서강),5,0,2770,1219,7056,5674,18624,13530,26227,33170,16026,18570,12481,11497,13098,10502,14329,10750,13076,11750,12288,11221,13034,11962,16029,12449,22574,16721,29973,24444,13759,17897,9577,11220,8309,9799,5248,9394,2080,5317,408,1550,0,0,0,0,0,0,20250303
202502,6호선,구산,19,1,5596,177,11086,1850,28560,3495,37030,6777,19680,5478,12829,4936,12219,6481,12651,7283,11783,7908,9797,8816,10184,10797,11150,13441,10640,15587,9023,22648,5930,20182,4547,11025,3769,9570,3477,8159,1170,5104,237,1674,0,0,0,0,0,0,20250303
202502,6호선,녹사평(용산구청),23,0,873,441,1589,3301,3621,6877,6095,15860,5034,8437,3835,6590,4064,6319,4986,8291,5604,9092,6019,8510,7638,9464,9933,8768,13669,10684,18222,12050,11261,8483,9448,4910,9575,4005,8294,3544,3775,2015,528,635,0,0,0,0,0,0,20250303
202502,6호선,대흥(서강대앞),3,0,2182,977,4833,4428,13516,11877,19841,29491,12884,19435,9526,12545,9994,10595,12004,13332,14227,15172,12025,11757,13288,12972,15644,13346,22335,17141,25298,23697,12811,15804,10444,9553,9823,8117,9477,7726,3107,5440,440,1608,0,0,1,0,0,0,20250303
202502,6호선,독바위,12,0,2087,252,4121,761,12161,1699,12242,2429,6749,2246,4399,2441,3942,2070,4040,2677,3777,2899,3268,3062,3232,4012,3343,4956,2940,6579,2811,11275,1775,9864,1161,5867,799,4999,506,4555,307,3048,67,1195,1,0,0,0,0,0,20250303
202502,6호선,돌곶이,19,0,6438,1158,13909,4187,36224,6100,41464,16913,21292,10215,14952,8719,12595,8583,14051,10803,13707,11060,12617,10603,12840,13624,14809,15953,15243,21369,14566,33618,9768,27860,6163,16171,5481,13709,3957,13267,1934,7924,304,2763,0,0,0,0,0,0,20250303
202502,6호선,동묘앞,154,0,4370,827,4348,3552,9406,6868,15005,18931,11885,15866,10680,14249,13248,15751,15783,15843,16268,18027,19194,17738,21376,16755,23596,15801,23223,16056,21402,19434,12413,14806,9857,9819,7843,9626,5581,9212,2839,7373,477,2188,1,81,0,0,0,0,20250303
202502,6호선,디지털미디어시티,111,18,5813,2382,15877,10821,46696,28080,52441,62462,27290,29174,17472,11587,15186,10352,15580,11653,15485,12795,14070,13422,15613,15679,19818,21467,33590,29869,45585,48464,20285,35328,9781,22057,7790,20241,5505,18459,2652,10548,699,4387,1,16,0,0,0,0,20250303
202502,6호선,마포구청,35,10,5462,1327,13115,5938,37162,13388,52198,33810,32642,17501,20614,13117,19881,12453,19325,15671,19716,16588,18156,15793,18835,18902,20474,20132,24744,26453,34826,42489,18028,32183,12100,21166,11306,19147,7829,17200,3710,10985,609,3082,0,0,0,0,0,0,20250303
202502,6호선,망원,2,1,5152,587,8725,4690,23117,9013,35405,32020,22548,30364,16640,22745,17855,28078,22567,30402,24070,35557,25663,31733,27620,34986,30520,35743,35556,38298,42855,48409,31147,34191,25696,18442,23490,15924,17917,13187,7953,8776,1301,2307,0,0,0,0,0,0,20250303
202502,6호선,버티고개,0,0,876,301,1651,1253,4683,2049,6936,5702,4613,3716,3041,2494,2689,2015,2813,2549,2897,2783,2712,2977,3272,3231,3142,3689,4447,4706,6380,6584,2950,4963,1944,3392,1398,3212,1168,2789,502,1740,86,460,0,34,0,0,0,0,20250303
202502,6호선,보문,26,0,3769,655,7169,3745,21588,6796,31109,17100,17265,9557,10581,6826,9904,6132,10814,7587,11199,8389,9936,7737,10071,9847,11957,10916,14067,15649,16676,23420,8087,18932,6400,11777,5868,11407,4873,11157,2537,7624,590,2633,0,0,0,0,0,0,20250303
202502,6호선,봉화산(서울의료원),10,0,5337,798,14157,2129,41282,5181,36530,11411,17360,6685,12842,5960,11107,5968,12534,7538,11175,8818,9746,9221,9517,11856,10388,13575,11845,19291,9975,28294,5317,27071,3611,15966,2956,13169,2739,12917,1062,7135,195,2786,0,206,0,0,0,0,20250303
202502,6호선,불광,14,2,1352,451,3843,2399,11459,2322,13839,6989,7221,6391,6252,5250,6606,5630,7305,5914,7991,6490,8472,6354,9729,7255,10593,7983,9850,10193,9523,14843,5733,10918,4704,6282,3611,5430,1989,5223,826,3051,176,1031,0,0,0,0,0,0,20250303
202502,6호선,삼각지,1,0,1220,588,2528,6075,6860,14614,12104,26236,7934,11328,6492,8387,7135,8564,8739,9304,11091,9697,11120,8316,13243,8682,16602,9397,22368,11894,28586,15296,12369,9698,10445,6581,9827,6015,7722,6069,4316,4072,734,1169,0,3,0,0,0,0,20250303
202502,6호선,상수,13,0,4313,1052,5835,3452,9569,5599,12962,18007,9366,20712,7318,14994,7742,16272,9612,18367,11155,19657,12166,18734,13934,18578,19046,20936,20332,25030,27770,32944,20676,23249,19233,14614,21817,11660,22338,10646,14109,8246,2577,2741,0,0,0,0,0,0,20250303
202502,6호선,상월곡(한국과학기술연구원),43,0,5008,511,7840,2092,20262,3502,26479,11362,14402,6929,9529,4964,8561,4679,9228,5629,8700,6744,7574,6252,7550,7968,8494,9831,8528,12756,9754,18977,5714,16267,2992,9608,4275,8786,2906,8425,1192,5426,158,1772,0,1,0,0,0,0,20250303
202502,6호선,새절(신사),56,0,9942,544,18705,4469,49410,5796,58580,11678,29216,9009,18854,8344,16740,9108,17461,11193,16635,13972,13607,13520,13821,18500,15738,20950,15541,28709,13427,45150,8630,38431,5766,22524,4701,19323,3493,17406,1540,10662,291,3818,0,5,0,0,0,0,20250303
202502,6호선,석계,1090,3,7980,1615,17227,4802,45043,6109,49714,11828,26620,9487,18693,8628,16885,10654,17292,12622,17411,13179,15139,14669,14041,18634,14607,24028,15292,29565,14160,49438,10642,39798,7521,23876,7218,20242,5876,18423,3278,11581,652,3913,0,6,0,0,0,0,20250303
202502,6호선,신내,0,0,0,0,0,0,0,0,1,0,0,0,0,0,1,0,0,0,2,0,1,0,0,0,1,0,0,0,0,0,0,0,0,0,0,0,0,0,0,0,0,0,0,0,0,0,0,0,20250303
202502,6호선,신당,113,2,5558,1221,4154,6761,6205,10961,10671,29900,8371,20625,6743,12204,8786,10546,10352,10681,10634,11175,11902,10004,13065,9429,15817,11391,19563,13078,25573,18370,17041,19128,15712,9952,14102,7364,14532,7583,6838,7607,1590,2149,0,15,0,0,0,0,20250303
202502,6호선,안암(고대병원앞),7,0,1475,1371,2813,6282,8218,14665,12330,34969,10266,33266,11233,22274,13471,16643,16507,18181,17079,19578,19693,18263,21930,15392,27167,15243,37900,16871,30561,20667,16752,14800,15133,9690,19310,9671,15508,9071,8128,6418,1486,2665,1,84,0,0,0,0,20250303
202502,6호선,약수,1,0,1035,279,1728,2008,4104,4748,6950,15566,5419,8596,4303,4936,4208,4685,4999,4530,4852,5145,4948,4993,5530,5351,6402,5404,8565,6985,12730,9192,6801,5782,5326,3431,5148,3057,4104,2400,2018,1628,441,512,0,0,0,0,0,0,20250303
202502,6호선,역촌,1,1,1964,293,5048,2834,14289,2741,15875,6915,8212,3875,5894,3093,5477,4331,5537,4758,6193,4935,5010,5189,4822,5893,4922,7547,5259,10235,4918,16559,2862,13598,2117,7740,1859,7428,1372,6572,522,4233,83,1273,0,0,0,0,0,0,20250303
202502,6호선,연신내,0,0,0,0,0,0,1,0,6,0,2,0,4,0,2,0,5,0,4,0,5,0,10,0,2,0,1,0,4,0,1,0,3,0,0,0,2,0,0,0,3,0,0,0,0,0,0,0,20250303
202502,6호선,월곡(동덕여대),8,0,5764,644,12448,3441,35447,6934,44427,23701,22080,15025,15403,11438,14429,10030,16115,11745,15539,12945,14523,13147,14982,15656,16410,19582,18814,25091,24257,39417,11688,31079,8809,17793,6917,16388,4627,14464,2344,9710,509,3127,0,1,0,0,0,0,20250303
202502,6호선,월드컵경기장(성산),17,0,680,1001,2348,2277,6853,3723,8408,6801,4615,5902,4527,6914,5457,7091,6210,8276,7243,10258,8598,13405,10396,17583,11285,11902,9714,8173,19198,10203,9111,7962,4154,4861,4064,3631,2791,2940,918,1468,168,375,0,0,0,0,0,0,20250303
202502,6호선,응암,49,2,10512,1200,23787,5320,66078,8399,83799,15734,43741,12510,26669,12498,24992,13990,26052,16727,24853,17747,21558,20865,20608,26806,21787,31979,20948,44794,20542,73066,12799,57339,9414,35609,8161,29707,5860,26346,2404,17052,402,5315,0,0,0,0,0,0,20250303
202502,6호선,이태원,193,1,7766,1678,6874,12111,7498,10859,9128,24278,7987,23981,7808,17275,8429,14047,9821,15636,11680,17149,13950,16355,16942,16720,25984,19869,26006,23397,34423,27166,25385,23321,21697,17774,21899,15676,20496,15321,13747,12351,2427,4524,0,0,0,0,0,0,20250303
202502,6호선,증산(명지대앞),10,0,6475,507,12277,3189,32993,3958,41794,9557,22842,7105,15470,6350,13333,7802,13845,8468,13426,10476,11924,11109,11223,14047,11968,17862,11698,22818,12341,38050,6860,29180,4785,18298,3860,17068,2868,14604,1294,8572,294,2831,0,1,0,0,0,0,20250303
202502,6호선,창신,2,0,2589,294,4536,1301,13851,2199,16724,4759,8553,3201,4708,2317,4373,2135,4417,2823,4078,3144,3564,3100,3589,3646,4206,4518,3996,6205,3974,9518,2327,7829,2139,4913,1441,4969,926,4407,584,2818,87,895,0,0,0,0,0,0,20250303
202502,6호선,청구,11,0,1353,398,2529,2597,6677,6053,9212,21079,6058,10546,4397,4351,4260,3795,4586,3815,4707,4375,4800,4076,4982,4454,6415,4959,7432,5909,13514,7064,8019,4711,4859,3345,4056,3379,3210,2886,1613,1968,327,593,0,0,0,0,0,0,20250303
202502,6호선,태릉입구,22,0,3949,970,6510,2528,17348,3048,20843,7219,10800,5713,8409,4654,8144,5603,8805,6142,8726,7040,8411,7970,8108,8691,8657,10979,8944,14002,9276,22539,6028,17660,4495,10532,4009,10168,3206,8673,1665,6922,410,3348,0,12,0,0,0,0,20250303
202502,6호선,한강진,22,0,442,791,1213,8323,3490,20974,4838,37347,4211,28187,3356,19238,4668,18214,6117,18160,7857,24944,10997,19392,16745,20304,25622,22285,34315,22045,41616,24245,27395,11704,24483,4262,23012,3252,22286,2572,3529,1882,452,1197,0,141,0,0,0,0,20250303
202502,6호선,합정,41,0,3109,968,4843,5695,10504,14840,18460,39304,12291,27758,10817,17520,12185,18654,15218,19171,17051,21762,19532,19051,22332,21455,24163,24525,32119,28535,46707,42190,31406,27623,28184,14013,30706,11999,26823,10375,14480,7312,2426,2306,1,0,0,0,0,0,20250303
202502,6호선,화랑대(서울여대입구),20,0,5972,1062,20070,3559,52064,5547,47300,10417,23773,7642,15398,6566,14219,6743,15148,7526,15077,9086,11969,9066,12128,11357,13994,14331,13896,21743,12372,34251,6408,30072,4424,18025,3588,15445,2774,13824,1062,9186,152,3504,0,16,0,0,0,0,20250303
202502,6호선,효창공원앞,4,0,2040,563,5030,3344,15792,6351,25705,21186,14086,11116,9369,7378,9015,6596,9798,7576,9924,8522,8953,8342,9808,9016,12195,10911,15523,13246,22142,19828,9584,14331,6264,9017,5166,7700,4190,7240,2026,4719,422,1766,0,0,0,0,0,0,20250303
202502,7호선,가산디지털단지,549,3,6403,5020,9182,27893,21855,138204,25498,371698,18474,212203,16827,55791,20577,33203,27657,31052,31329,32891,36656,28085,46368,24974,73440,24218,206753,26849,300658,33201,119330,23610,68132,14749,49724,11811,27599,10367,11273,7010,1438,2519,0,0,0,0,0,0,20250303
202502,7호선,강남구청,16,0,1583,1554,3616,14826,6763,34124,8916,99509,8525,93894,8974,41656,11164,23563,14064,21253,16591,22200,20498,19068,25694,17338,30983,16839,49954,18454,84099,20061,52260,12811,32600,8277,29400,6297,20436,5221,8608,3509,1478,1622,0,0,0,0,0,0,20250303
202502,7호선,건대입구,58,0,3681,1242,4587,7853,12449,18120,18539,32535,15257,27208,13020,22893,14855,21446,16963,22630,19185,25011,21465,23237,26679,23003,29852,23035,38565,29234,34265,37706,24205,24694,24880,13817,20606,11517,17773,9719,9239,5521,1459,2801,0,200,0,0,0,0,20250303
202502,7호선,고속터미널,21,1,1203,2611,2821,19817,10489,36120,18218,45525,24985,35170,24067,28444,27060,27701,29006,24165,28945,26904,30183,24170,38946,19559,40585,19777,56888,22288,46926,24061,30320,15327,30624,8954,27034,8668,20584,5110,5657,2958,665,759,0,3,0,0,0,0,20250303
202502,7호선,공릉(서울과학기술대),24,2,5708,919,12888,4025,33190,8026,39466,18782,21563,14632,16788,11963,16550,12361,18469,14275,18282,15091,17487,15480,17427,18244,18870,21256,20085,26699,21510,39757,12731,34381,10211,19033,9462,17068,8101,15981,4172,10487,740,3577,0,0,0,0,0,0,20250303
202502,7호선,광명사거리,160,3,17102,5459,27866,11066,73317,13492,76783,23541,41308,20885,27030,21755,26599,25827,29500,29151,30062,31314,28677,30380,31120,34636,36117,38612,34588,49406,31851,75854,21538,58195,14171,31777,10830,26622,8508,22414,3559,13592,701,4086,0,34,0,0,0,0,20250303
202502,7호선,군자(능동),44,0,7814,846,12821,5080,33178,8471,53018,24917,35207,18018,20587,11967,17670,11210,19802,12251,19392,13792,18239,15302,18600,17779,21586,21003,27063,27081,32281,42048,19788,32551,16572,19856,15329,17192,12265,14745,6371,8586,1323,3185,0,39,0,0,0,0,20250303
202502,7호선,남구로,165,1,17769,1158,14349,6351,27099,30649,31433,90083,22189,41450,14617,17948,13607,14429,15283,13822,14843,14524,14021,13674,15960,16034,18613,20920,43821,30622,69798,29655,28937,21784,15315,14890,10253,16083,6760,12954,3070,7136,469,1893,0,0,0,0,0,0,20250303
202502,7호선,남성,29,0,5329,790,13047,3028,34101,5499,50978,12854,31644,10937,18855,9844,15888,9972,15976,11234,16007,12004,14526,13288,13656,16876,13653,19501,13693,26161,13606,41502,8666,30334,7258,19500,6188,16779,4085,15218,1903,9035,320,2777,0,1,0,0,0,0,20250303
202502,7호선,내방,5,0,2355,1816,7426,14869,16303,23897,25505,72525,18909,43184,14466,20489,14565,16300,16490,16342,18323,18582,19250,16259,20786,16202,27154,17683,43112,23780,65502,30958,26207,19979,18810,12456,17142,10792,11938,8919,3930,5498,657,2378,0,167,0,0,0,0,20250303
202502,7호선,노원,15,1,6654,2078,13464,5918,35430,12889,37866,43980,25992,41570,25634,30636,29703,31680,33092,34033,34231,38342,36240,36951,39817,38133,43244,40393,43545,43835,46194,60188,30770,48109,28293,24549,21939,18803,19445,16015,8460,10559,1616,3477,1,8,0,0,0,0,20250303
202502,7호선,논현,21,0,2557,1276,4137,15787,7244,39047,12879,99603,10451,86673,10603,36022,12456,23214,14647,21891,16693,24577,21731,22141,26510,20574,32287,22150,59405,27045,96159,32706,53057,18471,35204,10723,34868,8406,31744,6519,15417,4472,2936,2153,1,0,0,0,0,0,20250303
202502,7호선,대림(구로구청),26,3,10748,773,8381,4070,14253,6857,19727,17328,15638,12615,11476,16404,12191,17862,13521,15330,15171,15076,16746,14671,16937,15890,17535,18011,18658,22495,18873,21529,12064,14763,9274,10345,7660,12454,6354,9648,3326,4985,378,1301,0,4,0,1,0,0,20250303
202502,7호선,도봉산,99,0,5390,1088,16164,3655,47650,6043,35692,9327,17677,9835,11729,10185,10258,10231,10158,10250,9713,10682,8880,11160,9399,12538,10426,15183,9109,20513,8676,33159,4330,35149,3173,21742,2324,17389,1819,14825,846,9493,118,3884,0,72,0,0,0,0,20250303
202502,7호선,마들,11,0,9819,1212,24040,2589,60493,5866,57569,11036,29613,10245,21624,9206,20372,11074,21235,13921,18667,14330,16302,16478,15809,19023,15205,23681,13866,28826,12980,46579,7914,46352,5268,25712,3834,21671,2993,19691,1255,11872,193,3878,0,0,0,0,0,0,20250303
202502,7호선,먹골,4,0,6939,760,11422,2847,31053,5025,40105,14693,23160,9722,16194,8737,14602,9287,15353,11294,15307,12300,13551,12976,12987,16035,13919,20257,14610,23991,16656,36785,10595,31013,7295,19020,5806,16097,4262,13709,1961,9014,441,2647,0,74,0,0,0,0,20250303
202502,7호선,면목,67,0,11843,753,21214,4491,49925,7241,65337,19184,36297,13187,23430,12200,19294,12907,20736,14355,20016,15724,16727,16869,16431,22255,18621,27044,17708,31998,18932,50368,13505,44537,8163,25838,6068,21816,3961,20713,2078,11438,412,4160,0,0,0,0,0,0,20250303
202502,7호선,반포,20,2,857,1109,2667,15558,6730,10524,10287,17298,7942,15500,6045,10041,6367,10124,7926,9604,8512,9079,9694,8616,12530,7797,20043,8105,19521,9037,17265,10849,11750,6736,9165,4553,8601,3944,6219,3864,1808,1961,243,601,0,0,0,0,0,0,20250303
202502,7호선,보라매,21,1,3108,855,5645,2843,15203,7406,21877,19399,14188,9860,8567,7787,8576,7666,9601,8752,9450,8836,9749,8345,9901,9244,10773,10618,12488,14712,16058,22870,7306,16470,6658,10201,5850,9311,4395,7797,1780,4920,331,1866,0,15,0,0,0,0,20250303
202502,7호선,사가정,15,1,11502,1165,21610,6346,48968,9887,65667,21915,38000,15989,24530,14293,21180,14839,24344,16441,21734,17924,20104,20168,19863,25505,20294,30273,22254,39588,23368,61462,16701,49802,11406,28763,9393,25251,7216,21660,3894,11486,688,3871,0,0,0,0,0,0,20250303
202502,7호선,상도,5,0,4621,1949,11026,5249,31041,6939,41718,17734,27346,14854,17546,11320,15421,10228,16191,12414,16658,13995,14945,14200,15845,16485,17615,18720,19067,25168,18539,39003,10882,28713,8718,18661,7776,16074,6720,14511,3483,9955,658,2854,0,0,0,0,0,0,20250303
202502,7호선,상봉,410,6,9685,1193,18834,7157,49805,11366,70876,26163,35587,17135,22035,14696,19802,16678,23024,19287,22764,20843,21939,21049,23653,23713,26770,28605,29098,38752,31573,64961,22018,55307,16906,30673,16463,24274,12893,23086,6720,14322,1385,6317,4,11,0,0,0,0,20250303
202502,7호선,수락산,86,2,9171,848,18643,5152,42159,7166,42967,14888,26821,13228,19049,12922,17226,13621,19056,15539,19211,14239,18551,15076,18669,17714,18293,22216,17913,27464,17270,39731,10563,38629,7326,24428,6252,18683,3937,16584,1995,10197,284,4115,0,6,0,0,0,0,20250303
202502,7호선,숭실대입구(살피재),33,0,4978,793,11336,2937,32440,5563,44819,11777,29229,17451,18431,13177,16358,11924,17302,13709,17629,15220,15879,15972,16066,18680,17187,21257,20183,27984,16148,42358,9761,31353,8705,20103,7928,17841,6872,17282,3737,11527,673,3500,0,0,0,0,0,0,20250303
202502,7호선,신대방삼거리,59,0,8756,462,17056,4165,46626,6903,69029,17727,38822,16064,22204,13041,20111,13069,22176,14562,20324,16607,18478,17636,17786,20939,18747,24842,18668,33870,20261,57773,11738,43075,9513,26254,8478,23370,6413,19430,3168,12300,640,4478,0,0,0,0,0,0,20250303
202502,7호선,신풍,176,0,12017,1142,14873,4880,36531,9647,47294,18616,28117,13009,16487,10804,14681,11006,16578,11545,15903,12158,14169,12637,14499,15846,15418,19934,16890,27470,18347,39576,10705,29993,8257,17352,6291,16620,4599,14319,2056,7766,413,2651,1,372,0,0,0,0,20250303
202502,7호선,어린이대공원(세종대),16,0,2817,704,6383,7018,17451,13859,30377,45078,21803,33737,14300,21173,14002,17943,16914,20812,17972,21725,18502,18580,22217,18646,28528,18961,37865,21796,40148,30350,21229,22876,15724,15323,16987,13328,15016,13130,7491,8766,1342,2750,0,3,0,0,0,0,20250303
202502,7호선,온수(성공회대입구),70,0,8082,655,17235,3038,41780,7347,47138,12680,20925,6663,12477,5557,11127,5573,11987,6877,10280,7823,9156,8674,8236,10984,9295,13991,11139,20946,11824,35795,5432,27079,4138,17180,3844,13679,2412,12282,1501,7750,298,3987,0,792,0,0,0,0,20250303
202502,7호선,용마산(용마폭포공원),2,1,4295,446,9644,1731,21095,3198,26620,7519,14738,5134,8873,4996,7716,4577,7873,5390,7278,5942,6146,6577,6065,8466,6642,9928,6678,13084,6585,19782,4439,17105,2711,10563,2141,9870,1493,8642,819,5033,175,1817,0,0,0,0,0,0,20250303
202502,7호선,이수,40,1,4164,1385,8812,16063,24497,15084,39498,40797,27207,27983,19282,19523,18571,19699,21238,19782,22864,21876,23484,22455,25440,23281,31711,28008,36179,38435,44515,54055,26180,35954,23791,19174,26425,15740,21871,13758,11507,7852,1831,2594,2,24,0,0,0,0,20250303
202502,7호선,자양(뚝섬한강공원),0,0,4049,560,8547,3437,19056,7280,29009,13547,19423,9211,12259,8136,10500,8261,11315,10009,11626,11947,10990,12612,12445,13832,14588,14036,15032,18200,14498,26284,8796,19054,6942,12258,5502,11815,4197,10053,1957,5187,351,1650,0,2,0,0,0,0,20250303
202502,7호선,장승배기,8,1,5215,1836,9554,8806,24898,7803,35077,16760,22559,10922,14298,8790,12753,9124,13718,10204,13639,11218,12481,11689,12757,13345,15939,15630,16878,19341,15253,29362,8082,22071,6266,14409,6020,12343,4219,11042,1664,7147,434,2324,0,0,0,0,0,0,20250303
202502,7호선,장암,5,0,1917,93,7288,857,16276,1174,10456,1390,4419,1689,2565,1844,2055,2307,2597,2372,2725,1774,3046,1378,3138,1434,3090,1700,3089,2333,2786,3715,1483,3016,950,1908,673,784,423,830,179,548,20,239,0,0,0,0,0,0,20250303
202502,7호선,중계,21,0,8356,2063,22190,4262,57223,10904,58142,23765,31104,13763,23012,11066,21015,13253,22656,13507,18956,14223,19297,14389,17149,16940,18563,20612,18659,26870,16892,45422,9234,44756,6763,25494,7894,21062,5091,19211,2260,11671,282,3509,0,0,0,0,0,0,20250303
202502,7호선,중곡,4,0,5462,586,11364,3748,26951,12941,41504,28287,25953,14170,16167,9609,14686,9075,15218,10082,14241,11116,12778,11707,13333,14615,15826,17767,20204,21237,23328,32109,11445,26106,8252,16520,6172,14329,4516,12956,1670,7080,350,2466,0,0,0,0,0,0,20250303
202502,7호선,중화,93,0,7063,968,13944,4584,32077,7551,42288,19242,24105,10372,15797,9055,14328,8858,15673,10692,14924,11051,12897,12736,12479,15446,14743,19334,16772,22680,17820,34814,10569,30738,7052,18900,5885,16245,4260,15030,1868,8845,328,2852,0,19,0,0,0,0,20250303
202502,7호선,천왕,25,0,7228,1084,17390,5997,48538,7711,54558,12623,29000,8004,17851,6583,15513,7951,15329,10334,14151,11245,12259,12248,11158,15358,13697,19411,14026,28248,13917,43624,6471,35701,4813,20645,3807,17367,2473,15111,1011,9346,245,2613,0,128,0,0,0,0,20250303
202502,7호선,철산,13,0,9050,3370,28739,10914,78799,14241,76487,30053,42445,24312,29538,18599,27195,18918,28512,20682,26471,23801,24988,23700,25919,28349,29582,35273,32205,54205,34028,85185,19346,67740,16623,37559,15803,32420,13680,27424,5940,16281,1094,4799,0,0,0,0,0,0,20250303
202502,7호선,청담,8,0,2073,3615,5874,29083,10081,54186,13514,128622,11591,86785,11225,32928,14411,21324,17856,21177,17869,21466,23244,18989,29587,16784,39449,16702,66199,18125,100473,19036,49895,13176,27795,9090,25327,7950,17974,5987,4752,3185,649,2018,0,0,0,0,0,0,20250303
202502,7호선,태릉입구,132,1,7362,920,6802,4284,17415,6695,22633,16175,14160,9696,11146,8133,10395,8090,12130,9248,12226,10012,11948,10231,12919,11234,14324,13217,16269,16165,17767,21545,10578,19779,8280,12397,7185,10683,5422,9937,2580,6313,539,2786,5,1079,0,0,0,0,20250303
202502,7호선,하계,51,0,8142,1621,24252,5516,64122,11980,65167,23268,36841,19290,27709,15307,26559,15665,27946,20535,25186,23884,24660,22111,27718,24281,28424,27972,28411,35759,24113,57793,13609,52276,13322,29831,9422,26082,7313,24034,2703,15979,484,4803,0,0,0,0,0,0,20250303
202502,7호선,학동,5,0,1684,1513,4243,21333,7340,52903,10206,171489,10003,126896,10617,54155,14199,27746,17718,23533,21182,26929,26362,22303,34012,18604,43800,18331,84330,18878,155239,19376,73360,12018,39329,7570,33002,6644,23337,4794,8656,2973,1434,1165,0,0,0,0,0,0,20250303
202502,8호선,가락시장,161,3,3538,2297,5802,6619,11409,14584,13442,41131,10449,16568,9258,11902,10419,11616,10849,11262,11542,12449,13155,12018,15433,12150,15577,14666,20975,17492,29572,22111,13474,15654,11719,10450,12008,8442,9059,6941,4401,4528,1090,1837,1,456,0,0,0,0,20250303
202502,8호선,강동구청,25,0,5089,782,10461,5207,26919,14991,36679,34107,22470,14753,16152,11183,14348,9979,14474,11385,14887,13862,13708,13069,14500,15571,15992,17813,20026,23500,28992,33147,10934,26027,8616,16730,7303,14256,5214,12191,1961,7022,424,2053,0,0,0,0,0,0,20250303
202502,8호선,남위례,1,0,1465,1264,6626,4402,19744,8222,24293,20773,12913,11648,9074,6580,8835,6281,9236,6743,9517,8316,9381,8434,10866,9039,12140,11987,16511,16744,18538,24553,8360,18243,6946,11325,6499,8816,4968,8720,2087,5264,556,1201,0,0,0,0,0,0,20250303
202502,8호선,남한산성입구(성남법원.검찰청),112,9,10402,1447,19320,4151,46339,9537,56624,17815,31145,11649,19535,9432,17644,8851,17934,10573,17098,11610,14724,12302,14187,16873,14666,19639,17990,26409,18737,41795,8716,33064,5781,20998,4111,20317,2900,16919,1112,10186,249,3312,0,0,0,0,0,0,20250303
202502,8호선,단대오거리,50,0,9553,1563,18021,5122,45315,10555,50385,16800,26151,9230,17126,7977,15290,8753,16491,10156,15809,11202,13981,13109,13013,17685,14713,20823,18158,28111,20058,44450,9616,35233,6717,21291,4747,18788,3093,15971,1497,9971,326,3235,0,0,0,0,0,0,20250303
202502,8호선,모란,2,0,2150,547,2956,3579,8388,3892,10963,8131,6589,5990,6466,6199,7150,6473,9062,7319,9955,7525,10021,6965,11413,7126,11300,7549,11559,7279,11353,9763,6398,6486,4374,4169,4341,4020,3775,3271,2375,2112,686,1298,0,353,0,0,0,0,20250303
202502,8호선,몽촌토성(평화의문),15,1,1558,2019,4236,7962,12276,10565,18999,28709,11618,14914,7840,9066,7809,8686,8825,9205,9117,9480,9855,8193,10828,8897,14809,10587,19455,14206,24633,18636,10609,14522,8384,9319,8913,7567,7064,6902,3451,4236,832,1409,0,0,0,0,0,0,20250303
202502,8호선,문정,1,0,2252,3261,7484,10618,24958,55702,34091,177687,21180,81109,16175,29835,18039,20169,21712,20260,24207,21411,27192,20133,29453,19777,35079,22544,88243,27222,129778,39684,45383,29047,31383,17777,26037,14260,17841,13166,6914,7084,1279,2023,0,0,0,0,0,0,20250303
202502,8호선,복정,50,0,3654,1937,10229,8065,25036,9445,34370,17330,20059,11173,12632,7215,10124,6133,11813,7795,10875,7158,10093,7857,11061,9903,13511,12380,19775,18900,23393,28226,14403,20336,7979,13251,6304,11675,4950,10955,2054,4545,469,1021,1,0,0,0,0,0,20250303
202502,8호선,산성,17,0,4522,571,10368,1862,26608,3116,29723,6070,15303,4127,10195,4285,8355,3912,8296,4796,7993,5474,7149,6300,7023,8652,7055,10224,7400,15224,5738,26286,2921,22147,2156,13079,1770,12045,1058,9834,560,6148,134,2282,0,0,0,0,0,0,20250303
202502,8호선,석촌,0,0,2194,767,5215,3828,15117,8292,23327,23610,13484,20004,10855,13567,11054,14359,12769,15354,13317,16375,13097,16145,14748,16565,15799,17641,19006,23425,23290,32017,13379,21464,12422,12501,12753,10711,10996,8862,4190,5352,773,1974,2,8,0,0,0,0,20250303
202502,8호선,송파,4,1,2728,591,9635,5582,28324,8414,33978,17926,21782,11713,15690,8816,15361,8999,15150,10350,15082,12648,12787,13380,13602,15407,14008,17923,16501,22577,18298,33309,10173,24956,7241,15047,5693,13981,4702,11468,1739,5720,317,1888,0,47,0,0,0,0,20250303
202502,8호선,수진,19,1,3520,429,6479,2183,15965,3306,21487,8017,12130,6483,8216,6014,7839,6309,8770,6812,8374,8151,8353,7947,8581,8326,9748,9132,9484,10624,7839,15837,4475,13304,3463,8509,3577,7349,2333,6463,936,4173,235,1436,0,21,0,0,0,0,20250303
202502,8호선,신흥,2,0,3357,502,7010,2308,17296,3086,20316,6386,11531,4337,7281,4806,7001,5444,7218,6956,6970,8513,6922,8397,8251,9349,9085,10871,8910,13177,8856,18275,4831,15698,3838,9821,2872,8457,2023,7099,923,3932,202,1283,0,3,0,0,0,0,20250303
202502,8호선,암사,87,0,13549,795,22761,4585,63410,7555,77477,18853,40565,13305,25723,10542,22875,14081,23183,15450,22002,17106,19012,19246,18568,25851,18864,29889,20289,38955,21776,61352,13324,49192,10489,28079,7788,23673,5347,23636,2288,12107,525,3881,1,174,0,0,0,0,20250303
202502,8호선,암사역사공원,4,0,2500,363,7322,2266,24033,4527,28624,5961,14710,3425,9354,3327,8549,3383,8294,4419,7582,5271,6918,6009,6491,6915,7610,9503,8659,13601,8472,20556,4149,16419,2525,10874,1981,8701,1475,9502,540,4661,168,1221,0,0,0,0,0,0,20250303
202502,8호선,잠실(송파구청),24,0,1545,3001,3295,11636,7181,36792,11155,93093,9100,54852,9656,38874,13770,40682,16884,38414,22327,40146,28716,37194,37899,37845,45247,35444,60329,39006,81796,46486,50512,24016,47547,13148,45236,9051,30902,6717,10374,4288,2092,1730,0,199,0,0,0,0,20250303
202502,8호선,장지,15,1,5157,2846,17860,10389,42266,24121,49977,47168,30688,32953,20776,18261,18302,20019,19835,20096,20945,19280,21556,19964,26694,22064,30574,25527,44028,31575,48510,50327,28133,32007,21793,18545,16089,17272,8391,14087,2982,8771,655,2330,0,0,0,0,0,0,20250303
202502,8호선,천호(풍납토성),97,1,9521,2076,15562,11246,40411,17165,54034,33780,31859,28433,20583,22027,20726,23788,22707,25444,24378,28954,23627,27795,26404,32187,30421,35136,36565,47766,39267,69146,25572,48899,22730,28174,16318,25827,12734,19575,6304,12357,1385,3755,0,20,0,0,0,0,20250303
202502,9호선,가양,100,0,14058,1376,25814,8691,73945,24616,75078,54014,40747,30835,30750,18666,29388,19612,32228,21252,30041,23857,26034,26270,26780,31101,32433,35911,40728,43339,51396,71206,23537,61632,17368,37799,14611,30830,9891,27798,3796,16261,617,5239,0,192,0,0,0,0,20250303
202502,9호선,개화,11,0,2140,176,7057,1831,12313,3424,9284,4460,3486,2190,2495,1506,2112,1721,2059,1630,2066,1711,2097,1989,2430,2027,3602,2095,5360,3485,5283,5309,2168,4806,1202,2512,1219,1866,586,1802,252,1070,100,384,10,62,4,4,0,0,20250303
202502,9호선,고속터미널,21,1,2293,1319,5845,12018,17266,17400,25000,29748,20121,31491,19226,33770,20556,36592,23262,37304,25384,38092,27874,40571,31579,41564,34306,43221,37073,48268,35970,55071,29218,35955,25551,25134,19028,21221,16004,19838,5862,8880,770,2332,0,11,0,0,0,0,20250303
202502,9호선,공항시장,7,0,3299,224,4073,1144,9176,1946,11719,4157,6340,3462,4758,2733,4390,3207,5095,3594,4403,3628,4069,4197,3903,5059,4123,6341,4765,7199,4368,11654,2660,8919,2285,6420,1908,5774,1335,5330,750,3484,131,1322,0,107,0,0,0,0,20250303
202502,9호선,구반포,0,0,219,1155,702,13653,1262,3081,1679,4098,1264,2973,1042,1512,1418,1193,1362,1407,1512,1595,1598,1440,2772,1296,9359,1357,10006,1620,4541,2039,2171,1093,1283,686,895,636,649,486,180,304,63,171,0,3,0,0,0,0,20250303
202502,9호선,국회의사당,0,0,642,1722,1832,11732,5213,48322,7537,162202,6966,59824,8962,26390,13054,22232,16089,20337,19352,22505,27095,16816,25744,12362,37969,10851,76808,14388,105757,13012,38423,8085,25469,5482,23874,5022,13150,3861,4491,2333,866,832,0,0,0,0,0,0,20250303
202502,9호선,김포공항,2,3,486,2359,2571,10781,8702,14056,10011,17324,6646,15312,6528,16639,7158,18750,7519,20351,8976,20839,11494,19437,12605,17724,12530,20840,13666,26130,16228,24658,11448,15021,11055,5994,9376,3360,8245,2623,2419,1694,115,1090,3,128,0,0,0,0,20250303
202502,9호선,노들,0,0,3304,359,5664,1136,16554,2151,21453,3609,12200,3234,8216,2919,6720,3307,7233,4016,6990,4489,5820,5429,5259,6319,5667,7458,6316,10678,6495,15365,3589,11463,2562,7864,2028,6855,1494,6635,751,3319,184,1093,0,0,0,0,0,0,20250303
202502,9호선,노량진,361,2,14929,1486,22491,11965,62607,33045,87571,55502,48545,35189,31166,21236,29561,24793,32744,28341,36772,33255,31809,31115,30538,32666,34751,39949,46497,59244,47999,89231,29235,59746,29961,40701,35251,38164,37703,35648,11975,19546,1426,5931,0,0,0,0,0,0,20250303
202502,9호선,당산,88,0,7700,1439,15259,6714,50746,15364,60386,43767,34105,23482,24146,15607,23591,17427,26111,19102,25160,21146,24165,20432,24549,23738,27767,29032,37802,42178,47258,64397,24402,48719,19951,31274,18646,29918,15328,26540,7673,16592,1437,4727,0,266,0,0,0,0,20250303
202502,9호선,동작(현충원),21,0,910,162,1302,1770,4247,1568,4944,2659,2937,1896,2390,2345,2471,1790,3029,1808,2856,2152,2962,1973,2700,2144,3437,2204,3414,2751,3458,4164,1717,2805,1337,1959,1182,1854,868,1609,377,1053,63,796,2,203,0,0,0,0,20250303
202502,9호선,등촌,13,1,5420,1247,14748,4367,47598,7795,57671,19115,24950,12495,16901,10736,17794,11372,17821,13171,16789,13655,15095,15105,16553,18379,17394,19693,17524,30523,19604,46782,10373,37461,8021,20775,6354,17922,5047,15115,2204,8933,468,2907,0,0,0,0,0,0,20250303
202502,9호선,마곡나루(서울식물원),22,0,4338,1256,9945,9977,28285,25336,31264,64074,15616,25389,11289,14425,12671,14023,15836,14751,16915,15882,17662,15282,19674,15188,25097,17527,43968,24602,55014,38271,24919,29546,20406,17606,19031,16296,15164,13392,6886,9590,1065,3343,1,372,0,0,0,0,20250303
202502,9호선,사평,0,0,1071,225,3448,1823,10311,3498,13025,7317,8212,4782,6410,3620,5519,3660,7012,4289,5965,5612,5660,5266,5559,6368,6789,6889,8398,9017,8261,11982,4821,9323,3078,6252,2227,5725,1616,5736,573,2879,180,844,0,1,0,0,0,0,20250303
202502,9호선,샛강,27,0,1203,1034,2353,4291,4984,17216,6528,38575,4779,14361,5084,8544,6179,8064,6961,7078,8100,8004,8577,6803,9559,6543,11259,7940,22362,10191,32191,13423,12588,8042,11072,4085,9808,3868,7025,3215,3444,1994,771,880,0,13,0,0,0,0,20250303
202502,9호선,선유도,8,0,1963,1222,6079,3522,23814,13077,28052,40134,12190,20911,8606,7711,8345,8276,9623,8251,9652,7734,9430,8470,9986,8158,12093,9138,25873,12818,37618,23649,13418,16589,7822,10025,5923,8054,4512,7663,1896,4358,333,1404,0,5,0,0,0,0,20250303
202502,9호선,신논현,78,0,3635,1497,12118,14974,28313,37147,38888,83883,28504,101500,26216,58770,31813,45033,37326,47203,42066,49165,44855,48323,50847,48887,63285,53334,82045,71882,104391,95420,80183,56371,60874,30998,65717,23794,56779,19210,28489,11382,5059,2961,3,634,0,0,0,0,20250303
202502,9호선,신목동,2,0,2264,297,6181,1802,20727,3595,18241,6937,9095,3916,6563,2927,5996,3407,6421,3880,5303,4335,5097,4563,5036,4728,5699,6674,7008,8523,6879,14364,3106,12349,2129,7171,1786,6837,1551,5487,466,3590,126,1081,0,82,0,0,0,0,20250303
202502,9호선,신반포,0,0,828,413,2553,4019,8408,7178,11389,10671,7151,7475,5385,5497,5313,4671,6102,4692,6768,5861,6457,6111,7519,5732,8476,5823,10551,8434,10973,10846,6063,8330,3808,4836,4020,3882,2510,4619,680,2155,152,805,0,0,0,0,0,0,20250303
202502,9호선,신방화,1,0,4736,646,10955,2240,26537,3526,27522,10149,13833,7338,10891,5839,9872,6010,10496,7547,9935,8151,8948,8963,8680,9963,8844,12041,9112,16039,10440,24243,6131,21429,4662,12516,3715,10732,2666,10797,1140,5810,160,2241,0,0,0,0,0,0,20250303
202502,9호선,양천향교,2,0,4311,970,10277,7538,30680,15468,31622,44377,14919,17065,11006,8962,11460,7692,13066,8537,12240,10589,11352,9426,12906,10882,16527,13074,24740,17705,35375,28774,12635,25432,8058,15860,6518,15347,4641,12423,2094,8941,423,2288,6,183,0,0,0,0,20250303
202502,9호선,여의도,14,0,2699,2900,3939,24425,8852,153922,10810,175311,11083,82030,14285,38204,22459,35834,23582,35927,29847,36556,35131,31853,44973,29234,62210,27708,162107,29178,162838,32268,80473,18496,67330,10130,48396,8434,26937,7536,9058,4155,1286,1858,1,290,0,0,0,0,20250303
202502,9호선,염창,16,0,11556,769,25339,4175,75453,7729,82030,19203,43912,11964,27360,10090,23525,11316,24626,13334,21982,15717,18583,18079,18033,23077,19444,27903,22258,44606,23818,71217,13012,59586,10084,36775,9054,31831,6697,30419,2790,17422,537,5767,2,243,0,0,0,0,20250303
202502,9호선,증미,0,0,2372,475,7803,2441,23343,10184,24848,47769,11466,18961,8320,6356,8424,5784,8575,6139,8758,6291,7771,7191,8042,7834,8975,9022,22062,12672,38553,20022,10569,15619,5856,9267,4793,8047,2506,7735,1074,4180,216,1512,0,0,0,0,0,0,20250303
202502,9호선,흑석(중앙대입구),5,0,3427,953,5601,4633,17948,10606,21766,18233,14065,13329,11778,11325,12025,9813,13100,11780,14037,13100,13432,12396,15085,13434,16104,14248,20590,20869,15105,27121,9788,18914,8245,12485,7901,10087,7452,9636,3323,5369,613,1958,0,17,0,0,0,0,20250303
202502,9호선2~3단계,둔촌오륜,10,0,1637,169,6105,1890,16130,2653,15320,3686,8683,2187,5894,2019,4598,2523,4687,2889,4538,3308,3957,3315,4623,4461,5884,5354,4942,8075,3749,14050,1902,11738,1354,7681,1241,6184,808,6844,361,3161,82,1309,0,95,0,0,0,0,20250303
202502,9호선2~3단계,봉은사,2,1,1670,2099,4961,21808,8511,43038,9590,117726,8581,85272,9751,47948,15132,39386,21382,34677,26030,37330,32078,30891,39811,27231,53661,25847,83798,24547,111052,25534,55110,15362,38538,8597,33467,7120,21430,4968,5141,3085,897,734,0,0,0,0,0,0,20250303
202502,9호선2~3단계,삼성중앙,0,0,912,478,2756,4750,5754,18110,7995,47794,6602,33939,6167,13137,6984,8961,8478,8325,8847,8850,9317,7912,10900,7343,14187,8176,26523,11521,44675,13650,19279,9307,11758,5705,10461,4576,6382,4528,2713,2411,662,1048,0,0,0,0,0,0,20250303
202502,9호선2~3단계,삼전,24,0,4339,583,7426,2288,21752,5402,36687,18196,23812,9782,12712,6365,10564,6428,10848,7772,10678,8447,9655,8651,9521,10295,10482,13024,14039,17236,18308,29564,8310,24092,6781,14264,5619,14297,4603,11148,1797,7423,393,2288,2,463,0,0,0,0,20250303
202502,9호선2~3단계,석촌,5,0,2818,580,8725,2360,23210,4867,33601,12764,21930,11198,13702,8957,12381,9417,13714,10625,14033,11464,12512,11245,13306,12447,14909,13598,16045,20310,18378,31603,11071,25551,9980,15826,10427,12563,8456,13061,3661,6759,564,1981,0,5,0,0,0,0,20250303
202502,9호선2~3단계,석촌고분,1,0,2809,600,6628,2183,18160,4557,31571,15435,20186,9866,11035,6569,9682,6126,10520,7974,9917,8012,8914,8300,9019,9420,9659,10925,12063,15755,16337,26640,7720,21171,5812,13161,4900,11396,4108,10850,1354,6122,333,2561,0,7,0,0,0,0,20250303
202502,9호선2~3단계,선정릉,0,0,929,1008,3620,6415,8007,19563,10076,59905,8200,49564,7219,21771,8103,13338,11076,12473,11449,13766,12573,11841,13952,10420,18375,10199,33060,12421,54973,14668,29398,10318,15160,7206,12501,6758,9449,5980,3513,3747,748,1260,1,5,0,0,0,0,20250303
202502,9호선2~3단계,송파나루,1,0,1837,267,4339,1451,13049,4416,20831,12630,13218,9061,7395,5737,6389,7140,7554,8834,7913,8393,7520,7933,7618,9255,7926,10930,10341,16246,14807,24559,8444,18654,7773,10173,7938,7259,6271,7000,2618,3603,522,1349,0,0,0,0,0,0,20250303
202502,9호선2~3단계,언주,0,0,1228,915,2838,7296,6569,23515,10154,71502,9291,53314,9407,23144,10790,13773,12839,11762,13459,15269,15796,13650,18468,11285,23248,11970,44487,13488,62074,15548,31203,10490,17624,6805,13726,6794,9316,4996,3365,3223,673,1176,1,72,0,0,0,0,20250303
202502,9호선2~3단계,올림픽공원(한국체대),1,0,1856,498,6644,3334,15827,5185,19859,12513,12394,9632,8621,9588,8459,10742,10400,12206,10119,18124,9511,18533,11273,20806,13305,18396,14182,19723,19967,24076,10567,18355,23319,10726,19373,10463,17444,9130,2927,5730,305,1658,0,45,0,0,0,0,20250303
202502,9호선2~3단계,종합운동장,0,0,1233,208,3626,1814,9410,5776,13140,11649,8591,9845,6028,5222,5706,5322,6374,5959,6978,6510,6680,6244,7060,6293,9083,7704,11968,11826,12269,17687,7953,12222,6364,6907,7221,6351,5020,5823,2248,3029,442,1008,0,35,0,0,0,0,20250303
202502,9호선2~3단계,중앙보훈병원,2,0,4373,501,20081,5132,48795,11514,49296,22228,31001,14182,21221,15080,19717,9109,18073,11821,14027,13426,17154,12843,18609,12493,17481,13401,20557,21984,15588,38802,6781,30980,4919,18426,3828,15876,2919,16371,912,7473,168,2587,0,181,0,0,0,0,20250303
202502,9호선2~3단계,한성백제,3,1,1071,229,3367,977,7707,2215,11543,7785,6675,4693,3708,3259,3761,2960,4113,3047,4339,3833,3949,3051,4325,3348,4752,4349,6117,5873,8498,9372,3480,7457,2893,4142,2627,4161,2001,3210,639,2288,155,734,1,1,0,0,0,0,20250303
202502,경강선,경기광주,0,0,2767,258,14767,1998,38233,4633,36755,7628,18162,4315,13212,4145,11263,4643,10678,5782,9235,6456,7851,7792,7632,9313,8603,13324,9188,19126,7511,31869,3750,30235,2632,17245,2184,13902,1379,10017,462,4985,71,101,0,0,0,0,0,0,20250303
202502,경강선,곤지암,1,0,1056,175,2558,1775,6211,4463,5618,5185,4128,2179,3247,2517,4449,2677,4076,2739,3225,2593,2754,2854,3388,3116,3846,3597,6237,4506,5612,5671,2428,4374,1615,3439,987,2690,475,2513,186,1378,17,360,0,0,0,0,0,0,20250303
202502,경강선,부발,2,0,1101,38,3064,1687,6411,5518,5173,4445,4729,2211,4140,1760,4353,2004,3645,2450,3519,2362,2861,2400,3732,2867,4237,3921,6231,4858,4840,5614,2569,4581,2023,4493,1037,4331,663,3404,424,3086,11,1267,0,0,0,0,0,0,20250303
202502,경강선,삼동,1,0,1730,35,4892,1120,11137,1991,12073,1981,6514,999,4088,992,3358,1214,3101,1625,2577,1663,2108,2238,2010,3195,2208,4484,3111,7269,2409,8937,1229,8673,788,4923,619,4375,364,3270,129,1636,12,37,0,0,0,0,0,0,20250303
202502,경강선,성남,0,0,253,12,1286,737,4301,1323,4852,1664,2272,872,1869,811,1674,912,1509,1151,1382,1295,1114,1159,1630,1570,1751,1825,2149,2890,1906,4267,1026,2433,938,1775,880,1526,648,1174,304,610,19,98,0,0,0,0,0,0,20250303
202502,경강선,세종대왕릉,0,0,187,1,472,78,875,502,731,565,784,331,770,330,614,410,556,492,557,331,497,609,533,575,562,792,591,667,590,783,186,580,101,451,87,377,20,398,9,180,1,64,0,0,0,0,0,0,20250303
202502,경강선,신둔도예촌,0,0,709,33,2561,387,5467,2081,4370,2725,3293,1130,2714,899,2150,1162,2149,1115,1930,1179,1585,1432,1677,1757,1887,2262,3201,3281,2587,4263,977,4272,778,2781,515,2206,188,2157,65,1110,2,338,0,0,0,0,0,0,20250303
202502,경강선,여주,3,0,2030,7,4668,473,8615,1908,7518,2874,6573,2985,6035,2359,5757,3503,5163,3434,4648,2975,4733,4372,4415,4313,4386,5305,4134,6910,3834,8476,1870,7511,1639,6324,1166,3522,678,5653,208,2914,1,1146,0,0,0,0,0,0,20250303
202502,경강선,이매,12,0,503,50,1379,775,3033,1706,2719,2635,1469,1411,1330,1158,1255,916,1526,1151,1199,1370,1302,1184,1348,1241,1563,1291,1952,1837,1919,2620,1113,1512,1005,1016,979,827,1001,719,290,408,4,52,0,0,0,0,0,0,20250303
202502,경강선,이천,6,0,851,50,2978,1546,7295,4573,6296,7484,5438,3423,5364,3267,4926,3420,4843,4281,4491,4098,4264,4000,4578,4433,5391,5474,6170,5853,6482,8290,3457,7162,2584,6157,2116,3812,1013,3234,557,1886,14,873,0,0,0,0,0,0,20250303
202502,경강선,초월,0,0,1868,105,7048,1439,15920,3639,17317,4660,7994,1818,5809,1902,5547,1902,4848,2497,4254,2777,3615,3390,3346,4208,4042,5892,4936,7640,4612,13646,1925,10792,1608,7706,1145,6688,526,5868,205,3953,29,64,0,0,0,0,0,0,20250303
202502,경강선,판교,6,1,656,24,2103,7582,3643,19892,4972,35119,2065,19100,2451,11681,3007,8407,6902,8098,4768,5103,6343,5248,9205,4446,12782,5797,20638,6459,25176,5921,17723,3569,15644,2045,12377,2167,6361,968,1848,671,1,209,0,0,0,0,0,0,20250303
202502,경부선,가산디지털단지,903,7,5333,2158,6851,11129,14346,57397,16089,155130,10546,74207,9880,22877,11423,15882,14123,15861,15649,16472,16712,16037,20284,15156,30853,17734,79402,22661,112046,27339,45084,19583,27197,13303,21943,11499,14707,10697,5964,6100,202,926,0,0,0,0,0,0,20250303
202502,경부선,관악,103,2,6807,1372,11885,3527,29033,5947,25364,9980,13098,8801,9881,8114,8661,6525,10471,6436,10388,6374,8903,7039,8628,8536,9837,11203,9837,15723,9282,25035,5285,20431,3989,11083,3329,10247,1914,8639,944,6204,53,537,0,0,0,0,0,0,20250303
202502,경부선,광명,1,0,15,1303,3192,2768,10273,6195,9272,7547,5725,6036,3959,3646,7461,2587,5404,7404,4908,330,3350,7786,6274,3618,7432,4895,9260,6770,10058,11486,7579,6487,2730,4183,6903,2774,2384,3991,993,93,0,0,0,0,0,0,0,0,20250303
202502,경부선,구로,8512,54,16699,3543,16574,12743,32192,28133,32724,63697,22896,34451,18486,26205,19431,24140,21056,21882,23167,23062,23868,22463,27811,24534,32326,26308,49405,32914,52167,37618,22698,26276,18839,17854,15444,16935,9217,14311,3556,10402,34,8863,0,0,0,0,0,0,20250303
202502,경부선,군포,8,0,4491,2341,7569,9797,16574,31729,14611,37902,8283,7774,6401,4522,6874,4043,7180,4586,6301,5073,5824,5271,6895,6405,9668,6574,23327,9569,31669,12865,10539,10509,7770,6717,4482,5510,2176,5041,1016,3016,52,524,0,0,0,0,0,0,20250303
202502,경부선,금정,522,4,21251,4318,35306,19717,82785,44506,79791,88653,47089,33840,34303,21390,31980,22532,34352,23972,32366,27034,30262,27576,31830,35395,37979,42651,65804,61699,73981,86210,34285,70410,26426,43237,21843,40628,14632,33695,6976,21625,569,8815,0,0,0,0,0,0,20250303
202502,경부선,금천구청,273,2,9239,1139,15213,5142,37917,13606,36099,27123,20326,10651,15359,8528,14762,8930,14240,10311,14002,11839,12411,11430,12159,15780,13754,19481,15284,27360,25362,39984,9411,29893,7067,15425,6030,14888,3805,11873,1375,7435,58,528,0,0,0,0,0,0,20250303
202502,경부선,남영,76,1,2199,1220,4030,7146,11658,17076,18248,41829,10467,24110,8303,11435,9088,9816,10255,10387,10531,11548,11659,11028,12380,12007,17418,12807,25806,16534,36801,23251,15561,15327,12656,9726,12566,8473,10079,7414,4450,4078,243,942,0,0,0,0,0,0,20250303
202502,경부선,노량진,194,10,3901,1536,5694,4684,15000,7260,21594,13888,11474,9620,8673,7377,9842,10122,11128,10811,12459,11037,13333,10566,12535,12156,14249,16937,16835,24126,16178,37040,12861,20736,12762,12251,13769,10563,12967,8857,4479,5926,268,1172,0,0,0,0,0,0,20250303
202502,경부선,당정,14,0,3913,697,10204,2890,22230,8795,18991,14101,11008,5365,7575,3925,7663,4268,8846,4593,7761,4986,6719,5240,7173,6329,7256,8174,9885,11494,12679,18931,5016,15533,3784,10070,3147,8535,2347,8536,952,5144,68,991,0,0,0,0,0,0,20250303
202502,경부선,대방,382,1,3940,1918,7805,8232,21470,30721,26901,42700,14921,18818,11650,10181,11659,9909,12779,10816,12794,12082,12962,10872,14012,12492,14525,14893,27078,20552,35764,30951,12926,18760,9686,12973,7874,12485,5187,11107,1649,6253,106,1319,0,0,0,0,0,0,20250303
202502,경부선,독산,449,6,7042,2099,16886,12298,43896,41630,41263,90631,20985,37856,15695,13433,15503,10918,17067,11878,16505,13056,15518,11515,17182,15373,27632,17413,54344,25448,64385,41999,27142,35000,16042,19223,10988,18702,6990,17696,2357,9492,108,618,0,0,0,0,0,0,20250303
202502,경부선,두정,701,2,4633,1170,9119,3640,14394,6629,12335,10179,11651,10670,10481,8200,9974,8852,10371,9913,9960,10027,10071,9724,11444,8569,11830,12662,13996,13688,14931,19930,8277,14016,6644,11364,5596,8599,3837,9218,2281,6745,32,1919,0,0,0,0,0,0,20250303
202502,경부선,명학,78,9,5584,1478,9648,6612,23342,23799,18821,47279,10476,12279,7718,6854,7562,5007,9007,6113,8521,7019,7654,6212,8982,6470,11527,7702,22844,11438,33775,17691,10324,16086,8847,9200,5688,7244,3196,6657,1360,4864,112,965,0,0,0,0,0,0,20250303
202502,경부선,병점,2998,28,7214,2665,26659,10932,44073,18557,34499,23928,24290,13459,22737,11065,22219,12422,23450,12715,20504,14399,19122,17394,20721,20541,22704,23955,29524,35098,28148,44244,14784,40677,12884,29014,9798,21223,6945,21305,2419,14717,41,5854,0,0,0,0,0,0,20250303
202502,경부선,서동탄,0,0,1267,6,5625,637,9829,1185,3456,1160,2405,698,1868,626,1890,810,1573,1003,1503,934,1427,1185,1613,1826,1320,2043,1523,2636,1783,4876,773,5444,677,2526,394,1694,334,2109,85,1382,12,1019,0,0,0,0,0,0,20250303
202502,경부선,서울역,4,4,76,607,186,4882,10963,7947,21620,9095,18350,7485,14307,6398,20131,4031,19290,5776,16950,5225,6609,5031,20178,6133,16407,6843,20790,9704,23750,10804,22547,7439,15973,5106,19821,4452,14687,3493,8453,752,1303,101,0,0,0,0,0,0,20250303
202502,경부선,서정리,55,2,4185,3467,11005,6572,14810,13279,13669,14786,12382,7262,11957,6391,11813,6613,12469,8541,10858,9867,11122,9349,12008,11308,15473,15035,26801,18073,17460,17372,10142,16294,7799,14051,6260,9551,3702,9318,2243,7329,116,705,0,0,0,0,0,0,20250303
202502,경부선,석수,185,2,6404,2079,13544,5403,30324,9285,28681,11563,15725,8334,11733,6747,10437,5215,10412,5853,10101,6699,9238,7431,10530,9531,11499,11593,14248,18398,13180,26691,7393,22169,4988,12711,3942,12732,2717,10507,948,6257,50,494,0,0,0,0,0,0,20250303
202502,경부선,성균관대,138,1,7987,2122,25881,6079,64934,8005,51166,17287,24770,16450,19770,12732,17957,13206,19104,13093,18003,15976,16925,15377,17251,19795,22377,24201,23148,35874,21967,57657,14210,45742,11289,27723,9967,23916,8144,19793,4068,14045,230,2220,0,0,0,0,0,0,20250303
202502,경부선,성환,26,0,1756,624,3046,2103,4931,9131,5870,8621,6058,4858,6003,4459,5281,4104,5726,5289,7240,5064,6868,4667,6600,5494,9248,5542,11419,6652,8808,6849,3663,5158,3016,4721,1562,4026,963,4275,552,3845,52,973,0,0,0,0,0,0,20250303
202502,경부선,세류,418,5,3670,759,8722,2964,15816,3542,9695,3808,5187,2629,4532,2469,4120,2860,4182,2709,3659,2967,3433,3328,3807,3940,5189,5106,6377,6652,4783,11548,2910,9156,2234,7209,1846,6396,1111,4351,406,2612,18,812,0,0,0,0,0,0,20250303
202502,경부선,세마,194,0,2038,1143,6164,2938,8744,4299,7908,9237,5977,2231,4433,1907,4121,2457,4491,2228,4863,2880,4211,2967,4467,2913,5665,5581,7052,6977,7872,8335,2962,8066,2039,5336,1608,4780,1119,4360,471,2347,50,252,0,0,0,0,0,0,20250303
202502,경부선,송탄,46,2,4589,613,6920,2854,10883,4879,9835,6581,8295,3668,7058,3298,7209,4082,7310,4533,6969,5171,6100,5677,6381,6489,7008,7630,7656,10489,8425,11441,4883,10747,3287,9089,2479,7373,1551,6070,827,5152,55,495,0,0,0,0,0,0,20250303
202502,경부선,수원,1567,60,17593,3867,32755,27132,67745,44773,58178,58348,40823,56728,41062,61582,45479,63136,48689,75032,50829,70415,52516,69815,64801,68785,80891,76509,79128,86936,90700,116696,71525,85562,77895,48562,59045,38021,52906,29326,20779,19335,629,6298,0,0,0,0,0,1,20250303
202502,경부선,신길,543,3,7477,1052,9559,4048,21115,16852,29982,28672,15789,10970,10256,6420,9307,6475,11293,7032,10117,7985,9161,7860,9458,9175,11387,11157,18074,14482,26408,21267,9748,14642,6746,11014,5579,10613,4193,8712,1574,5342,114,1290,1,0,0,0,0,0,20250303
202502,경부선,신도림,307,2,1467,714,2804,2534,7597,6451,9261,13932,5360,7091,4111,4656,4009,4517,4156,4884,4343,5490,4124,4955,5086,5849,5813,6798,9895,8772,13099,12257,6142,7135,5266,4161,3968,3507,4042,3083,1477,1845,57,968,1,0,0,0,0,0,20250303
202502,경부선,안양,241,5,13165,2055,32896,9213,80456,15409,67402,29673,36524,21580,28225,20260,27470,24412,30651,24723,30113,29158,29410,25953,30915,33003,33709,36871,33127,53610,31388,78608,20495,62455,16783,36353,15613,28375,12229,22201,5741,16749,301,1953,0,0,0,0,1,0,20250303
202502,경부선,영등포,2950,117,12318,5594,14297,19959,36524,50845,53140,118827,35863,82504,35667,67414,41285,75292,49603,81491,54477,85475,57620,74423,81839,71390,96203,72435,110794,81411,151187,100228,88583,63425,87147,35534,67620,27182,52307,21755,21959,11450,709,3075,0,0,0,0,0,0,20250303
202502,경부선,오산,261,2,6099,1707,14147,7907,21376,23282,21946,17513,16467,11095,16618,10083,16235,9855,16881,12174,15277,13382,15050,13158,15525,15798,18484,19137,21686,23172,23680,26810,13359,23337,10208,16883,7305,13569,3989,9132,1984,7022,138,630,0,0,0,0,0,0,20250303
202502,경부선,오산대,231,1,3012,826,6529,2129,11328,3903,8869,6036,5914,2609,5019,2631,4526,2825,4519,2943,4930,3709,4232,3895,4332,3685,4757,5685,6391,7879,7899,11432,3482,9645,2916,5525,2808,4992,1770,3859,1011,2726,150,225,0,0,0,0,0,0,20250303
202502,경부선,용산,277,5,3352,4723,4669,27804,20139,74121,30195,136454,35029,104971,35486,80129,50284,74031,51865,79654,62231,79441,53508,77084,94553,77691,103444,79294,121254,87066,152579,86702,101100,58278,102168,37689,97664,24716,65023,12791,22242,5097,1144,1613,1,0,0,0,0,0,20250303
202502,경부선,의왕,59,1,6103,2029,12226,7592,26160,31063,24265,27303,12325,10454,9798,5679,9847,6348,10995,6489,9482,7747,9002,7227,9708,9479,13966,12249,26898,16157,23943,25409,11034,18751,8176,12165,5915,10740,3571,8747,1419,6006,75,1019,0,0,0,0,0,0,20250303
202502,경부선,직산,50,0,741,288,1695,1166,1871,2971,1903,3301,1711,943,1500,849,1395,780,1281,995,1304,1094,1144,1148,1402,1181,1423,1528,3520,1979,3354,2164,1040,2069,864,1185,586,1121,282,1039,161,836,17,132,0,0,0,0,0,0,20250303
202502,경부선,진위,48,0,764,322,1418,2541,2291,7498,2088,6483,1636,2435,1610,1860,1587,910,1519,990,1499,1055,1637,1082,2922,1424,2900,1588,6822,1946,7241,2177,2648,1915,1295,1396,876,1201,403,937,198,756,16,46,0,0,0,0,0,0,20250303
202502,경부선,천안,1237,4,2427,597,5270,2719,8593,4959,8460,9970,12794,10577,10358,9512,12027,11550,11085,13115,11281,11915,13642,11877,12462,11840,12844,11957,13109,16636,11887,14957,8351,10296,6818,7596,5112,5889,2975,4663,1909,2609,25,1864,0,0,0,0,0,0,20250303
202502,경부선,평택,48,1,6330,2664,11668,7604,21070,12917,20705,19437,20457,17272,20952,15423,20072,19236,19693,20156,20926,19740,20883,21851,21467,22384,23714,25418,26995,28158,24795,32878,17527,21985,17799,18395,12609,14449,10900,10607,5831,6172,118,1890,0,0,0,0,0,0,20250303
202502,경부선,평택지제,2,0,2390,5214,4724,8079,9298,11032,7662,6485,5761,4819,5710,3302,5437,3923,6448,4027,4595,3646,4669,4305,6751,5221,7327,6003,13771,7456,9054,9445,6978,8093,4983,5812,4130,5450,4274,4786,2293,3017,60,305,0,0,0,0,0,0,20250303
202502,경부선,화서,261,15,7689,879,23160,3313,43546,5472,32309,10606,14596,10595,11684,11294,11319,17037,11691,19147,12580,20598,14152,18424,17929,19416,21296,19972,22062,25512,21519,43586,15863,31341,13140,17779,12268,13392,9845,11561,1610,7657,60,1208,0,0,0,0,0,0,20250303
202502,경원선,가능,333,3,7060,1133,10312,2925,21346,5908,19153,9791,11042,6506,10668,5496,9823,6346,10507,7206,8743,7614,7882,7161,7945,9034,8729,10747,10133,12709,8072,17893,4625,17682,4183,10649,3127,8180,2201,7742,975,4348,166,1908,0,0,0,0,0,0,20250303
202502,경원선,광운대,1913,8,5494,969,12900,2683,28348,4375,25946,10339,14404,7533,11030,7202,10598,7291,11512,8741,10822,9580,10074,9783,10750,11598,11247,13374,11024,16183,9800,25039,5706,19421,4902,12807,5826,10728,3709,9427,1636,7896,105,4059,2,6,0,0,0,0,20250303
202502,경원선,녹양,315,1,4937,711,6767,1773,14245,3988,12472,6408,8182,4096,7347,3078,7432,4237,7597,4801,6764,5053,5460,5015,5960,6189,6228,6937,6439,8969,6921,12145,2975,11564,2270,7594,1743,5732,1239,6137,519,3417,90,1110,0,0,0,0,0,0,20250303
202502,경원선,녹천,1301,35,3610,700,7149,1162,18656,2659,15857,4181,8572,2176,6978,2854,6243,2867,7421,3669,5768,4044,4737,4810,5044,5593,5097,7024,5297,8056,4263,13583,2917,10473,1587,6585,1650,6032,927,5438,366,2999,23,757,0,0,0,0,0,0,20250303
202502,경원선,덕계,31,0,5442,495,14503,2458,25453,3800,22671,6135,12170,4370,9999,2759,8632,3585,8429,4484,7285,4900,6122,5243,6186,7204,6828,9567,7021,13598,6345,20558,3493,19419,2595,11162,2217,10593,1803,7557,919,5769,167,2008,0,0,0,0,0,0,20250303
202502,경원선,덕정,3,0,4131,847,9100,4223,17911,7402,16846,10253,10463,6137,9581,4573,8898,5152,8725,5545,10620,7498,7378,7343,8005,7732,7928,8937,9830,11507,10140,14531,4425,14856,2922,8162,2386,8388,1919,5925,930,4187,237,2035,0,0,0,0,0,0,20250303
202502,경원선,도봉,166,3,5660,1152,9196,3067,16749,3540,15858,10569,11383,6767,10121,6200,9211,6072,9670,7672,9773,7383,9188,8404,8833,9807,8667,10794,9530,13370,9771,15250,4286,12972,2784,7843,2372,6919,1611,6267,715,3228,150,1267,0,0,0,0,0,0,20250303
202502,경원선,도봉산,198,4,6038,737,8261,1938,18613,3002,19073,5024,12715,8067,11206,10270,11153,11009,13068,12093,15861,10044,17454,9058,17718,8984,16334,8816,13411,8425,10373,9423,6098,7781,3967,5181,2752,4545,1807,3877,948,2549,141,1024,0,0,0,0,0,0,20250303
202502,경원선,동두천,15,1,950,493,2036,1523,3395,4107,3653,2765,3193,1823,3088,1625,3252,1727,2868,2609,3076,2165,2566,2560,2888,2425,3046,2575,2808,3263,3102,3333,1434,2582,857,2467,481,1716,360,1336,147,1510,13,598,0,0,0,0,0,0,20250303
202502,경원선,동두천중앙,17,0,2183,391,3979,1345,6770,2790,6774,7924,5287,3435,5260,3732,4853,3979,5977,3718,4938,4133,4567,4958,4652,4617,4520,4538,4780,5516,5461,5790,2201,4678,1536,3837,1259,2907,718,2848,302,1570,22,987,0,0,0,0,0,0,20250303
202502,경원선,망월사,333,6,6669,887,11493,2878,24588,4164,22091,9542,14809,9318,12516,7693,12492,8932,13300,9752,12795,9523,10761,9764,10732,12064,10006,15149,9875,17209,8543,22641,5131,21017,3806,12419,3253,10851,2462,9030,1130,5541,257,2780,0,0,0,0,0,0,20250303
202502,경원선,방학,334,4,9992,1746,13292,6600,29107,8137,26383,19200,17731,10090,15615,10810,14902,9702,17654,11350,14716,11661,14073,14199,13851,16886,14726,19074,15597,21240,16706,27598,9682,23529,6713,13942,5649,11296,3683,10619,1879,5788,313,2024,0,0,0,0,0,0,20250303
202502,경원선,보산,18,0,1326,356,1462,1131,3143,1806,3094,1951,2828,1316,2407,1409,2509,1537,2530,1021,2082,1743,2110,1993,2357,2320,3303,2609,3306,3089,2385,3177,1359,3373,972,2850,683,1689,389,1533,166,1048,9,560,0,0,0,0,0,0,20250303
202502,경원선,서빙고,52,1,885,462,1991,3369,2678,3970,3168,8382,3050,3465,2817,3003,2614,2372,3307,2217,3309,3582,3433,2657,3735,3695,5450,3012,7762,2982,6750,3824,2458,3174,1793,1604,1653,1745,873,1283,265,853,23,212,0,0,0,0,0,0,20250303
202502,경원선,석계,1122,10,4559,1343,9411,3694,18156,4100,20783,7041,13962,5547,12146,5940,11796,7311,11930,7992,11489,9523,10436,10367,9889,14285,10452,18262,9717,21185,8864,30613,6568,21284,5299,14936,5162,12556,3866,10518,2254,6396,111,1643,0,0,0,0,0,0,20250303
202502,경원선,소요산,108,0,339,270,351,459,1159,744,1782,1349,1618,2106,1996,3881,2405,5624,3475,6465,5615,5242,6243,4591,6797,2980,5022,2253,2751,1668,1706,1389,511,1054,361,928,189,582,129,536,64,454,3,276,0,1,0,0,0,0,20250303
202502,경원선,신이문,1249,5,7093,999,12722,2577,29550,3903,34022,7480,19393,4694,13949,5428,12424,6619,12290,7995,11893,8441,9931,9069,9647,13490,9468,15604,8858,18776,8198,28335,5106,21925,3468,14389,2658,12513,1842,11412,855,6821,90,1753,0,0,0,0,0,0,20250303
202502,경원선,양주,1900,17,5197,1155,9863,4322,26198,8757,20232,8654,15321,6423,13594,5212,12723,5897,11825,7641,11348,8127,9063,9256,8963,9717,9612,10530,10470,16513,11715,20226,5235,19377,3074,13513,2238,10304,1614,10047,698,4913,90,2278,0,0,0,0,0,0,20250303
202502,경원선,연천,3,0,138,5,581,153,988,448,3292,2153,2210,1135,1478,1766,1486,2500,2170,2463,2402,2209,2710,1757,2354,1546,2068,1546,1436,1660,1522,1653,469,1488,366,876,135,526,130,411,55,349,1,237,0,8,0,0,0,0,20250303
202502,경원선,옥수,0,0,1,10,3,45,26,14,155,216,37,18,30,199,19,162,11,70,20,18,11,15,16,13,362,68,343,45,58,59,295,13,29,20,50,8,17,6,7,0,0,0,0,0,0,0,0,0,20250303
202502,경원선,왕십리(성동구청),806,7,4785,1345,7217,5725,23987,10709,39164,18415,24926,15958,15480,17390,16899,21115,21393,23232,24176,23436,25353,24067,28183,26745,30952,30714,33726,42817,33165,61375,26129,43341,25871,25724,28195,20836,24351,18390,10726,9522,1088,3337,0,0,0,0,0,0,20250303
202502,경원선,외대앞,360,18,3559,2809,6954,10029,17966,5594,21769,13588,13138,9924,10624,10430,11546,9244,13923,10609,13871,11167,13672,11027,16628,12922,20085,15005,19293,16135,13660,22351,9620,18247,8264,12206,7066,11648,5550,12193,2739,8709,176,2183,0,0,0,0,0,0,20250303
202502,경원선,월계,919,1,4278,1307,8275,1871,21873,3965,20798,8151,13339,5934,11207,5235,10403,5547,10462,6439,9858,7130,8715,7530,8391,8804,9210,11582,7684,13171,7390,20807,4387,15159,3057,9214,2511,8414,1765,7481,792,4504,63,1100,0,0,0,0,0,0,20250303
202502,경원선,응봉,110,0,1105,173,2638,934,6200,1066,6144,1464,4265,1363,3160,1182,2707,1174,2431,1572,2351,1937,2175,2193,2433,2278,2480,3152,2479,3793,2325,5078,1195,3923,847,2673,629,2273,398,1682,188,1077,13,378,0,0,0,0,0,0,20250303
202502,경원선,의정부,2638,9,9107,2207,27367,6339,43425,10821,42443,33311,26057,33284,22561,25659,24964,27671,27702,30949,29881,34805,30834,31838,33828,29367,36113,33648,38180,37912,41350,51354,24509,48469,23500,27900,15998,22775,12540,19345,6676,13371,1092,7280,0,0,0,0,0,0,20250303
202502,경원선,이촌(국립중앙박물관),56,7,1099,510,3050,2306,7909,3900,9284,7901,7468,4644,6265,3684,6112,3922,6142,3872,6811,4314,6215,4431,7204,5092,7610,5339,8786,6170,8863,8020,4599,6077,3877,4184,3325,3850,1801,3393,473,2070,42,521,0,0,0,0,0,0,20250303
202502,경원선,전곡,5,0,425,10,976,308,2375,471,4211,1282,2835,1110,2762,1125,2493,1398,2401,1776,2235,1822,1971,1861,1915,1734,2040,2282,1732,2746,1707,3130,1033,2887,904,1492,518,1167,308,1078,241,830,7,670,0,0,0,0,0,0,20250303
202502,경원선,지행,56,0,4117,835,8810,2102,17013,4431,17405,9322,12558,5959,11555,5661,10173,6420,10471,6587,9636,7897,8848,10089,8273,10964,8501,11450,9166,15336,9645,17274,6407,15757,4839,11582,4462,8731,2933,8376,1877,4745,221,3459,0,0,0,0,0,0,20250303
202502,경원선,창동,0,0,0,0,1,0,1,0,4,0,9,0,8,0,9,0,7,0,8,0,3,0,8,0,8,0,4,0,4,0,8,0,4,0,4,0,1,0,0,0,0,0,0,0,0,0,0,0,20250303
202502,경원선,청량리(서울시립대입구),1047,13,4015,1545,6333,11431,25360,13238,38923,19032,26628,27579,32136,26865,28454,36464,29431,32248,31024,32690,33071,36687,35774,33800,35601,37916,34261,37826,34790,50007,28186,35290,23761,20063,17179,18471,9142,11554,5482,6322,157,2868,0,1,0,0,0,0,20250303
202502,경원선,청산,0,0,54,2,120,141,579,188,494,163,239,108,287,131,271,186,250,184,218,174,223,170,230,169,312,252,320,215,175,233,59,269,68,100,23,80,6,94,12,74,0,33,0,0,0,0,0,0,20250303
202502,경원선,한남,87,4,754,552,1409,4229,2489,10045,2569,13633,2703,11247,3092,5961,4244,4223,4622,4517,3928,4945,5494,3908,6930,3733,7455,4094,13409,5083,12613,5213,6196,3359,4735,1821,4572,1811,3627,1107,1317,694,81,263,0,0,0,0,0,0,20250303
202502,경원선,회룡,1486,8,12644,2003,25927,5539,51067,7627,44756,11610,27802,10435,23709,10306,22628,12489,23076,14533,19824,16215,16549,17598,15450,21694,14670,25787,14483,31920,11722,42142,6842,39905,5440,23012,4533,18950,3354,15507,1256,9402,287,4414,0,0,0,0,0,0,20250303
202502,경의선,가좌,6,0,2785,348,6536,2850,20015,3706,23780,10740,11650,6991,8334,5225,9248,5169,9047,7003,7150,7742,7142,7541,8008,7974,8764,10325,8544,15051,8689,19216,5031,15987,3533,9174,2891,7056,2294,5209,916,4341,9,447,0,0,0,0,0,0,20250303
202502,경의선,강매,0,0,1979,217,6338,770,17344,970,16236,2985,7730,1075,5151,1268,4238,1334,4086,1635,3686,2019,2892,2554,2581,3616,2711,4604,2491,6870,3366,10981,1072,10542,758,6228,692,5468,432,5083,210,2913,5,904,0,0,0,0,0,0,20250303
202502,경의선,검암,0,0,0,0,0,0,0,0,0,0,0,0,0,0,0,0,0,0,0,0,1,0,0,0,0,0,0,0,0,0,0,0,0,0,0,0,0,0,0,0,0,0,0,0,0,0,0,0,20250303
202502,경의선,계양,0,0,0,0,0,0,0,0,6,0,0,0,0,0,0,0,0,0,0,0,0,0,0,0,0,0,0,0,1,0,1,0,0,0,0,0,0,0,0,0,1,0,0,0,0,0,0,0,20250303
202502,경의선,곡산,38,1,236,155,740,621,1348,1413,1234,2627,1100,1001,847,712,813,668,683,748,690,748,994,827,1067,802,983,938,1651,1075,2030,1522,558,841,351,571,373,626,184,470,55,279,14,52,0,0,0,0,0,0,20250303
202502,경의선,공덕,24,4,669,81,1563,1826,3855,6559,5182,18328,4340,7975,5094,3463,5311,3426,5197,3436,5306,3521,5394,3471,5500,3778,6645,4381,11248,6130,16213,6530,7863,4346,6928,3410,6668,3184,5699,2567,2499,1530,187,208,0,0,0,0,0,0,20250303
202502,경의선,금릉,36,0,3043,215,9907,2214,16179,4783,11772,9766,8521,5282,7464,3866,7827,3967,7541,4548,7287,5789,6301,6200,6617,7143,7547,8301,9267,10795,10101,13159,4627,14269,3627,8328,2817,7003,2153,6629,497,4648,51,1455,0,0,0,0,0,0,20250303
202502,경의선,금촌,94,1,3211,267,8091,3765,16449,7837,14954,13500,10601,7804,9647,6934,10684,6401,10652,8855,10258,8912,9447,8218,10344,9646,11064,11368,12267,13045,15379,15704,6751,13487,4758,9880,3651,7751,2338,6655,532,5286,93,1513,0,0,0,0,0,0,20250303
202502,경의선,김포공항,0,0,0,0,0,0,0,0,0,0,0,0,0,0,0,0,0,0,0,0,0,0,0,0,0,0,0,0,0,0,0,0,1,0,0,0,0,0,0,0,0,0,0,0,0,0,0,0,20250303
202502,경의선,능곡,101,1,3644,490,8348,1378,18958,2465,16703,5911,9051,3908,6906,3770,6392,3989,6451,4540,5786,4548,5623,5018,5279,5628,6033,7589,6429,9799,6036,15172,3077,12551,2182,7807,1905,7272,1099,6344,536,3739,49,1972,0,5,0,0,0,0,20250303
202502,경의선,디지털미디어시티,3,0,936,442,3072,1376,8322,1610,9312,3895,4939,3062,3867,1945,3553,2099,3694,2320,3582,2862,3570,2823,3572,3220,4070,3994,4744,6331,4907,9382,2565,7286,1921,4302,1512,4107,1215,3431,623,2347,40,276,0,0,0,0,0,0,20250303
202502,경의선,문산,1091,0,2599,29,7306,1889,14502,6242,15169,10959,10879,4248,8535,5275,8753,5974,9315,6642,9052,7728,8562,5648,7943,9695,8175,9964,10595,10734,10706,12305,4257,14519,3450,8913,2363,7200,1727,6433,114,4521,0,2616,0,0,0,0,0,0,20250303
202502,경의선,백마,174,0,4752,749,14558,5617,31128,5942,23146,9663,12625,6258,10679,4989,10269,4594,10593,5606,9057,7042,8302,7048,8728,8332,10642,10458,11866,14146,10354,26802,4550,23739,3384,13624,3046,13123,2699,11327,643,7653,52,1242,0,0,0,0,0,0,20250303
202502,경의선,서강대,0,0,396,107,1215,1356,2587,1867,3714,6780,2521,5212,2310,2994,2421,2796,2837,3071,3154,3079,3177,3004,3489,3156,3970,3233,5933,3448,5393,4040,3404,2700,2985,2167,2799,1937,2381,1719,859,999,14,134,0,0,0,0,0,0,20250303
202502,경의선,서울역,0,0,609,6,889,6551,2292,19546,2758,29028,1735,16175,1232,5534,1654,4144,1953,3821,2789,5400,3074,2484,4841,2099,7018,2994,13651,3727,21082,4671,8551,2466,4661,1381,4444,1229,731,162,1559,645,2,103,0,0,0,0,0,0,20250303
202502,경의선,수색,11,0,1231,229,3176,2380,7166,5153,9430,15236,5529,6923,3505,3143,3417,2739,3355,2679,3141,3657,3228,2927,3719,3458,4633,4002,8574,6877,11233,6446,4767,6676,2711,4153,2103,3389,1496,2642,637,2024,9,352,0,0,0,0,0,0,20250303
202502,경의선,신촌,0,0,184,3,157,1154,473,4098,425,6350,578,3951,558,1529,629,1227,825,1052,736,1876,790,1017,1270,809,1806,931,4394,1055,4585,1590,2005,695,982,548,943,315,838,111,419,292,0,43,0,0,0,0,0,0,20250303
202502,경의선,야당,39,1,5036,369,13886,2415,26438,4396,21958,8487,12950,7420,10656,5564,10510,6642,11583,8156,10713,8397,9431,11362,9805,11333,10506,15618,11252,22081,10510,33765,8041,26711,8541,13415,9023,13715,8603,9813,4559,7556,1009,2147,0,0,0,0,0,0,20250303
202502,경의선,운정,54,0,3988,634,14672,8347,23902,6349,21868,10282,12007,5519,9850,4395,9478,4686,9260,5796,8723,5363,7328,7666,8314,7728,11559,11062,13218,14261,10362,21225,4960,17849,3799,10259,2822,9668,2594,7881,643,5406,87,1296,0,0,0,0,0,0,20250303
202502,경의선,운천,0,0,0,0,0,0,0,0,0,0,67,42,16,1,4,2,0,0,0,0,0,0,1,4,24,0,34,60,0,0,0,0,0,0,0,0,0,0,0,0,0,0,0,0,0,0,0,0,20250303
202502,경의선,월롱,47,0,412,39,831,2003,1574,7759,1735,8108,1649,2343,1420,1558,1771,1299,2226,1613,2772,1246,2034,1120,3716,1708,4829,1692,7874,2152,9273,1939,3128,1820,2870,1914,1943,2040,613,1690,71,1262,3,530,0,0,0,0,0,0,20250303
202502,경의선,일산,1106,6,7496,684,24212,3240,48302,6025,33401,10645,19377,8509,15841,7293,15643,8837,15935,10742,14659,12463,13199,12452,13076,14351,14396,16315,13239,24092,12825,36856,6919,37708,5394,19336,4172,18934,3893,16286,1087,9707,145,3596,0,0,0,0,0,0,20250303
202502,경의선,임진강,0,0,0,0,0,0,0,0,0,0,51,181,20,94,1,1,1,1,3,3,2,2,67,74,60,2,250,15,0,0,0,0,0,0,0,0,0,0,0,0,0,0,0,0,0,0,0,0,20250303
202502,경의선,탄현,15,0,5669,434,18723,2340,33315,5326,24336,8395,15517,5450,11394,4327,10600,4700,11691,6006,9855,6580,9350,8701,8853,9402,9539,11872,9712,17687,10690,28421,5270,28795,3926,13598,3515,15848,2570,11070,1134,7235,166,2306,0,0,0,0,0,0,20250303
202502,경의선,파주,82,1,692,5,1219,558,2206,2156,3058,3548,1735,915,1645,1124,1620,891,1612,1013,1881,940,1476,907,1419,1274,2009,1344,3223,1537,3722,1777,963,1731,581,1353,431,1018,161,959,35,739,11,368,0,0,0,0,0,0,20250303
202502,경의선,풍산,379,2,3715,409,10044,3266,22411,4106,19404,7083,11861,6300,9307,5057,9285,6863,8991,7124,8657,7280,8783,6376,9112,8028,10101,10387,10224,13421,9052,20398,5367,15853,4519,12113,4346,9815,2535,8721,844,5931,96,1278,0,0,0,0,0,0,20250303
202502,경의선,한국항공대,2,0,424,289,1216,884,3533,1641,3370,4383,2530,3686,1856,2847,1958,2065,2449,1990,2391,2334,2393,2152,2764,2139,4174,2271,4547,2730,4019,3038,2167,2550,1210,1673,1028,1357,816,1501,531,1053,38,316,2,0,0,0,0,0,20250303
202502,경의선,행신,1,0,3694,1451,12519,3804,34337,4720,28890,9748,14209,7400,10935,5722,10684,6470,11499,7231,8622,8707,7765,7944,7423,9077,10621,13536,12129,18628,9901,32884,5647,27076,6114,13113,5806,12195,4995,10828,2312,5965,61,1969,1,7,0,0,0,0,20250303
202502,경의선,홍대입구,2,0,329,157,662,483,1080,1610,1393,6181,1147,5238,1124,4326,1329,4724,1834,6326,2453,5775,3065,5661,3816,5543,4877,5852,6841,5853,7441,6580,5769,4006,5186,2475,5793,1890,5551,1540,2501,1067,39,132,0,0,0,0,0,0,20250303
202502,경의선,효창공원앞,1,0,611,288,1794,2457,4841,5621,8134,17516,4838,8531,3334,3724,3197,3157,3546,3394,3690,3430,3475,3414,4205,3747,4946,4429,7738,5871,13292,8472,4991,5720,3240,4193,2548,3932,1824,3401,898,2286,41,266,0,0,0,0,0,0,20250303
202502,경인선,간석,227,0,4940,1148,10181,2534,18146,3249,16632,7737,9838,4549,8594,4847,8429,5030,8947,5873,8547,6700,7696,7104,7127,7748,7611,10064,8242,12430,8692,16831,4179,15209,3442,9668,2837,7636,2037,6785,996,4381,164,1665,0,0,0,0,0,0,20250303
202502,경인선,개봉,1119,3,15944,4875,34788,11564,84070,12294,78604,20756,45913,18359,33051,15167,30506,18911,31983,21916,29119,24141,25482,26031,25326,33395,28278,42592,27371,57496,27152,83977,17141,65709,13869,39403,10807,34279,7949,27608,3095,15922,58,1336,0,0,0,0,0,0,20250303
202502,경인선,구일,227,3,4066,1641,9045,5434,23986,5506,20401,9075,11574,6275,9020,4181,8345,4560,8465,5569,7938,6600,7413,6626,8031,8372,9885,9610,10763,13723,9218,22922,4331,17856,3147,10141,2511,9512,2282,7593,715,5113,21,408,0,0,0,0,0,0,20250303
202502,경인선,도원,611,40,1861,669,3257,1809,6372,3227,6017,8062,4194,3188,3984,3745,4464,3765,5084,4055,4683,5386,4245,3949,4533,4115,7501,4916,5818,4912,6444,6004,2055,5337,1605,3492,1548,2881,789,2475,335,1794,18,1016,0,0,0,0,0,0,20250303
202502,경인선,도화,231,7,3820,569,6045,1465,13777,3451,10447,6185,7720,2993,6545,3333,6717,3793,6753,4822,6472,4591,5481,5230,5505,5901,5617,7614,5628,8178,6055,10077,2900,9379,2249,5708,1659,4773,1155,4088,584,3203,48,1551,0,0,0,0,0,0,20250303
202502,경인선,동암,341,6,18157,2355,25889,5936,51705,10907,47077,14704,28502,12471,23525,12790,22624,14927,23973,16656,21829,17202,19172,18048,18990,22239,19782,28227,21045,39605,19502,51057,12509,45595,10106,29763,8369,26202,6579,21302,3488,12678,358,3930,0,0,0,0,0,0,20250303
202502,경인선,동인천,1396,11,6254,2107,15930,8636,35879,18236,26455,24246,18269,14374,16806,14400,18482,16933,20631,17931,19948,19068,19839,18114,22666,19235,23993,21226,30245,23837,30780,30997,13584,29309,10647,17813,8031,14524,5417,12987,2041,7997,6,2891,0,0,0,0,0,0,20250303
202502,경인선,백운,122,24,8129,968,13747,2157,25970,3266,23783,7748,14293,5668,11786,5243,11336,6576,11490,7255,10239,7834,9181,8682,8310,10361,8901,13111,8562,17235,7822,23172,4537,21940,3477,12234,3088,11508,2035,9091,1032,6010,119,2111,0,0,0,0,0,0,20250303
202502,경인선,부개,1728,10,9252,1097,15627,2571,36206,4045,28894,7786,16870,6279,13458,5867,12800,6889,12683,8559,12001,8539,9797,10550,9164,12382,9977,15301,9381,20201,9806,27760,5383,23855,3969,14731,3143,13214,2135,10210,1173,7349,152,1654,0,0,0,0,0,0,20250303
202502,경인선,부천,2576,26,34187,3418,38496,9574,88653,14457,88190,33518,53687,35040,41187,35540,42086,36515,45366,46494,45268,49919,45595,46440,48923,51646,50410,58396,48984,78741,52437,101269,33370,82339,26940,50911,23978,44209,19406,35364,9117,24123,650,4420,0,0,0,0,0,0,20250303
202502,경인선,부평,8564,33,19620,3308,33605,8144,77828,16250,69210,30589,42685,34895,35235,31735,37629,38502,40174,44864,41117,50039,41887,52854,47092,50748,51078,60008,54725,75333,50585,108125,37003,85462,34614,48389,32492,40549,28384,31370,15570,20915,2680,6390,0,2,0,0,0,0,20250303
202502,경인선,소사,839,12,11442,1925,12077,5009,24573,5415,22683,7624,15578,6763,12635,6594,11664,6570,12625,7970,11569,9261,10011,8727,10071,10429,10957,12587,10350,15745,9017,21147,5526,17281,3920,11692,2933,10028,1946,8884,826,5822,72,1623,0,0,0,0,0,0,20250303
202502,경인선,송내,1301,14,14540,6665,35793,12941,95481,23739,78406,65358,43882,36322,32635,20387,34524,19262,33712,22563,30438,24292,28600,24850,29780,28001,33045,37048,41726,53670,66717,83103,26272,73093,19707,43682,16102,36990,12081,30223,5780,19242,538,3256,0,0,0,0,0,0,20250303
202502,경인선,역곡,742,4,26047,2288,40988,8040,102274,11102,95938,24115,55049,20833,37596,17815,34006,18647,35121,24582,33249,25998,28203,28574,27501,35844,29275,50234,30099,63947,29430,103095,18732,81516,15146,46153,12672,42921,9726,35258,4089,23059,250,2835,0,0,0,0,0,0,20250303
202502,경인선,오류동,404,3,11033,1293,16163,3630,42652,4868,41588,10007,25276,10065,19010,7580,17864,8630,18205,10790,16438,12575,13833,13307,13802,16756,13616,19726,13439,24191,12173,39659,7281,34811,5707,21326,4564,17624,3277,15635,1302,9888,50,1258,0,0,0,0,0,0,20250303
202502,경인선,온수(성공회대입구),120,1,5188,1291,7107,2751,19502,5377,17755,8968,12140,5509,9724,4884,9826,4707,11050,6829,9625,6484,8349,7121,8274,9029,8623,10101,8798,12530,8582,19675,4245,15373,3104,9614,3469,8368,2089,7359,1305,4627,81,652,0,0,0,0,0,0,20250303
202502,경인선,인천,295,2,919,796,3055,2454,4862,5453,4254,8091,2969,4522,3337,5459,3839,6722,4958,7715,6206,6892,8405,6168,9475,4685,10280,4318,12117,3535,12072,3013,4971,2514,4021,2061,2407,1624,1348,1317,409,995,12,845,0,5,0,0,0,0,20250303
202502,경인선,제물포,689,8,6547,1570,15512,4821,33508,8841,27036,21011,17013,12072,14457,8457,14898,7959,14930,10026,14315,10885,12835,10476,13112,12365,15618,15688,17888,19222,20014,28945,7869,25257,6100,14870,5193,13677,3375,12607,1262,8401,75,2852,0,0,0,0,0,0,20250303
202502,경인선,주안,822,27,12640,2526,26240,6293,53684,14118,46447,22468,31505,16847,25264,15120,26981,15543,29502,17534,26587,18336,24485,19873,25750,22065,27995,27277,31570,34338,29348,51691,18225,50883,15550,29610,14863,26032,11322,22655,6115,15783,651,4893,0,0,0,0,0,0,20250303
202502,경인선,중동,860,24,9902,1227,16916,3955,38066,4660,29701,9265,17985,7067,13455,6760,13519,7716,13891,8888,12892,10465,11498,10957,10697,12610,10662,15974,11572,21260,10611,30188,6119,25050,4458,14836,3655,13526,2490,10905,1081,7425,125,1695,0,0,0,0,0,0,20250303
202502,경춘선,가평,1,0,666,110,1475,538,2839,1617,3921,3405,3694,2419,4803,2346,5696,3094,4111,3529,3134,4855,3156,4106,3148,4453,3600,2535,4044,3627,3372,3285,1434,3615,1171,2321,736,1617,385,1588,244,1110,15,433,0,0,0,0,0,0,20250303
202502,경춘선,갈매,5,0,1787,418,3751,839,13344,2087,8493,4515,5348,2139,3841,2753,3259,1740,3450,2148,3290,2730,2925,2331,3035,3856,2906,3757,3236,6190,4669,9523,2153,7075,1621,3950,2046,2855,1338,2661,610,1572,9,477,0,0,0,0,0,0,20250303
202502,경춘선,강촌,14,0,112,55,231,132,373,265,587,665,625,819,667,917,1316,1129,826,724,740,656,967,886,1086,635,1035,737,945,582,707,627,339,449,242,341,198,419,91,403,60,398,14,48,0,0,0,0,0,0,20250303
202502,경춘선,굴봉산,0,0,58,1,58,7,108,65,150,205,130,321,245,586,489,440,218,337,226,282,250,257,244,221,249,191,158,210,138,177,66,94,55,77,35,63,13,57,18,34,2,7,0,0,0,0,0,0,20250303
202502,경춘선,금곡,11,0,1482,201,1826,841,4018,1930,3736,4086,2759,1804,2269,1471,2695,1234,2394,1983,2374,1634,1876,1949,2223,1853,2072,2223,2664,3114,3227,3637,1035,3133,706,1454,470,1661,369,1330,183,883,4,207,0,0,0,0,0,0,20250303
202502,경춘선,김유정,53,1,155,11,189,51,481,496,592,831,546,629,569,917,676,1174,717,1157,951,874,918,826,1193,699,1163,617,1237,616,898,591,232,406,295,378,118,247,89,248,43,173,11,57,0,0,0,0,0,0,20250303
202502,경춘선,남춘천,474,2,1183,28,2900,615,4036,1566,5506,3355,5460,3398,5510,3291,4854,6517,4947,6635,5918,5052,6077,4336,6262,5110,5470,5454,4842,4836,3778,6399,3114,7403,2729,4080,2424,3049,1586,4035,527,1978,11,1692,0,0,0,0,0,0,20250303
202502,경춘선,대성리,2,0,439,58,650,156,1083,591,1002,778,1077,453,1466,776,2625,691,1227,742,836,1263,919,3033,979,1845,1033,1360,1099,988,498,780,334,576,193,551,146,291,138,315,79,231,5,22,0,0,0,0,0,0,20250303
202502,경춘선,마석,16,0,1024,418,6749,2380,11205,4606,9191,5695,7753,4721,6714,3687,5926,4478,6632,4467,6258,5521,5829,5175,5774,6234,6358,5754,5998,8394,5983,9806,3023,9275,2159,6124,1677,4817,1438,4067,567,1745,28,644,0,0,0,0,0,0,20250303
202502,경춘선,백양리,1,0,83,1,33,21,71,412,108,792,231,643,360,934,1327,909,597,640,520,467,504,613,731,442,777,286,1380,393,910,302,200,135,384,129,514,113,443,111,206,54,33,10,0,0,0,0,0,0,20250303
202502,경춘선,별내,24,0,986,528,2174,1335,6902,2901,6408,5197,4062,2786,3190,2764,2957,2136,3401,2227,3547,2900,3383,2529,3544,3480,4271,2974,4410,4741,5582,5818,2509,5666,1791,2674,1713,1650,1409,2106,824,1016,41,345,0,0,0,0,0,0,20250303
202502,경춘선,사릉,52,0,1492,447,3034,1191,8249,3528,6502,3393,3720,1578,3088,1530,2907,1803,3124,1917,2740,1772,2096,2056,2449,2394,2534,2774,2955,4159,4177,6935,1583,6752,948,3116,793,2310,381,2110,149,1420,11,383,0,0,0,0,0,0,20250303
202502,경춘선,상천,3,1,145,23,194,116,388,147,549,485,449,406,434,377,672,338,474,393,523,326,511,422,431,549,529,336,385,372,256,358,105,384,69,191,37,214,18,111,9,68,1,27,0,0,0,0,0,0,20250303
202502,경춘선,신내,22,1,1246,426,4353,2090,11072,4079,9039,8659,4260,2353,3382,1960,3287,1963,3439,2173,3372,2838,3006,2313,3198,3833,3760,3002,4955,5680,6764,8201,2811,6399,1619,3428,1407,2623,1044,2344,597,1788,90,679,0,0,0,0,0,0,20250303
202502,경춘선,천마산,6,3,907,173,2523,511,5900,1291,4820,1635,4006,1404,3202,1100,2485,1438,2509,1484,2172,1601,1996,2078,1724,2603,1822,2477,1473,3879,1648,3487,610,4500,532,2713,475,2137,213,1450,80,903,4,242,0,0,0,0,0,0,20250303
202502,경춘선,청평,9,0,617,196,1882,855,3306,1267,3626,2688,3549,3111,3723,2502,5208,2016,4026,3108,3222,3264,3093,3078,2992,3928,2744,3714,3591,4068,2456,3446,1146,3293,1078,1983,680,1525,420,1342,132,1018,8,300,0,0,0,0,0,0,20250303
202502,경춘선,춘천,219,1,601,8,1191,238,1632,665,2545,1557,2807,1913,2179,1760,2331,3239,2090,2533,2890,3076,3196,1899,3567,2685,3343,1988,2957,2001,2347,2313,1582,2355,1057,1393,705,1085,358,1015,91,933,3,609,0,0,0,0,0,0,20250303
202502,경춘선,퇴계원,3,0,2561,392,5019,1468,15148,2972,11157,3929,7848,2474,5860,2840,5063,2699,5941,2683,5073,3357,3497,3691,3889,4874,3799,5858,4035,7593,5118,9916,2156,10257,1549,5452,1115,3869,752,4947,386,2215,16,745,0,0,0,0,0,0,20250303
202502,경춘선,평내호평,597,7,5100,602,11933,1559,23997,3687,18292,8161,10470,5792,9949,4578,9318,5415,8966,7543,8535,6826,7375,8499,7888,8228,7373,9158,8016,16335,8084,21756,4638,17562,3727,10478,3420,7774,3368,6751,1470,4844,47,1831,0,0,0,0,0,0,20250303
202502,공항철도 1호선,검암,1315,0,7699,542,12728,1844,31446,6668,21960,15074,10844,4523,8206,2999,8565,3017,7859,3881,6754,4393,5678,5159,5708,6225,7074,9375,8200,12550,11424,23337,4270,21563,3194,12587,2620,11192,1788,11196,857,8781,121,4417,0,0,0,0,0,0,20250303
202502,공항철도 1호선,계양,52,0,12597,628,34672,2841,68052,4475,51439,6157,32003,5768,22499,4672,19469,5494,18545,6565,15549,9073,12926,11351,11744,14514,12825,22285,12521,29983,9540,55914,6157,53015,4134,32182,3471,27568,2377,26360,1251,15690,218,4924,0,0,0,0,0,0,20250303
202502,공항철도 1호선,공덕,62,2,1725,191,2654,1660,6258,3543,7066,12049,4292,6068,3369,3610,3777,3820,3709,4260,3606,4603,3388,4516,3558,5085,4329,6172,6532,8977,10075,13850,4632,9373,3765,5927,3709,5679,2693,5186,1403,3482,62,1502,0,0,0,0,0,0,20250303
202502,공항철도 1호선,공항화물청사,3,0,502,816,1349,6929,1907,10362,1971,16851,1686,2636,731,1729,604,2688,873,3009,1072,2220,1639,2264,2475,2068,4400,1857,9786,1797,12715,974,3094,1320,1961,1724,2229,800,2252,279,615,165,6,71,0,0,0,0,0,0,20250303
202502,공항철도 1호선,김포공항,7,0,1621,1894,2398,10142,5347,18473,11847,17330,15804,9192,14909,8467,14694,8885,12176,10324,15605,9865,17503,8396,16283,7653,15311,8751,16918,11043,25676,9176,14849,5798,13395,2692,14016,1324,14425,1222,4680,823,187,704,1,55,0,0,0,0,20250303
202502,공항철도 1호선,디지털미디어시티,153,6,3474,712,8017,6943,20620,30431,22869,82819,12221,37853,9289,14367,10402,11582,11451,11852,12699,12069,12826,10716,15569,10921,19638,12842,48249,19735,79137,27594,31818,18859,18868,11427,16595,10284,12426,9096,5750,5856,655,2853,1,5,0,0,0,0,20250303
202502,공항철도 1호선,마곡나루(서울식물원),38,2,2445,1197,5150,12824,12209,36991,14963,74298,7295,33724,5309,12186,6382,8171,8039,8827,8387,10431,8950,9401,13083,7306,23757,8425,67552,13660,59513,18586,23057,11601,15779,7206,11838,6485,11283,6238,3223,3965,524,2564,0,0,0,0,0,0,20250303
202502,공항철도 1호선,서울역,215,3,2638,1525,3804,13132,11302,20135,15333,30817,15355,26871,16758,21914,21772,22213,25336,21890,25167,20466,20365,17256,27274,19635,27968,20167,35038,21849,34599,22605,26363,20716,20382,13518,22898,11872,16299,8807,10525,3903,175,2508,0,0,0,0,0,0,20250303
202502,공항철도 1호선,영종,6,0,3128,150,10466,1316,15559,2513,11661,3380,8444,2662,8186,2573,8477,3471,7375,3741,6451,3592,5323,5262,5550,7583,6180,7802,5942,8488,4197,15384,2525,13470,2050,8447,1928,8885,1337,8563,831,7122,150,2404,0,0,0,0,0,0,20250303
202502,공항철도 1호선,운서,143,8,16139,868,20722,6682,29708,10402,24565,12879,14199,10332,14371,6022,17924,6377,17346,8927,13414,9889,11378,12741,12503,14262,14118,16668,16201,20603,12571,32272,7318,25689,6152,22239,6518,22037,5431,22282,2339,15552,295,4843,0,0,0,0,0,0,20250303
202502,공항철도 1호선,인천공항1터미널,0,0,7380,10692,12186,17480,15918,31938,18318,29943,14627,22867,13228,23428,18203,29645,23158,35905,26107,25147,28775,22004,37101,19462,32347,20646,28727,22514,33422,17377,23220,16727,24493,10103,27540,9276,28018,6008,12294,6368,152,4995,0,0,0,0,0,0,20250303
202502,공항철도 1호선,인천공항2터미널,0,0,5561,7122,6279,12408,8333,19051,9564,17385,8178,9745,5103,9164,6611,14156,8333,16403,8550,11757,14167,10233,18739,9738,17889,9181,22890,10520,22963,6175,13237,3542,13844,3259,14002,2416,11843,1898,4336,1882,2,2424,0,0,0,0,0,0,20250303
202502,공항철도 1호선,청라국제도시,105,0,7146,208,16770,5576,31442,7094,19784,16977,12176,4883,9856,2944,10748,3065,10493,3972,8588,4962,7463,6074,8098,7214,10652,10072,14545,14054,18610,23776,5621,23179,3653,15218,2844,14445,2070,15024,953,8639,137,3836,0,0,0,0,0,0,20250303
202502,공항철도 1호선,홍대입구,213,4,4137,383,4987,3583,9261,9317,12435,24283,10769,27584,11467,23407,13402,29224,16065,35911,18923,35557,22805,31140,27816,30065,35341,30656,42435,32762,47846,37810,39095,25387,36294,13940,39297,11114,31287,9611,14306,7510,1107,2485,0,0,0,0,0,0,20250303
202502,과천선,경마공원,1,0,310,499,950,2333,1803,3218,2086,9298,2094,22748,2162,25661,2527,14024,2965,13872,4107,11330,5424,6952,8743,4258,14724,3117,22800,2077,46530,2101,5909,1731,1658,1018,563,810,326,698,121,446,17,83,0,1,0,0,0,0,20250303
202502,과천선,과천,4,0,2650,388,9408,1923,24491,4708,23284,7684,15548,5363,12251,4534,11062,4690,11145,5931,10525,6520,9200,7591,9233,9280,9170,11515,8939,14253,8647,21435,4479,18475,2874,11349,1973,11605,1403,10489,621,5971,107,1109,0,0,0,0,0,0,20250303
202502,과천선,대공원,1,0,80,226,233,2267,569,3479,810,9016,1297,14026,1313,14705,2817,8148,5951,6711,5981,6780,6529,5345,7683,3089,10712,2073,12254,1351,9931,1057,6272,821,3951,455,1074,344,218,256,119,178,4,28,0,0,0,0,0,0,20250303
202502,과천선,범계,63,4,8364,2769,37761,10010,94444,22891,76733,56735,42737,41594,33147,29960,33588,29458,38400,30160,37273,37616,36268,36196,39669,39675,45201,47510,49387,62961,59096,98865,36229,82844,36727,43198,28716,36845,23922,31004,10549,17277,1066,5481,0,0,0,0,0,0,20250303
202502,과천선,선바위,0,0,646,1314,4736,8271,13235,20340,15707,24153,11462,12943,9212,6393,8517,5909,8874,6184,9235,6116,8770,5772,10154,6569,13522,8347,22816,10329,27372,13379,11435,10471,7797,7341,5417,6521,3062,5722,1013,3570,79,638,0,0,0,0,0,0,20250303
202502,과천선,인덕원,63,3,7844,3079,29230,15550,75057,44068,66168,98287,41208,37033,32158,20106,30057,20009,32327,21627,32231,24705,29099,25717,32181,29075,38624,35621,61917,49693,84843,81975,31758,67171,24610,37179,22098,33532,14447,31674,5844,19294,600,5254,0,0,0,0,0,0,20250303
202502,과천선,정부과천청사,14,2,1933,1286,7958,12701,21803,37827,19267,97737,14277,25995,11748,12068,12902,10520,14281,11697,15217,12935,15121,12612,17445,12992,24752,14215,42900,18194,65364,24973,19178,21416,14670,11547,13147,10529,7698,8733,2389,4904,246,1110,0,0,0,0,0,0,20250303
202502,과천선,평촌,74,0,4399,2220,21165,9250,58325,32113,47310,82643,24327,27704,19300,14526,18725,12267,19441,13532,18160,17550,18399,15406,21328,16504,24009,21359,44416,29132,60264,47300,21493,41793,17155,22791,15619,18448,10653,16749,3830,9156,427,3145,0,0,0,0,0,0,20250303
202502,분당선,가천대,15,0,4013,827,6279,2963,16465,5017,22026,14671,14944,10386,9340,8351,9151,7556,10216,8064,10197,10217,9343,8360,11273,9532,14850,10445,14955,13555,12106,19884,6668,16988,4936,12630,5182,12777,3379,12107,1800,8663,82,835,0,0,0,0,0,0,20250303
202502,분당선,강남구청,32,0,1157,763,2398,5465,6611,17090,9897,53216,8678,40799,8103,19906,9225,13947,10784,13920,12126,16179,13378,13567,15062,13434,17897,13185,30663,15997,47157,20817,24635,12505,14340,7118,12045,5743,7995,5577,2672,3054,100,613,0,0,0,0,0,0,20250303
202502,분당선,개포동,4,0,1076,481,3603,3504,10933,4396,12945,8475,8459,6554,6985,5678,6267,4387,7293,5184,6781,5785,6615,5718,6982,6776,7455,7602,8541,10151,8398,13489,4744,11030,4035,6976,3324,6228,3057,5744,1105,3133,27,96,0,0,0,0,0,0,20250303
202502,분당선,구룡,1,0,882,564,2686,3121,7220,3935,10151,7766,7583,4205,6025,2982,5057,2627,5749,3400,5081,3894,5755,4145,4887,4731,5745,5547,5754,7211,5448,9568,3147,7270,2019,4437,1448,3993,1042,3798,291,2310,14,85,0,0,0,0,0,0,20250303
202502,분당선,구성,130,3,2468,575,9135,3831,21909,8426,23745,10891,14225,6610,11240,4949,9878,5716,9416,6550,8290,6968,7752,7482,7660,9763,9219,11361,12467,18118,11940,25083,6893,18486,5966,13227,4209,10215,3516,11125,1738,6184,136,588,0,0,0,0,0,0,20250303
202502,분당선,기흥,269,7,5176,675,14905,3950,35211,11373,32595,18838,18240,10212,13156,7306,12976,8273,12531,8374,12643,10372,11849,10321,12074,11674,14299,14112,19425,20612,22428,33340,11466,28830,8476,16890,7662,12998,5429,13768,2093,7972,63,923,0,0,0,0,0,0,20250303
202502,분당선,대모산입구,9,0,2388,568,6434,2959,19625,5350,22895,9913,13545,5979,9492,4264,8306,4737,8514,5396,8274,6562,6748,6251,6679,7921,8575,9397,9876,12757,9889,18119,4587,15096,3478,9470,2790,9293,1771,9087,625,4792,21,295,0,0,0,0,0,0,20250303
202502,분당선,도곡,40,0,1533,1077,3904,6234,10111,12655,14107,22842,12162,19192,9961,9132,10266,8742,11367,8911,11390,9353,11804,9758,13628,10023,14287,11041,20525,13259,22154,16058,11280,13034,7586,8814,5889,7762,4765,6676,1150,3677,44,290,0,0,0,0,0,0,20250303
202502,분당선,망포,56,0,5718,2696,20070,8504,48685,26996,42066,43053,22855,16594,15642,9292,14858,10751,16303,11635,16476,12415,14359,11819,15908,16329,20813,19374,35204,27354,41918,46868,20907,42651,16757,26966,13327,20145,10301,18365,3807,11036,162,920,0,0,0,0,0,0,20250303
202502,분당선,매교,373,2,4327,621,9870,2962,19973,3549,18461,7199,9365,5133,6028,4054,6118,4545,6569,5378,5798,5182,5290,5893,5465,6293,7122,7954,7124,12491,7416,19393,4145,13638,2962,9272,2495,7544,1976,6374,527,3685,18,542,0,0,0,0,0,0,20250303
202502,분당선,매탄권선,62,0,3837,723,9743,2648,20305,4632,18429,8482,9994,5414,7217,3456,6783,3550,7328,4357,6325,4752,5577,4629,5944,6431,7126,8309,8195,11278,8615,20621,4676,14420,3495,9635,2864,8309,2386,7954,766,4916,11,458,0,0,0,0,0,0,20250303
202502,분당선,모란,359,14,13884,2322,19831,10169,46896,19832,62695,31136,42637,24639,29202,24094,28320,29045,32358,30273,32222,31765,31049,31671,32509,37432,34615,39497,36272,43421,36613,59366,20481,44605,15085,32333,13399,28029,10256,22844,5573,13996,278,1251,0,0,0,0,0,0,20250303
202502,분당선,미금,561,0,3177,639,11196,10649,24105,19400,28478,41076,21332,30573,21807,20941,24045,21310,24356,22158,24596,24025,26356,23640,30196,24088,29046,25802,33812,29901,36718,37678,19755,28884,16519,19105,16219,17034,12209,14611,3923,8053,171,1800,0,0,0,0,0,0,20250303
202502,분당선,보정,41,1,1018,68,3259,1015,8113,2246,9073,3833,5835,2090,4666,1358,4144,1784,3635,2017,3511,2277,3182,2696,3214,3597,3542,4489,3510,5068,3379,6545,1479,5809,1088,3915,1095,3589,855,3854,303,2200,3,140,0,0,0,0,0,0,20250303
202502,분당선,복정,0,0,0,0,0,0,2,0,4,0,11,0,7,0,12,0,9,0,7,0,9,0,14,0,6,0,6,0,13,0,9,0,4,0,2,0,1,0,2,0,1,0,0,0,0,0,0,0,20250303
202502,분당선,상갈,26,0,3020,667,7666,2328,17398,5818,17276,7690,12206,4618,8530,3417,8194,3873,6937,4031,6647,5810,5806,5629,6005,6390,6688,9116,9581,12014,9277,15820,4749,13314,2969,9777,2488,8559,1412,7971,592,4507,2,651,0,0,0,0,0,0,20250303
202502,분당선,서울숲,137,0,2367,580,4767,5639,11459,22686,20147,42816,13877,34632,8736,21921,9214,17335,11395,17873,13517,19898,15439,18601,19262,18018,24693,18254,41792,19826,49826,26419,29937,17250,18589,9111,14953,7505,8477,6534,2537,3154,86,786,0,0,0,0,0,0,20250303
202502,분당선,서현,227,13,3962,2551,11301,11294,30068,31097,35306,80632,26861,63445,25078,36720,27043,32671,30875,34546,32389,37603,35371,37549,41983,35097,45713,38704,62254,46694,81170,57186,46075,41957,42421,24948,34847,20043,26691,17340,10353,9085,474,1314,0,0,0,0,0,0,20250303
202502,분당선,선릉,46,3,1142,1500,2241,10697,4537,43275,6951,120593,6073,81157,6692,38776,8384,24465,10889,22716,12173,24289,13967,19135,18435,16195,26003,17713,48625,20504,73213,24272,32476,14820,21814,7513,18883,6003,15037,5005,4658,3081,232,650,0,0,0,0,0,0,20250303
202502,분당선,선정릉,4,0,766,924,1945,4402,4319,12458,6858,44614,6570,38211,5698,15984,6655,9662,8799,8807,9376,9111,10683,8285,11092,7293,13544,6860,25008,8569,40492,9738,20498,6625,10382,3936,8367,3623,5510,3358,1855,1771,72,432,0,0,0,0,0,0,20250303
202502,분당선,수내,112,1,2501,1735,6675,7644,16551,22652,20567,54395,14865,41898,12930,22287,13997,17088,16523,17423,18189,17754,20688,17242,21901,16424,24881,18317,39092,22579,50866,26056,28928,20116,23782,12687,17838,10934,12537,10244,3375,5098,175,956,0,0,0,0,0,0,20250303
202502,분당선,수서,53,0,3773,3869,8730,12886,35880,26291,54251,44865,34352,27067,31029,19595,22980,17796,28598,21496,24546,20251,18808,21160,26362,24272,27940,30438,37653,43544,40710,58648,19835,38465,18124,26550,14211,22731,12956,20230,7792,8096,241,1497,0,0,0,0,0,0,20250303
202502,분당선,수원,600,4,5047,627,8401,4181,20302,7181,20700,12279,10182,10961,7550,8303,7845,10554,8350,11342,9244,11358,9235,12165,11299,10699,13361,13534,14859,19296,17991,25204,13028,17138,12993,9801,11541,7577,9694,5184,3992,3502,162,657,0,0,0,0,0,0,20250303
202502,분당선,수원시청,224,4,6136,1779,12051,6356,29801,16879,27208,50858,14403,34816,13130,17291,16585,16266,18102,19232,16931,20553,18562,16843,21729,17740,27606,19232,31274,30694,43460,45704,21633,33204,18788,21746,18155,14552,15995,13200,6255,8529,252,1011,0,0,0,0,0,0,20250303
202502,분당선,신갈,112,0,2674,198,8766,1179,17762,2265,17333,5846,10947,4498,8241,3861,7820,4386,7152,4922,7091,6154,6498,6218,6642,7215,6879,7568,6074,10576,4971,17108,2574,13576,1767,9550,1691,7135,1017,8203,365,4414,14,290,0,0,0,0,0,0,20250303
202502,분당선,압구정로데오,109,2,2119,1014,3305,11053,5068,24429,7565,65665,7606,94615,9212,52177,13764,37122,18381,32402,22222,32746,27312,30785,34946,28609,45352,29630,61357,35364,80980,39438,63130,22134,50165,10314,34779,6945,23488,5552,8355,3605,428,868,0,0,0,0,0,0,20250303
202502,분당선,야탑,157,5,6731,3121,17505,14749,47668,39093,53401,88741,38766,51823,31598,35451,33343,31953,35359,34903,35428,38064,36594,35293,42155,37721,46664,40071,62556,50933,77040,66609,37447,51668,28837,32253,25448,25497,16800,24110,6719,13333,307,2195,0,0,0,0,0,0,20250303
202502,분당선,영통,83,6,2604,1820,7547,4126,15898,9751,16453,21948,10609,15789,9119,11231,9460,10245,11009,11853,11894,12751,12175,11892,13934,12434,15906,12650,22574,18571,24110,24557,12965,18474,12127,11846,12542,10198,13060,9397,4395,5996,166,401,0,0,0,0,0,0,20250303
202502,분당선,오리,656,8,3138,427,14062,7383,26892,13951,27406,33218,18719,15301,15150,9971,15090,10328,15459,11832,15572,11431,14677,11701,16807,13269,18378,14913,25906,17146,31949,22966,11865,19449,9632,13077,7986,11341,5405,9816,1897,6031,68,1495,0,0,0,0,0,0,20250303
202502,분당선,이매,57,8,2115,759,5098,2736,12361,7672,14199,12344,9888,6416,8672,5752,8038,5814,9311,7034,8064,7803,7889,6658,8337,7777,9187,8643,10781,10685,12207,14036,4930,11239,4318,7733,5330,6687,3042,6808,975,3993,49,740,0,0,0,0,0,0,20250303
202502,분당선,정자,325,7,2848,1180,9600,15076,25185,41794,28508,81586,22155,51470,16672,24230,18177,18590,19827,18146,20506,20274,21153,18368,25877,19759,29918,24450,56631,34702,68145,43585,37468,34889,29502,21298,29260,19010,25048,15907,9866,9628,890,2422,0,0,0,0,0,0,20250303
202502,분당선,죽전,1320,5,4311,1012,15357,6495,37184,13536,31596,21970,20211,23326,15740,16946,15527,16565,15995,16568,18050,18190,17305,18658,18760,21367,21799,24540,25424,29329,26467,43866,17083,37321,21127,21769,10947,18991,7808,17652,2290,11691,5,5938,0,0,0,0,0,0,20250303
202502,분당선,청명,48,0,2931,828,7483,2279,17549,5058,16829,7755,9250,4049,6140,3339,5460,3255,5618,3920,5749,4309,4710,4721,5345,5650,6061,6459,7057,9742,9073,16160,4177,12353,2663,8340,1922,7677,1739,6461,555,3907,12,289,0,0,0,0,0,0,20250303
202502,분당선,태평,240,24,13162,1406,17939,4543,36784,6931,54507,16121,36757,11119,21376,10766,17741,12139,18890,13742,18726,14288,17125,17264,16484,22892,17024,26280,18576,30817,16985,41477,9653,30820,7371,22923,5341,24516,3686,18941,1673,10275,71,1009,0,0,0,0,0,0,20250303
202502,분당선,한티,10,1,2073,1484,7900,9333,20487,23522,24141,48905,16860,44734,14090,27572,15574,21369,20293,27850,23515,33606,22513,21924,25014,22843,30684,25981,50529,37152,46819,37157,28286,25323,29088,15088,25724,13487,31647,11658,4228,5808,236,391,0,0,0,0,0,0,20250303
202502,서해선,김포공항,3,4,229,2066,624,6818,1238,9012,2212,11514,2799,7236,2489,7310,2655,8596,2683,8829,4476,8444,5299,7065,5896,5926,6636,6448,7554,8018,10515,7519,6468,3962,5791,1795,5951,1104,5078,823,1571,761,62,303,0,0,0,0,0,0,20250303
202502,서해선,부천종합운동장,23,0,2631,394,4558,1131,11647,3021,12665,3989,5980,2027,3517,1453,3341,1490,3407,1934,3086,2176,2854,2073,2642,2583,3249,3796,4223,5671,5104,9885,2318,7998,1808,4472,1357,4022,956,3430,422,2088,40,356,0,0,0,0,0,0,20250303
202502,서해선,원종,16,0,4478,707,7566,2854,15528,5421,14896,8378,8707,4221,7089,3881,6898,4462,7193,6121,6754,5617,5942,6070,6540,7269,7658,9359,8136,12302,9403,17438,4820,13779,3614,7512,2936,6921,2241,5993,1004,3735,30,622,0,0,0,0,0,0,20250303
202502,수인선,고색,649,2,3120,389,8570,2757,17827,16770,13366,20284,6810,4056,4809,2793,4707,3384,5638,3602,4885,3926,4604,4361,5045,4734,5836,6437,16028,8353,20348,12581,6637,13308,6065,8334,3556,5876,2046,5331,804,3315,4,1801,0,0,0,0,0,0,20250303
202502,수인선,남동인더스파크,7,0,400,857,863,4077,1031,17763,1824,20866,1221,2809,1188,1162,1407,1292,1712,1351,1779,1419,2170,1105,2391,870,3689,1079,15315,1331,11259,1756,3633,1957,3971,1403,1656,735,454,476,187,258,3,20,0,0,0,0,0,0,20250303
202502,수인선,달월,0,0,11,48,37,128,165,99,85,212,44,64,99,59,104,76,76,71,85,76,75,78,114,75,173,104,229,101,732,81,60,66,52,49,25,46,14,57,15,34,0,4,0,0,0,0,0,0,20250303
202502,수인선,사리,1,0,4546,447,10121,1478,20959,2587,17520,4449,10074,2652,7791,2571,6879,2663,7138,3486,7128,4279,5777,4124,5585,5929,5792,8000,5631,9200,6035,18993,3677,12124,2070,8540,1769,8931,1891,6868,638,4994,12,568,0,0,0,0,0,0,20250303
202502,수인선,소래포구,18,1,2484,316,7077,2233,13648,3083,11840,6348,6260,5276,5253,4309,7175,6915,7358,8571,7077,7731,8426,7077,9740,6615,8574,7607,7837,9426,7045,13184,4005,8394,3295,5734,3333,5573,2298,4430,1139,2910,14,501,0,0,0,0,0,0,20250303
202502,수인선,송도,1,0,1830,337,4119,1450,6732,1887,7057,3598,3819,2364,3396,2024,3802,2507,4269,2891,4207,2852,3867,3132,4069,4079,4017,4330,4103,5817,3749,6829,2070,4391,1625,2956,1220,2774,779,1894,328,1196,5,310,0,0,0,0,0,0,20250303
202502,수인선,숭의,10,0,3296,807,5857,2969,11963,6753,9655,10383,5583,4274,5927,3569,6079,3617,6009,4395,5899,5038,5498,4614,6237,5138,7267,6806,9002,8332,8150,10685,3985,6153,2544,4317,1916,4374,1523,3155,691,1984,10,457,0,0,0,0,0,0,20250303
202502,수인선,신포,2,0,910,232,1530,902,2719,2662,2680,5378,1740,2760,1639,2096,2124,2772,2426,2903,2589,3110,2998,2705,3414,3000,3735,3277,4747,3732,5076,4075,2427,2116,2178,1520,1604,1362,1086,949,447,641,1,180,0,0,0,0,0,0,20250303
202502,수인선,야목,0,0,214,10,1022,349,1517,685,1281,605,782,321,627,354,651,342,578,323,559,401,510,411,687,445,804,672,746,719,856,1611,379,970,269,390,143,510,132,363,42,251,0,34,0,0,0,0,0,0,20250303
202502,수인선,어천,0,0,247,89,1511,1399,4104,2257,3547,2421,3110,1330,2670,1450,2475,1560,2604,1650,2501,2221,1835,1945,2494,2110,2481,3157,2715,2971,3931,4435,1484,3130,1050,1748,666,1865,377,1379,168,695,1,119,0,0,0,0,0,0,20250303
202502,수인선,연수,11,0,2543,732,6112,2120,12512,4063,11103,9037,5636,6402,5135,5650,5542,5567,6310,6390,6973,6590,6880,6186,7155,6716,6853,8418,7912,12145,9893,14575,5108,8522,4930,6271,4896,5314,3663,3441,2178,2358,26,464,0,0,0,0,0,0,20250303
202502,수인선,오목천,3,0,1207,375,5567,1864,11355,3864,11955,6486,7391,2948,5914,2834,5391,2859,6310,3470,5482,4417,4458,3848,4879,4851,5084,6593,6400,6164,7721,13090,3864,8084,2384,4565,2016,4237,1415,4887,576,2936,13,256,0,0,0,0,0,0,20250303
202502,수인선,원인재,45,1,3344,594,6319,2222,12399,4779,13650,7005,7859,4085,6528,4110,6491,4635,6396,5168,6342,5411,5672,5722,5789,7215,5875,8174,7371,10987,7393,14820,4330,10076,3610,7125,3110,6400,2571,5316,1305,3724,62,679,0,0,0,0,0,0,20250303
202502,수인선,월곶,0,0,1485,316,4544,1237,9631,1474,7853,2682,4683,2777,3734,4441,3989,4356,4161,4199,3801,3629,3707,3837,3963,4043,4656,4463,4703,6132,6127,9148,3237,5038,1891,3697,1590,3419,1119,2927,480,1725,3,245,0,0,0,0,0,0,20250303
202502,수인선,인천,74,1,584,255,1001,881,1588,1968,1613,3502,1488,1864,1470,2380,1651,3888,1905,4323,2051,3791,2271,3796,3077,3243,2656,3050,2608,2871,2270,3194,1326,2316,987,1778,753,1386,466,1166,85,611,3,199,0,0,0,0,0,0,20250303
202502,수인선,인천논현,3,1,2332,706,5515,3992,11888,7074,11590,11568,7335,8258,7135,6352,7476,6822,8095,7927,7771,8258,7670,8536,8487,8407,8973,9951,10800,13264,10783,17020,6654,10456,6505,6887,5947,5849,4484,4208,2342,3115,10,588,0,0,0,0,0,0,20250303
202502,수인선,인하대,28,0,3949,490,10711,2370,20923,3817,17468,10706,7917,6896,7375,5302,7875,5934,8641,7193,8647,7535,8000,7630,9279,8551,11169,9838,11070,15040,9847,22214,5781,11731,5032,8379,4794,7777,3778,5737,2061,3977,54,1096,0,0,0,0,0,0,20250303
202502,수인선,호구포,18,0,1669,638,2836,6154,5873,17089,6740,19274,4450,4134,3827,2475,4098,3122,4498,3745,4396,3527,4179,3591,4624,3832,5434,4409,15350,5758,15645,7082,4846,5567,5165,4116,3143,3204,1661,2484,901,2004,0,329,0,0,0,0,0,0,20250303
202502,신림선,관악산(서울대),4,1,829,439,1628,1206,5583,2212,6453,7133,3748,9087,3401,7861,3862,4790,4900,4558,5972,4759,6397,4419,7185,3459,6890,3015,6550,2990,5614,4101,1989,3661,1280,2394,1280,2079,1084,2191,423,1390,141,726,0,44,0,0,0,0,20250303
202502,신림선,당곡,0,0,1890,214,3960,1027,12337,4304,18571,8887,11862,6129,7533,5171,6832,4937,7515,5792,7331,5634,6640,6552,6823,7697,6997,7964,9300,11220,10176,16014,5329,13720,4546,8096,3131,7032,2242,6430,989,3686,203,1352,0,1,0,0,0,0,20250303
202502,신림선,대방,39,0,1504,279,2234,1364,6383,3334,9838,5295,5581,3054,4034,2790,4368,2650,4911,2837,4781,3566,4843,3152,4750,3274,5060,3972,6206,5127,6041,7842,3570,5353,2992,3574,2515,3391,1792,3113,913,2017,223,704,2,49,0,0,0,0,20250303
202502,신림선,보라매,0,0,1699,380,3093,1802,9601,4681,13936,11422,7948,5563,5277,3889,5318,4156,5966,4356,6142,4727,5776,4463,5810,5049,6222,5896,8832,8097,12848,12510,5274,9368,4555,5565,3695,5014,3039,4221,1333,2609,279,868,0,1,0,0,0,0,20250303
202502,신림선,보라매공원,0,0,458,438,1686,1401,5265,3849,6318,7902,4030,3245,3245,2374,3273,2391,3608,2743,3282,3517,3352,3535,3562,3612,3731,3481,4660,4578,5978,6678,2237,4878,1780,2907,1205,2581,921,2280,261,1373,77,463,0,0,0,0,0,0,20250303
202502,신림선,보라매병원,11,0,875,476,1937,5060,7300,24309,8540,50478,9390,23104,9967,13524,11211,9983,10951,10515,10609,12476,13216,11244,15928,9194,16394,7372,29500,8861,34397,10551,11692,8330,8583,4854,6152,4201,4028,3061,1258,1427,193,448,0,0,0,0,0,0,20250303
202502,신림선,샛강,1,0,339,752,787,2346,1477,13009,2518,26844,1905,9652,1607,4069,2089,3306,2210,2905,2481,3512,3354,2834,3880,2962,4336,3114,11035,3548,18422,4100,6518,2322,4756,1514,4225,1224,2803,940,1294,571,384,271,0,52,0,0,0,0,20250303
202502,신림선,서울대벤처타운,23,0,5612,314,9596,2557,29322,5046,40308,8386,23901,7849,16071,6707,14372,8020,15819,9258,15394,10190,13397,11127,12040,14304,12711,18296,13755,21371,13731,31828,8067,28613,5984,16457,4898,15145,4599,14496,1649,10578,428,4303,0,1,0,0,0,0,20250303
202502,신림선,서울지방병무청,0,0,1027,372,3125,1220,9058,3831,12584,5820,7267,4104,6384,3249,5801,2938,5156,4894,4951,4608,4355,4891,5481,5561,5467,6207,4883,7981,4545,11763,2221,8527,1607,5734,1587,5032,1121,4674,312,2807,92,917,1,1,0,0,0,0,20250303
202502,신림선,서원,0,0,2148,314,3960,702,12817,1125,18459,1833,11384,2105,6586,2098,5333,2265,5640,2875,5288,3068,4191,3542,3793,4911,3783,5717,3668,7499,3504,12301,2355,11362,1490,6945,1149,7054,1127,6031,392,4123,102,1471,0,0,0,0,0,0,20250303
202502,신림선,신림,0,0,832,323,1301,722,4220,1341,6517,2953,4006,2750,3195,3228,3098,3265,3506,3802,3396,3728,3864,4208,3888,5014,3757,4785,4070,6893,4504,10156,3556,7219,2633,3917,2501,3408,1739,2946,1128,1506,426,670,0,3,0,0,0,0,20250303
202502,안산선,고잔,208,1,4898,789,14597,4786,25318,11763,19938,25736,13306,14179,12072,10473,12740,9316,12015,10224,11751,11758,12280,11317,13916,11496,14770,11124,19398,15702,22342,21969,8369,17684,6280,11530,6174,9750,3958,7987,1746,6832,125,2673,0,0,0,0,0,0,20250303
202502,안산선,대야미,6,1,2767,758,7398,2467,15942,4026,17034,6753,10756,3288,7884,3615,6983,4028,7325,4582,7613,4602,6556,5307,6540,6862,6959,8429,7613,9753,8878,15026,4186,11367,3095,8110,2015,6421,1398,6753,840,3777,103,1038,0,0,0,0,0,0,20250303
202502,안산선,반월,3,0,3648,785,7973,2031,15679,3330,14083,4412,8846,3171,7181,2877,6765,3732,6901,4315,6151,4701,5429,4801,5183,6395,5352,8206,6120,8544,6558,14137,3032,10933,2325,7789,1511,6245,1197,6091,477,3172,101,797,0,0,0,0,0,0,20250303
202502,안산선,산본,582,4,8961,1532,22556,6000,50222,13185,47764,26884,24847,20589,21621,19269,21551,20135,23425,22897,23072,24428,22717,24350,25575,26616,26582,30810,25666,36094,29880,61483,18717,50549,16253,28451,15288,23391,11711,17598,4425,11509,571,3767,0,0,0,0,0,0,20250303
202502,안산선,상록수,471,8,12669,1973,27424,7368,58541,8927,52431,14663,30571,12165,22984,10109,21038,11053,21509,12836,21034,14704,16595,16447,16433,19523,17596,24740,18178,36803,17752,57250,11914,45886,9350,32887,7335,28099,4906,21814,2290,15007,350,4290,0,0,0,0,0,0,20250303
202502,안산선,수리산,24,0,3250,525,8926,1451,16137,3699,15684,3919,9297,2930,6545,3082,6612,2556,5876,2854,5104,3105,4094,3689,4277,4979,3810,5933,4266,7740,4444,11694,2335,9398,1539,6215,1062,4695,699,4630,330,2603,56,729,0,0,0,0,0,0,20250303
202502,안산선,신길온천,36,0,2570,110,4217,1519,7196,3497,5440,2092,3930,1322,3175,1196,2739,1376,2882,1729,2486,1674,2280,2066,2568,2470,3353,2995,4368,4279,3629,6245,1872,5049,1037,3415,683,3107,433,2323,149,1747,25,543,0,0,0,0,0,0,20250303
202502,안산선,안산,1630,9,9073,1335,11299,13709,20049,35493,20749,26818,17630,13557,14679,11631,14369,12888,15572,14119,16617,14019,16440,15366,17645,15150,20805,16519,38454,22283,39660,22821,18159,18580,14381,14122,8773,12214,3716,9095,1190,5865,128,2185,0,0,0,0,0,0,20250303
202502,안산선,오이도,167,1,4881,490,12499,5315,26716,9827,19931,9509,12405,6658,10576,6324,10297,8328,11827,9812,10818,9619,9660,10126,10137,10939,11768,12435,14864,15961,14414,22863,8086,19120,6225,12443,4706,10796,3449,9561,1110,6512,16,3107,0,0,0,0,0,0,20250303
202502,안산선,정왕,255,7,7096,833,10805,10990,18825,21377,16592,21203,14014,12590,11710,8964,11842,9299,11798,10811,11622,10290,11165,10320,12560,11234,13922,11754,21110,15883,25216,21035,10944,15904,9036,12633,5560,11418,3683,9174,1142,6305,70,2095,0,0,0,0,0,0,20250303
202502,안산선,중앙,170,21,9515,1179,27798,9325,51063,13896,41070,33471,23902,29933,21940,20628,25094,20768,29248,24384,25675,27894,25698,27359,27067,27695,30971,30778,33280,43129,36032,64286,22952,50140,22206,33138,23067,26778,19002,21933,8136,16919,910,5458,0,0,0,0,0,0,20250303
202502,안산선,초지,279,2,3754,247,11047,4194,19956,8390,14967,8827,8580,4911,6644,3500,6620,3486,7718,4163,6084,4401,4999,4815,5382,5684,5908,6815,7844,10226,9463,15652,4387,14016,3198,9624,2537,8249,1424,6373,557,5075,54,2012,0,0,0,0,0,0,20250303
202502,안산선,한대앞,116,2,7191,923,15533,3702,28509,6887,23218,13101,16372,11471,13066,8728,12734,8495,13106,9512,12038,10190,11636,11305,11751,12529,12273,15577,14859,21028,14653,29087,8190,23373,6720,15172,6207,13738,4524,10910,1795,7457,191,2409,0,0,0,0,0,0,20250303
202502,우이신설선,4.19민주묘지,1,1,1292,320,2678,904,7362,1587,9358,4440,6026,4039,4904,3909,4853,4284,6249,4901,5786,4802,5587,4416,5268,4584,5341,4897,5044,5349,3555,6817,2571,7127,1810,4133,1370,3679,947,2893,478,2085,138,605,0,0,0,0,0,0,20250303
202502,우이신설선,가오리,4,1,2327,366,5290,1339,14654,2585,15492,5893,10479,4371,7891,4357,7483,4536,7467,5106,7258,6042,5824,6218,5811,7388,5758,8774,5655,9500,4659,13348,3337,12321,2185,7132,1536,6436,1121,5354,431,3196,129,949,0,0,0,0,0,0,20250303
202502,우이신설선,보문,6,0,559,112,808,1148,1914,2046,4011,4502,2908,3535,2445,2360,2525,2296,2748,2423,2985,2674,2791,2526,2988,2933,3469,3032,3572,3237,4144,3856,2490,2812,1839,1991,1511,1774,1170,1530,556,934,152,313,0,0,0,0,0,0,20250303
202502,우이신설선,북한산보국문,5,1,2039,441,6498,1663,17197,3672,20045,8194,13715,6479,10800,5029,10005,5014,9980,6592,9884,6834,8871,7208,8137,9266,9415,10791,9586,13068,9346,18389,4993,15911,3705,11035,3287,9782,2377,8424,1250,5322,426,1271,0,0,0,0,0,0,20250303
202502,우이신설선,북한산우이,13,1,1511,506,2986,1189,7697,1828,7815,4986,4720,6809,3757,7106,4033,5755,5674,4815,6049,4143,6119,4007,5757,3656,5103,3782,4197,3999,3401,5022,1954,4283,1593,2881,1261,2308,709,1871,429,850,129,368,0,25,0,0,0,0,20250303
202502,우이신설선,삼양,2,1,1047,338,2855,938,6566,1394,7938,3071,5164,2454,4435,2845,4126,2720,4267,3332,4064,3784,3549,3884,3480,5014,3465,5158,3255,5368,2866,6823,1833,6000,1374,3929,938,3464,627,2849,354,1700,74,511,0,0,0,0,0,0,20250303
202502,우이신설선,삼양사거리,1,0,1179,378,2507,1707,6329,1716,7975,4010,5561,3325,4744,3036,4398,3433,5110,4168,5118,4275,4151,4461,4106,5472,4090,5656,3999,5634,3926,6783,2674,6121,1878,3650,1149,2815,780,2131,391,1240,100,364,0,0,0,0,0,0,20250303
202502,우이신설선,성신여대입구(돈암),1,0,537,551,1050,1271,2970,3347,5921,8577,4196,7247,4022,5942,4846,6092,5835,7200,6311,8102,5978,6934,6799,7320,7566,7942,7738,8902,8867,11189,6169,7007,6006,4284,6676,3352,5700,2486,2469,1466,646,502,0,0,0,0,0,0,20250303
202502,우이신설선,솔밭공원,17,2,1681,181,3633,929,9692,1376,10157,2413,6610,2099,4686,2189,4154,2396,4540,2920,4226,3482,3516,3638,3577,4214,3427,4977,2935,5400,2435,7772,1403,7203,1032,4714,747,3939,554,3229,273,2138,66,558,0,4,0,0,0,0,20250303
202502,우이신설선,솔샘,2,1,2631,382,10022,1330,26591,2626,26912,3972,15492,3296,10875,3146,9360,3649,9342,5102,8562,5661,6636,6430,6602,8754,6329,10847,6032,13559,4701,22446,3181,20415,2016,11750,1598,10868,1135,9315,576,5107,160,1780,0,0,0,0,0,0,20250303
202502,우이신설선,신설동,53,4,900,876,809,2630,1435,5601,2401,10991,1671,7818,1850,4757,2409,3678,2868,4049,3337,3626,4037,2853,6165,2121,5967,2357,7261,1870,9584,2012,5092,1480,3306,1115,2754,935,1966,943,814,501,193,389,5,127,0,0,0,0,20250303
202502,우이신설선,정릉,0,0,1688,425,4710,1574,11865,2981,14692,6081,11612,4278,8958,3648,8512,4171,8806,5081,8412,5740,7256,6385,7010,7812,7098,9056,7141,10252,7438,14790,4044,11953,2705,7488,2236,6567,1735,5139,843,2808,230,827,0,0,0,0,0,0,20250303
202502,우이신설선,화계,1,0,1685,671,3866,1239,10320,1712,13245,4862,8123,5358,6677,4646,6608,4528,7738,5037,6681,5230,6050,5096,5372,6007,5465,6490,4645,6991,4168,9483,2850,8757,1986,5710,1287,4380,882,4076,452,2349,142,826,0,0,0,0,0,0,20250303
202502,일산선,대곡,240,3,2063,1416,7077,6350,19263,17478,19421,21732,11221,13694,8202,9744,8450,9776,9118,9763,9512,9199,9577,9223,10430,9488,13382,11298,19001,13385,27559,19803,19452,14643,12180,8305,10743,8110,8953,7417,5968,5501,926,1939,3,0,0,0,0,0,20250303
202502,일산선,대화,160,4,7103,1217,22936,3927,46705,10457,34088,15570,22119,10837,18277,10365,18221,10249,17376,12209,16280,12798,15648,12502,15714,15225,16468,13910,17802,20651,16444,25512,8236,23748,6240,17334,5019,13571,3809,12348,1408,8161,156,2882,0,0,0,0,0,0,20250303
202502,일산선,마두,30,2,3496,1640,10001,4119,16854,7921,17273,20725,12410,14754,13252,10888,13472,10450,13963,9718,13233,13735,13956,13118,15379,13149,16332,13898,17573,15554,17272,18323,6992,17211,5040,10217,4738,8780,3917,7952,1009,5042,121,1250,0,0,0,0,0,0,20250303
202502,일산선,백석,59,0,4035,1973,9838,5761,20982,10992,22836,23815,16140,13392,14419,12666,15283,12825,16292,14562,15932,15876,16926,15926,18770,16972,18956,18603,22053,21418,22486,26338,11764,24975,10133,14301,9411,12193,6677,10112,2824,6326,343,1729,0,0,0,0,0,0,20250303
202502,일산선,삼송,507,4,8004,1056,28812,5606,76045,12341,73902,21095,38585,17026,29477,14421,25596,16866,26407,20741,25013,23311,22249,24231,21779,28639,24512,32912,27444,44107,29454,67312,18523,60882,14075,35060,12800,32982,12571,25330,3409,13544,575,2918,0,0,0,0,0,0,20250303
202502,일산선,원당,215,0,7768,608,18998,5735,43731,6370,42249,12182,25248,8135,19467,8049,18041,9873,18568,11116,16761,11611,14609,14084,14113,16551,15122,20624,15128,26321,14983,38235,7011,34490,5172,21926,4312,18616,2695,16181,923,10394,135,1661,0,0,0,0,0,0,20250303
202502,일산선,원흥,176,2,6211,450,16081,3623,42742,6511,45412,13402,24562,9898,18451,7511,16273,8296,16812,10132,16150,11980,13398,12857,13250,15786,13368,19283,14890,26412,16039,36330,7881,35936,6493,21628,5744,18511,4253,16170,1999,10130,295,2178,0,0,0,0,0,0,20250303
202502,일산선,정발산,54,1,1913,769,4804,2786,7855,5253,9172,19494,7390,18579,7700,13860,10201,12883,11044,12623,13015,15229,14589,13454,16176,12297,16643,12831,18997,14016,23550,16254,11515,13087,11863,7130,8227,5583,6371,4627,2303,3266,274,965,0,0,0,0,0,0,20250303
202502,일산선,주엽,122,0,5544,1088,15957,3012,23586,6336,23624,13063,17563,12294,16141,12857,17430,14553,17814,15210,17681,18813,17471,16984,19426,19263,18611,19180,16557,21835,15293,25295,7896,23719,7606,14626,4637,11899,4066,10567,912,6926,119,1760,0,0,0,0,0,0,20250303
202502,일산선,지축,0,0,0,0,0,0,1,0,1,0,4,0,3,0,2,0,1,0,2,0,2,0,1,0,2,0,2,0,2,0,5,0,1,0,1,0,0,0,0,0,1,0,0,0,0,0,0,0,20250303
202502,일산선,화정,158,1,10525,1465,22192,5120,49115,10287,48896,28945,29092,22633,26267,20053,25978,21894,27802,23461,29019,25185,27331,26673,27788,32012,28518,32749,28980,41078,28082,56664,15831,47591,14928,29971,13948,25164,11361,23463,4642,12605,661,2677,0,0,0,0,0,0,20250303
202502,장항선,배방,21,0,1152,268,1414,510,2766,1078,2774,2398,2370,1188,2243,1262,2248,1651,2263,1679,2133,1928,2295,1657,2164,1716,1858,2706,2278,3240,2349,3646,1647,2662,1018,2131,887,1772,930,1636,572,1271,30,257,0,0,0,0,0,0,20250303
202502,장항선,봉명,26,1,1154,304,1476,818,1885,3680,2400,3915,2196,3759,3047,2587,2841,1639,2579,1803,2204,2465,2514,1944,2601,1826,2915,1672,3269,2368,1725,2152,1006,1530,814,1098,570,999,409,1088,592,650,7,184,0,0,0,0,0,0,20250303
202502,장항선,신창(순천향대),225,0,389,68,1359,331,1956,1316,1687,2841,1734,1437,2241,1875,1685,1662,1851,1734,2132,2075,2453,1498,1829,1492,2268,1928,2586,1078,2446,2536,834,1721,810,1593,584,1589,342,1391,272,1053,5,473,0,1,0,0,0,0,20250303
202502,장항선,쌍용(나사렛대),65,0,2672,361,3821,590,5561,1163,6845,3558,4010,2855,3945,2452,3535,2350,4109,2871,4037,3292,3227,2484,2991,3506,3655,4284,3855,5579,3129,6561,2067,4755,1490,3623,1351,3077,941,2776,598,2301,52,605,0,0,0,0,0,0,20250303
202502,장항선,아산,41,0,951,1052,1956,3908,5031,5939,7344,7333,4185,6532,4742,6412,5171,5427,5452,6405,5946,6101,6555,4719,8163,5658,7457,5552,7225,7046,9951,7845,8692,4653,5287,4415,5946,3104,5445,2176,2925,1394,126,368,0,0,0,0,0,0,20250303
202502,장항선,온양온천,507,1,1468,457,3740,2385,7848,4320,8554,7839,8542,8431,9225,11024,9713,14274,11340,11704,13655,11211,14207,7001,12318,7866,9605,9060,7039,8500,9086,9029,3861,7659,2584,5504,2183,5035,1513,4147,907,2498,11,1014,0,0,0,0,0,0,20250303
202502,장항선,탕정,47,0,1101,218,1977,822,3866,1873,3887,3549,2652,2258,2769,1982,2539,2026,2793,2368,3014,2813,3066,1903,3329,2213,2950,3551,3728,4179,3815,5096,2729,3316,2007,2594,1872,2253,2099,2045,902,1696,76,280,0,0,0,0,0,0,20250303
202502,중앙선,구리,730,8,4798,1043,10382,3094,26498,5555,25131,12013,12459,10370,11450,9821,11574,9491,12462,10422,12255,12000,11610,11263,12597,13778,12721,15374,13708,18700,13352,30295,8259,24067,7437,13867,4302,10668,3824,9711,1150,6590,45,1236,0,0,0,0,0,0,20250303
202502,중앙선,국수,1,0,671,7,808,174,1601,280,1669,582,1884,837,1250,575,1262,911,1134,905,1296,1055,883,845,1077,1360,898,1343,709,1456,561,1450,260,1167,263,1205,144,1071,172,895,41,571,2,93,0,0,0,0,0,0,20250303
202502,중앙선,덕소,1321,5,2794,703,8871,1865,20772,3519,17150,4876,11320,4847,10033,4110,9087,3979,8131,5449,8378,6477,6980,6189,6992,9321,7221,10051,6956,12265,5964,18296,3238,17792,2869,8994,2071,9483,1925,7795,726,5743,5,1463,0,0,0,0,0,0,20250303
202502,중앙선,도농,777,3,7389,720,17249,2463,42494,6059,35227,10346,18660,7112,16040,6614,14641,6580,13833,7358,12501,9030,10443,9328,10611,14502,12212,15455,11854,19085,10964,34411,5647,31727,4236,16094,3167,14708,2507,12321,803,9256,26,1772,0,0,0,0,0,0,20250303
202502,중앙선,도심,3,0,1770,163,5473,968,12561,1756,7739,3036,5588,1499,4327,1295,3420,1320,3413,1816,2961,1911,2698,1546,2558,3669,3003,2261,2701,4503,2512,6988,1230,6511,879,3167,745,3425,630,3601,267,1811,0,0,0,0,0,0,0,0,20250303
202502,중앙선,망우,132,3,7134,611,9868,2501,27918,4247,23363,11105,14029,7181,10881,7367,10242,8314,11911,9276,11453,9003,10466,11437,10618,12954,11310,13649,11283,17728,11166,25296,7598,20456,4627,11996,4021,9071,2605,8128,1116,5722,19,360,0,0,0,0,0,0,20250303
202502,중앙선,상봉,518,7,5232,759,7251,2469,19634,3962,21487,6838,11907,4547,7665,4727,7515,5903,9214,7725,7681,6803,7376,8037,8029,8603,7341,9650,8397,12983,8593,21735,5789,18042,4554,10262,4126,8273,2483,8460,1290,4862,94,883,0,0,0,0,0,0,20250303
202502,중앙선,신원,0,0,239,105,454,343,681,444,567,581,658,557,462,588,583,563,328,253,418,276,358,241,489,350,400,294,330,455,601,558,289,371,233,335,208,346,162,206,87,159,0,24,0,0,0,0,0,0,20250303
202502,중앙선,아신,2,0,440,16,610,133,1372,232,1250,502,1252,553,1224,573,952,754,900,513,841,734,734,735,835,697,950,1270,708,1142,458,1336,284,884,159,887,126,873,97,768,16,322,2,111,0,0,0,0,0,0,20250303
202502,중앙선,양수,2,0,816,150,1699,446,4823,1297,3602,2350,3941,2366,3554,2405,3564,2507,3258,2543,3783,3025,2973,2606,3935,3080,3391,3285,3074,3969,2271,3921,1002,4179,1080,2830,644,2551,401,1857,196,1575,2,303,0,0,0,0,0,0,20250303
202502,중앙선,양원,79,0,2563,356,3976,1397,11688,3886,9973,5129,5900,2698,4601,2563,4064,2670,4680,2698,4300,3161,3496,3070,4065,3868,4074,4446,4149,6401,3547,9391,2122,8885,1284,4889,916,3784,884,3620,264,2372,6,127,0,0,0,0,0,0,20250303
202502,중앙선,양정,102,0,209,58,523,576,985,1121,988,1505,649,721,605,503,606,432,633,465,657,470,802,387,833,677,1094,562,1449,697,1676,942,400,576,214,286,194,353,93,331,29,210,0,45,0,0,0,0,0,0,20250303
202502,중앙선,양평,70,0,1916,24,3413,866,7730,2531,6165,4663,5082,3215,7129,3982,5749,5579,5817,6224,6322,4153,5931,6572,5606,5181,6074,4996,5036,7791,4632,8820,2543,4191,2347,6571,2134,3488,1574,3927,201,3520,105,1055,0,0,0,0,0,0,20250303
202502,중앙선,오빈,3,0,253,26,372,241,769,227,664,319,799,243,864,296,511,382,523,375,460,337,326,465,400,387,469,584,469,844,281,1031,158,362,84,390,69,457,46,364,3,161,3,51,0,0,0,0,0,0,20250303
202502,중앙선,용문,401,3,836,3,1988,292,2858,917,3961,2511,3271,1381,4055,2575,3250,4771,4403,3747,4900,5212,5491,4179,5125,2145,4036,5303,2715,4474,1989,3609,1125,2662,506,3107,520,1782,301,1670,0,1369,0,647,0,0,0,0,0,0,20250303
202502,중앙선,운길산,0,0,259,76,350,227,1186,369,977,756,922,1301,1061,1724,934,1536,991,1156,1271,981,1516,1036,2070,983,1550,875,1489,947,930,1092,531,915,380,606,293,663,224,539,58,410,2,17,0,0,0,0,0,0,20250303
202502,중앙선,원덕,61,1,213,7,417,82,743,116,843,245,955,191,836,406,616,431,608,439,551,462,528,484,477,501,596,808,361,1003,200,794,127,475,89,461,73,383,19,346,2,231,0,63,0,0,0,0,0,0,20250303
202502,중앙선,중랑,138,3,5139,558,8157,1576,18642,2788,19861,5710,13652,4775,8250,4594,7800,4446,8206,5104,7894,6588,7124,6425,6694,9417,6491,10264,6765,13684,7274,19744,4710,15421,3085,9310,2626,7934,1705,7435,742,4059,12,255,0,0,0,0,0,0,20250303
202502,중앙선,지평,0,0,0,0,0,0,169,28,13,33,34,4,383,314,0,0,1,1,56,0,367,374,2,6,2,0,93,206,4,100,90,230,0,0,12,123,0,6,0,0,0,0,0,0,0,0,0,0,20250303
202502,중앙선,팔당,1,0,108,51,334,320,828,1304,870,2026,749,2326,793,2338,734,1815,902,1658,1131,1403,1419,1028,1881,1362,1945,912,2025,1026,1948,1127,1521,810,1228,405,859,301,565,302,105,152,1,1,0,0,0,0,0,0,20250303
202502,중앙선,회기,488,4,9905,3239,18124,10768,51291,23801,66948,42475,44259,29736,32915,29028,34693,25788,38486,28717,37427,34351,38454,30563,41390,33377,44965,39213,51904,46859,43360,66806,25167,55180,22473,34976,21699,34377,19790,35966,9326,22511,520,4311,0,0,0,0,0,0,20250303
202501,1호선,동대문,574,24,9298,1703,7860,5151,11813,8559,18158,15811,18430,18049,16026,20262,17468,24872,22384,25646,25385,26082,27184,24958,27875,24307,28303,22684,26663,21429,23573,21212,16634,18842,14155,13464,12642,13031,9308,12924,4945,8278,701,2571,12,217,0,0,0,0,20250203
202501,1호선,동묘앞,140,5,2218,815,3245,4101,7160,6660,11567,13278,9781,14666,11100,19280,15751,27393,22120,31223,27830,34737,32780,31568,34715,26600,33501,18892,27785,12894,17615,11060,8443,8456,4992,6118,4222,6035,2884,5989,1246,3908,133,1749,2,214,0,0,0,0,20250203
202501,1호선,서울역,560,51,8353,7685,20145,46128,61204,103944,101648,212041,82745,143188,84689,84059,100778,84201,117895,98491,115677,98587,100616,92390,123489,105002,136918,108439,194132,125921,226622,139109,126968,99249,91632,70567,93721,64819,61489,45228,28021,23793,4266,6765,239,237,0,0,0,0,20250203
202501,1호선,시청,89,0,1633,4268,3078,20969,6047,61835,8413,168180,10230,78238,12944,40446,19001,42728,21188,44488,27616,51215,39919,43881,55007,34339,69207,28004,89724,27045,146293,22989,60550,12394,50157,8748,42548,7281,25105,4989,8471,3044,429,811,9,24,0,0,0,0,20250203
202501,1호선,신설동,362,10,7742,1924,8178,6905,17444,19817,27940,45873,18253,28418,16877,19426,19071,18092,21238,18266,23468,19427,22655,18130,24264,19640,27593,20644,36745,22233,47418,28018,18013,20072,12334,14444,10499,13853,7529,11598,3409,7801,360,2314,3,46,0,0,0,0,20250203
202501,1호선,제기동,305,1,4599,2124,7544,8403,18179,18059,27346,32939,19846,28400,22156,35802,30131,48588,39187,50713,42384,53088,48430,50324,52009,39642,49715,33170,42855,25530,35211,23917,18371,16477,12333,11216,7975,10118,5118,8651,2214,5610,189,1381,8,49,0,0,0,0,20250203
202501,1호선,종각,138,3,4176,4949,3897,28257,5592,99730,9001,234423,10885,129348,15958,55283,25375,54132,30702,50033,38596,54426,51096,45280,65643,41445,83262,41884,143005,46444,203922,46683,93066,23397,79473,12018,77659,9173,56829,6455,24793,4161,1714,1049,12,16,0,0,0,0,20250203
202501,1호선,종로3가,140,9,3338,2424,3227,9593,4432,22259,7290,55799,10916,56161,17115,50381,28173,60941,40398,62220,45282,59530,54172,51337,63620,43871,69648,40426,80023,37703,84231,36626,50266,18705,42311,10241,42297,7962,32251,6161,14304,4001,1378,1692,14,38,0,0,0,0,20250203
202501,1호선,종로5가,33,1,1504,2880,2611,12776,4801,34550,8449,77766,11518,53056,19655,49201,29640,53383,38432,50347,46746,50541,54644,47253,59242,40398,62857,35723,79436,31788,81789,27686,42757,14865,30765,8583,27186,6211,15062,4783,4851,3106,255,809,0,21,0,0,0,0,20250203
202501,1호선,청량리(서울시립대입구),830,15,8829,2757,14761,8484,39975,14279,49548,32939,32758,31149,29960,37273,38198,47757,44745,48869,49053,51592,53029,54152,58292,49879,56912,46897,50140,45912,41811,52294,24100,34991,18407,22043,14336,20684,8920,17536,3751,11075,308,3378,5,64,0,0,0,0,20250203
202501,2호선,강남,180,12,7754,9857,17016,47784,36086,133296,54934,271798,46793,296833,50274,147677,67678,102127,84701,101974,101339,117917,112425,106390,135084,101154,159108,106876,229820,134963,288592,169578,199606,99578,154150,55635,170385,44575,153632,35809,72917,21367,11246,5571,43,22,0,0,0,0,20250203
202501,2호선,강변(동서울터미널),18,2,7515,1648,19001,17697,55514,19028,85384,35493,65760,31739,54924,32556,49602,32330,46990,36956,45316,40027,42600,43526,44463,50369,46740,52843,49927,63014,50691,81822,35452,58201,27347,41262,22585,32541,14465,29500,5352,16161,626,3982,4,17,0,0,0,0,20250203
202501,2호선,건대입구,276,10,14290,1633,19840,12536,44473,19729,77591,47435,57024,42475,36726,37860,35585,43810,41569,50685,46531,56261,48348,58708,53581,64035,61264,76171,71409,99655,78607,138131,60544,95765,63615,61295,67863,56326,70198,48705,42968,29211,6510,9877,25,885,0,0,0,0,20250203
202501,2호선,교대(법원.검찰청),23,1,2463,6005,9747,22067,20070,45970,31599,136355,25012,117751,23456,63010,29206,54094,32542,50099,40099,53034,46391,46635,50260,42770,54944,45060,87255,57284,117597,63452,56584,37966,46259,23543,45336,20985,35222,20202,14390,10876,2625,2908,6,23,0,0,0,0,20250203
202501,2호선,구로디지털단지,199,14,33233,4276,45261,18508,118302,70149,159817,194238,102292,122168,65099,53066,59394,43826,67164,49191,66664,61997,61943,59998,68862,66189,80745,77954,125033,101493,180417,145508,89523,116842,57473,79011,47083,76966,37121,72544,17455,43414,3091,12131,14,287,0,0,0,0,20250203
202501,2호선,구의(광진구청),68,6,11361,1246,22530,26784,57493,15456,100327,34612,63668,20779,36269,18970,30639,19829,32646,23326,32569,26784,30580,28829,32678,35345,40728,41103,41071,54893,40930,87578,25436,62262,18850,43335,16484,41014,14837,36144,7862,20246,1201,6404,10,37,0,0,0,0,20250203
202501,2호선,낙성대(강감찬),33,2,9976,1940,22869,8194,69018,12983,106677,34956,72517,28953,41327,23269,36079,23718,38737,25429,39116,27634,35550,30996,34161,36267,37222,41470,41557,56038,46368,90054,26574,75183,20583,51013,18880,47283,14588,46264,7749,28490,1246,7099,1,63,0,0,0,0,20250203
202501,2호선,당산,29,8,7286,3145,16409,11636,38893,22538,49250,64915,30793,28676,22067,15529,21716,15542,23828,17447,23334,19214,21721,20112,22701,23435,26611,29834,37177,43442,50453,66003,22676,44509,18258,30410,17691,29312,15119,26522,7924,17300,1215,3961,1,90,0,0,0,0,20250203
202501,2호선,대림(구로구청),568,12,28555,2838,25826,9777,54830,18077,83483,43469,57911,30450,38579,31388,33951,35882,35913,33460,36465,34060,34320,33478,34813,40791,36801,46177,40906,54709,44772,61551,23647,46142,17619,36585,13764,44672,10194,41309,5256,20571,724,5001,13,179,0,0,0,0,20250203
202501,2호선,도림천,2,0,351,346,1034,709,2743,2581,3142,4951,1984,2100,2388,1573,1764,1289,2245,1851,1725,1822,2215,1756,1910,1620,2564,1964,2910,2376,3061,3233,1656,2480,796,1689,845,1501,447,1230,167,863,26,281,1,8,0,0,0,0,20250203
202501,2호선,동대문역사문화공원(DDP),185,17,4006,1028,3506,7800,5527,16671,10490,37826,12834,26241,14691,26567,17161,26603,20861,28604,21583,29150,25729,30115,30126,28951,33921,27976,42555,29109,43377,33139,28883,28764,22889,21364,21658,16973,17597,14377,8038,8803,1512,2320,13,85,0,1,0,0,20250203
202501,2호선,뚝섬,4,0,2726,2027,7750,15415,14915,34248,22514,121079,15473,84846,13629,40319,16518,32933,20402,33827,25048,35402,30144,32427,37393,32155,46756,32689,73432,36468,118822,42273,61218,24897,42982,14256,36751,12050,23752,10757,9093,6907,1307,1985,1,27,0,0,0,0,20250203
202501,2호선,문래,15,0,3918,2315,12624,9385,36891,34330,44430,120467,24483,57531,18491,25481,19236,22557,23398,25841,25098,27404,26395,26198,28628,27878,35029,32095,60883,40766,101581,57459,38594,38680,28660,20961,30434,18783,25588,16341,12383,9576,2061,2945,5,91,0,0,0,0,20250203
202501,2호선,방배,0,0,2087,3033,7780,11054,17869,21979,26269,58033,20347,40554,16515,21156,17609,18136,19301,20370,22611,20603,22474,19751,24261,20273,29730,20685,38995,25575,51546,31271,23716,22488,19459,15020,16968,13888,13191,14110,5452,7707,1048,2227,5,14,0,0,0,0,20250203
202501,2호선,봉천,62,2,13088,1236,24116,5817,69864,10068,106118,23310,67030,18562,38639,18429,33119,20635,35209,23446,35145,26047,31247,28555,30619,36734,30060,41442,30905,52780,30809,79711,18868,65924,15498,42473,13332,39749,10385,36992,4868,22188,829,6750,9,210,0,0,0,0,20250203
202501,2호선,사당,123,8,13188,3590,32757,31569,81596,38084,106115,61388,81865,46474,57817,40947,54146,52785,59901,54096,64095,53136,67608,53758,68508,64202,71560,84184,87041,121930,102117,162454,71332,110810,65284,67438,69832,60230,67116,54713,37543,34413,5777,9567,15,455,0,25,0,0,20250203
202501,2호선,삼성(무역센터),137,1,4100,5078,6010,40069,12641,119575,17170,280885,18502,212242,21649,104723,32587,75580,41835,71963,55407,76950,69836,66399,91262,60292,116863,58236,199244,59708,260245,57513,139028,30471,114144,17825,94150,13871,55435,10456,14672,5863,1955,4062,3,930,0,10,0,0,20250203
202501,2호선,상왕십리,14,1,5231,772,12625,5519,33807,9000,56706,25974,33021,16006,20961,13458,19873,12706,20566,14135,20717,15960,18735,17299,19568,19673,20490,24003,23669,32911,24248,50469,16005,33432,10899,22757,9711,20740,6471,19270,2679,11610,414,3807,2,19,0,0,0,0,20250203
202501,2호선,서울대입구(관악구청),4097,28,23852,2345,37666,13236,105494,21185,151624,56741,106723,53812,63516,44822,56193,42442,62710,44820,69353,51056,58919,54715,60939,62121,67194,72512,74493,97558,79783,150796,48534,125235,41874,79026,41201,73538,37064,71449,19255,42417,3131,16205,16,2994,0,0,0,0,20250203
202501,2호선,서초,4,0,1627,4476,7946,20529,15322,43881,24578,97616,23146,80041,18309,38672,26290,32517,23356,24839,30894,26883,32491,25203,39968,20362,44560,21998,67170,24670,83720,25362,38298,16918,27970,11105,24942,10164,16032,9725,5632,5656,733,1242,3,9,0,0,0,0,20250203
202501,2호선,선릉,98,3,4662,5523,10259,36556,19297,106515,30451,248911,29839,187374,32990,91934,42712,62330,51452,59061,59944,65257,71679,55309,93452,48318,118693,47287,187170,51970,255253,55402,129486,36196,85285,23223,81486,20104,67422,17481,24117,10782,3728,4172,6,58,0,0,0,0,20250203
202501,2호선,성수,76,3,4389,3772,7265,30240,17420,65027,24305,222270,20820,137803,19965,82148,24959,80030,33510,85112,45093,91292,58529,91009,77254,87956,100346,83194,152727,77548,243499,73805,128751,40936,101122,21728,84654,15909,57645,12897,20851,10568,3059,5365,2,845,0,3,0,0,20250203
202501,2호선,시청,8,1,1021,1689,2125,17385,4666,63189,7236,198788,10634,81367,15858,27728,22511,25834,22297,27211,26817,29571,35902,27742,44661,24076,53182,20669,97967,21521,156857,21010,60117,11781,44857,8153,38570,7400,22708,5878,8601,3685,1063,980,1,51,0,0,0,0,20250203
202501,2호선,신답,5,0,1090,70,1607,926,5149,769,9166,1408,3848,806,2419,898,2059,1021,1907,1246,2029,1382,1785,1770,1764,2649,1948,3341,2001,4058,1709,8617,913,5764,550,3174,533,3392,306,2621,156,1697,36,477,0,1,0,0,0,0,20250203
202501,2호선,신당,48,1,4970,1075,9664,6155,25351,12062,44563,24368,25804,19533,18343,17358,18307,20005,21441,21927,22698,22773,22840,23364,23972,25456,26633,30031,28885,39075,30844,54540,20733,34913,17198,22315,16908,19647,15963,18006,7788,11238,1324,3177,6,12,0,0,0,0,20250203
202501,2호선,신대방,207,8,20347,1782,29011,8145,74165,12001,113738,21531,73943,16361,42323,17041,34989,18317,35846,21404,35356,25170,30481,28261,29538,36961,30820,42912,31430,56196,29112,80420,19521,69184,14623,50415,11630,52082,9270,48893,4200,28799,847,7892,6,93,0,0,0,0,20250203
202501,2호선,신도림,3632,36,30343,4587,46352,17091,118007,36725,132274,93387,81720,64954,57165,57128,57195,61694,67169,63356,70779,68636,74173,67103,77776,74175,83555,85974,103296,107956,114840,158563,68673,111509,61711,67909,56030,64010,44585,58882,21881,44513,2370,18873,25,2354,0,2,0,0,20250203
202501,2호선,신림,175,15,32031,3617,58770,15932,150745,22706,234365,40463,147442,39063,85396,39129,70955,44471,77453,49685,75089,57990,70196,63958,68439,79116,72102,94657,73867,125202,75118,199932,52235,174929,44497,115407,42500,109320,35501,99710,20868,66307,4198,18861,17,137,0,0,0,0,20250203
202501,2호선,신설동,44,4,979,301,1252,1898,4265,4413,7415,12177,4555,8252,4072,7727,5242,7046,6322,7079,7291,7364,7708,6323,8514,5672,9487,4916,10290,5261,12159,6734,4178,4881,2524,3577,2209,2948,1479,2798,645,1865,95,646,1,118,0,0,0,0,20250203
202501,2호선,신정네거리,95,0,7382,773,14965,2331,41043,3465,38326,9455,21689,7555,16091,7100,15403,8522,16064,9442,14463,11267,12837,12750,12169,16183,12269,20469,12005,28635,10598,43005,6714,32154,5194,18706,4153,16716,3324,15127,1602,9148,328,2699,0,112,0,0,0,0,20250203
202501,2호선,신촌,69,6,5953,2395,12673,14467,30167,28534,45297,68259,33929,79465,34044,57921,42571,55967,53702,59294,57786,70055,60657,61068,67643,58683,78323,63812,90811,77864,89023,99291,63170,67960,66213,41419,63668,37030,61662,31870,29433,21613,4515,4963,19,33,0,0,0,0,20250203
202501,2호선,아현,20,0,3856,707,9276,3797,24711,7158,36884,15610,22554,12495,16506,9544,15936,9722,17852,10999,16815,12658,15002,14084,16425,16505,17528,18548,19299,22998,18284,31261,10958,23653,8029,16440,6033,15360,4189,14241,1985,7877,290,2226,0,17,0,0,0,0,20250203
202501,2호선,양천구청,43,0,4491,812,10014,2085,26292,3964,25357,8011,15051,4564,10961,4322,10214,4883,10614,6330,10073,7394,8053,8120,7880,10594,8316,13038,8793,17813,8062,26516,3802,21624,2793,13222,2139,11942,1928,9358,632,7102,135,2066,0,20,0,0,0,0,20250203
202501,2호선,역삼,36,4,3490,6084,8699,39458,13975,135926,22966,324910,21468,264237,22892,109304,31014,59806,38550,54955,45628,58824,54895,47022,73513,41171,95522,39623,197241,47186,247515,52567,139168,33013,79616,21949,72158,17917,47114,14817,18664,9378,3002,2715,2,12,0,0,0,0,20250203
202501,2호선,영등포구청,33,1,4482,2654,11300,12146,34031,32745,44815,106313,28053,48369,21075,26921,23672,25059,26689,25803,27957,28807,29332,27396,32479,27901,36825,30879,53414,38554,89896,54914,36022,36735,28023,22211,25090,19834,19310,17633,8841,12330,1504,4003,10,108,0,0,0,0,20250203
202501,2호선,왕십리(성동구청),483,1,5278,828,8264,6964,21080,9942,37911,22156,24575,18204,17261,14534,17613,16385,20814,17683,22262,19125,21653,20463,22863,22305,26325,25730,30328,35778,31682,52237,21016,31951,20205,21202,21894,18179,21789,17410,12150,11239,2077,4175,22,43,0,0,0,0,20250203
202501,2호선,용답,18,1,1930,301,2765,1145,6365,1632,12125,2289,7315,2098,5008,1880,4229,2374,4368,2818,4748,3183,4339,3557,4173,4422,4694,5559,4462,6346,3714,10418,2165,7010,1444,5002,1136,5468,911,5043,429,3078,80,995,0,5,0,0,0,0,20250203
202501,2호선,용두(동대문구청),50,0,821,104,1471,772,4613,2331,7976,4901,4652,3349,3434,3975,3751,4107,4611,3703,4515,4675,5023,4667,5669,4754,5324,4599,4992,5003,5084,8120,2394,5251,1860,3122,1443,2881,722,2172,358,1301,48,497,0,6,0,0,0,0,20250203
202501,2호선,을지로3가,11,0,1204,1955,2663,17865,5462,63847,10608,149410,13267,61875,18334,29779,21887,26685,23633,25243,26928,28452,30956,25428,34618,25650,43990,30072,83011,35698,123436,40000,51571,24491,40118,15056,43601,12706,36169,10838,19180,6579,2916,1518,8,64,0,0,0,0,20250203
202501,2호선,을지로4가,9,0,952,936,2182,11082,4943,30234,10216,65971,11012,33500,14868,22890,18125,23003,18731,20866,20196,20585,23054,19951,26333,18704,30775,16876,53392,16993,58836,16758,24698,11629,15508,8981,12858,9098,8814,8588,4190,5519,724,1295,1,32,0,0,0,0,20250203
202501,2호선,을지로입구,43,2,2170,2676,4211,27237,9118,115887,14025,302325,21174,147582,28545,83038,38660,69444,43108,60453,54102,65831,64360,59511,77930,56551,92876,60368,159367,68108,257730,67989,128541,42127,123659,28131,81109,22679,63886,17590,25847,9893,3052,3939,7,758,0,4,0,0,20250203
202501,2호선,이대,27,3,2944,719,8176,6370,23304,11350,34132,37451,20590,29132,17625,21332,19583,19167,23159,22566,24157,23681,22618,22186,25634,22869,27826,24846,36330,30176,32572,40196,20097,30323,15786,21537,15534,20239,12599,19298,4829,13207,617,3511,2,19,0,0,0,0,20250203
202501,2호선,잠실(송파구청),65,13,11770,4485,43137,30415,101960,69496,142432,153349,105291,143254,75804,115321,80331,115736,89939,114032,100743,120774,111567,119734,130094,128678,154556,143458,185541,168261,220467,212903,160725,139162,156471,92261,140227,80559,93466,72657,28214,41619,4233,7840,13,51,0,0,0,0,20250203
202501,2호선,잠실나루,6,2,3133,3052,11076,16305,30846,19066,39327,32164,28029,21454,22995,16791,22924,15307,21660,18425,20419,19434,22098,18338,23863,18630,30695,20064,35310,26011,26513,35301,13106,26257,9753,16203,7047,16059,4812,15024,2159,8118,302,2172,0,23,0,0,0,0,20250203
202501,2호선,잠실새내,34,1,5340,908,15604,8188,48297,13607,69482,26076,48384,27914,32730,23688,31875,26111,34410,27817,35279,32187,32582,34982,34278,39256,35982,45600,38874,60193,40514,80564,29722,56149,25458,34698,25426,29783,23641,27892,12533,15089,1911,4287,13,36,0,0,0,0,20250203
202501,2호선,종합운동장,5,1,1334,1160,5527,10200,13582,11218,18971,16405,14319,12359,10670,9469,9888,7968,11614,10857,10286,13002,14742,11719,11482,10591,17456,12330,14694,17601,14634,28908,8031,15874,10353,10247,11808,9379,3266,8740,1601,4864,267,1356,2,57,0,1,0,0,20250203
202501,2호선,충정로(경기대입구),20,1,2924,984,5848,5727,13156,19891,19696,53706,13243,23146,10771,11213,11580,9583,11480,10220,12525,12152,12592,11442,13019,11977,17332,13288,30313,16385,42108,20282,13707,14057,9371,10088,8448,10015,5780,8792,2646,5645,582,1508,16,37,0,0,0,0,20250203
202501,2호선,한양대,3,0,859,497,2276,5518,4358,8261,7795,27385,5673,38624,5669,17392,9388,13205,9596,16194,13195,16358,15141,13831,14310,8976,19284,8410,32218,8660,29874,10043,12051,6730,8236,5176,7606,4820,7071,4689,3749,3386,858,1022,1,5,0,0,0,0,20250203
202501,2호선,합정,139,10,10087,2474,14340,10702,33575,26965,44403,80683,30103,74259,23542,47591,26681,46965,32483,50405,36456,57670,40188,52717,44923,54933,53369,63591,71374,81121,102771,103947,70638,70698,61018,39823,68221,32289,63770,28085,33463,19417,5291,7044,28,53,0,0,0,0,20250203
202501,2호선,홍대입구,1187,44,27278,3365,28879,16040,52611,35050,68279,95637,54231,115431,51389,102070,60353,128308,71259,157888,83606,175675,96681,167965,120025,169202,146693,173289,173934,190248,198927,216251,169372,157097,167362,98313,193474,76885,185240,61969,92115,42987,10465,15832,79,1858,0,3,0,0,20250203
202501,3호선,가락시장,40,15,2506,645,6128,5104,17063,9967,19822,23359,14572,12898,13437,10127,13517,11386,14171,11852,14377,12846,14621,13378,15559,15098,15943,15655,19470,19712,25155,24729,11886,17400,9345,10946,8232,9053,6051,9086,2462,4844,409,1435,4,70,0,0,0,0,20250203
202501,3호선,경복궁(정부서울청사),33,1,2004,1499,5259,11958,11158,30876,18291,109602,17572,62158,15820,47656,21756,50528,28191,50752,35351,54418,46107,48743,55799,47906,68923,40290,85772,35262,101500,31848,42071,19454,34417,11577,31638,9855,20427,8866,7247,4826,845,1351,3,24,0,0,0,0,20250203
202501,3호선,경찰병원,4,0,2821,253,6910,3117,19763,8762,23202,24550,13969,13732,11115,8588,10297,6749,9977,7648,9974,9607,10267,8583,11005,9108,9907,9829,14608,14712,17791,20872,6832,16178,5411,9705,4472,8542,3324,7939,989,4568,154,1293,1,11,0,7,0,0,20250203
202501,3호선,고속터미널,183,7,5492,3648,6945,31710,21985,44283,40300,70980,48014,97225,53403,97024,68761,105049,82138,100998,92299,101134,104490,106139,120695,108493,130406,105889,141355,109232,131607,110924,112174,69373,123698,44820,75765,34522,46710,25107,14866,12236,1451,2035,14,23,0,0,0,0,20250203
202501,3호선,교대(법원.검찰청),57,0,1866,653,4221,6531,8669,14344,13451,40160,11756,32638,12849,15437,16591,11399,19406,11687,23312,11250,26846,10766,28483,9773,30809,10670,46812,14698,61321,17624,30558,10104,26233,5681,25614,4558,19289,4170,8100,2516,1190,687,3,8,0,0,0,0,20250203
202501,3호선,구파발,162,1,10749,1396,28318,9768,70849,16882,71539,23582,40938,22578,30186,24605,30042,25230,32097,26799,31009,29149,32344,30122,35353,31038,37539,36942,36141,43604,29494,68989,19098,56489,15634,32407,13458,29764,10881,25629,2940,17814,506,6918,0,255,0,15,0,0,20250203
202501,3호선,금호,65,4,3742,535,8377,2253,22048,4148,32483,8055,20739,6765,13909,6539,12392,6899,12832,8088,11960,9493,10954,10518,10309,12912,10799,15632,11538,20041,10798,27695,7840,20299,5514,13858,4349,11690,3242,11267,1731,5737,332,1402,1,12,0,0,0,0,20250203
202501,3호선,남부터미널(예술의전당),15,1,2706,1173,8021,25436,23602,56004,37630,135923,33003,80540,32373,51994,38025,44348,39921,47654,44898,54345,49110,52370,55986,48817,68160,47664,111855,51932,128825,56095,60168,36693,41538,22802,32749,17792,30138,14109,9250,8867,710,2148,1,18,0,0,0,0,20250203
202501,3호선,녹번,60,0,8153,466,20659,2939,57819,6670,65350,14369,37830,9117,25347,8301,22355,9745,21995,11864,20957,13353,18404,15799,16900,19655,17170,25677,16771,33964,17787,55685,9255,45025,7083,27658,5799,24280,3691,21679,1386,12651,218,3167,0,15,0,0,0,0,20250203
202501,3호선,대청,87,3,3307,905,10127,5871,25056,11221,33464,23467,19840,11321,15416,8202,14205,8075,14391,10069,14680,11154,13894,11727,15127,13744,16032,15200,21212,21209,24936,28515,10517,22872,7742,15553,6187,13843,4598,14557,1785,7563,252,2469,3,41,0,0,0,0,20250203
202501,3호선,대치,17,2,2625,628,11089,7586,23883,18830,24881,31274,16168,24008,13975,15278,13518,14704,17716,19448,19551,22880,17406,18392,18288,18962,21011,20811,36741,30035,29239,30471,17269,21449,12092,12935,16354,12440,39846,10587,3463,6079,405,1775,3,12,0,0,0,0,20250203
202501,3호선,도곡,70,1,1015,331,3745,4170,9736,11226,11903,19109,7931,15469,6942,7081,7435,6964,7357,6693,8047,7618,8324,6846,9346,7107,10991,7655,15708,9686,16606,11684,8737,9179,6140,5714,5221,5345,4275,4599,1179,2767,150,1521,0,195,0,0,0,0,20250203
202501,3호선,독립문,122,2,4199,778,5377,5219,11964,10618,16743,17851,13784,14399,12223,13710,12289,10866,14523,11346,13891,12620,14173,11863,15510,12135,15687,12425,15815,13464,14053,15763,6941,12465,5223,8445,4173,7584,3184,6781,1052,4101,142,1852,1,454,0,0,0,0,20250203
202501,3호선,동대입구,13,0,1425,1080,2361,8213,4184,14285,7568,44804,6636,28959,7614,22381,11413,18303,9211,19289,13447,22927,14151,16082,17751,12425,22321,12992,32701,14826,37365,16374,17136,8696,17664,5236,13417,5113,14059,3867,2787,2560,333,868,1,62,0,0,0,0,20250203
202501,3호선,매봉,13,1,1589,743,5939,8624,15077,20988,19349,64837,13597,29844,13364,15342,13487,13899,14174,12877,15576,12603,17277,12059,19086,12998,21072,14144,35138,17955,53512,22366,18405,14509,13760,9410,14242,7838,8860,7533,2691,3964,371,1197,1,71,0,0,0,0,20250203
202501,3호선,무악재,4,0,1652,157,4498,1540,13167,2360,16972,4532,10631,2958,7735,3215,7109,3606,6485,4190,6435,4967,5755,5418,5500,6710,5585,8173,6010,10458,6263,15377,2946,12445,2195,7897,1609,7024,1209,6273,513,4239,61,935,1,3,0,0,0,0,20250203
202501,3호선,불광,14,0,8218,1245,15617,5790,43112,9049,55060,26211,33161,23341,24869,21637,24200,22154,25228,24215,26318,27081,25989,27924,27354,30436,28634,33906,26761,38372,27375,53788,15764,41976,12271,26127,10073,22768,6813,20803,3144,12051,425,3577,0,20,0,0,0,0,20250203
202501,3호선,수서,155,1,4198,2175,10919,13834,31810,28801,39642,51229,28798,32077,35147,23238,27811,20520,33229,25815,30947,22246,24028,24171,33177,28161,34411,30565,43752,38192,48933,49399,22982,36824,22934,26595,14987,20937,15000,19374,7104,7815,766,2805,16,203,2,2,0,0,20250203
202501,3호선,신사,52,7,3412,1558,6237,15044,10236,35878,15410,90358,14314,120382,17892,63128,23223,44814,27140,42371,33237,45615,39642,42271,47118,38629,56092,41466,81236,50238,110851,58191,79611,31307,55376,16264,55102,12621,44623,10282,20090,6824,2900,2666,6,12,0,0,0,0,20250203
202501,3호선,안국,6,1,1481,1631,2617,22217,5009,70670,8489,106139,11106,71351,13580,53373,20541,57659,30152,56184,35785,58135,44517,55470,61084,43361,78992,38114,116527,30703,119734,26043,53061,13318,43332,7014,33223,5782,17590,5361,5253,2763,591,756,4,2,0,0,0,0,20250203
202501,3호선,압구정,47,1,2892,2139,7536,21352,13765,41132,21226,119691,17760,136935,23538,72760,29900,60950,36728,50361,41330,53084,50276,48075,57859,45178,68947,45240,89204,52523,118396,53809,83955,29885,67644,15102,48844,12211,34211,10063,9744,5476,1403,1836,12,193,0,0,0,0,20250203
202501,3호선,약수,118,3,5633,892,8374,5102,20099,9947,31298,27271,23805,18618,17430,14529,16626,14675,18800,15147,19107,15816,19565,17340,19424,19139,20298,21957,24625,27344,28319,38321,17728,23953,14308,16719,13394,14395,10187,13206,4906,7862,805,2933,8,338,0,0,0,0,20250203
202501,3호선,양재(서초구청),29,4,4562,2803,11930,36022,30980,90593,39738,191858,28195,107375,27345,50275,30692,42470,35097,38934,41578,42119,45489,38242,53691,38275,66001,42311,116189,58916,165812,69225,79062,46231,57393,29077,53420,25116,35109,21730,11806,11324,1298,2977,3,53,0,0,0,0,20250203
202501,3호선,연신내,253,5,21781,1876,40392,11747,97652,18346,121734,33900,74841,33659,53712,33813,52709,36684,57477,39804,55988,44646,51749,49210,52576,58486,54971,67060,53627,82052,49784,121786,36000,97275,29559,59911,25719,54837,22225,46347,11139,29522,1982,9259,3,29,1,11,0,0,20250203
202501,3호선,오금,14,1,4237,17,7528,2304,24404,4925,27657,11286,14900,5444,9277,4791,7638,4475,8364,5748,8073,6101,7099,6390,6951,8351,7904,9369,10137,14169,10995,20044,4403,14456,3384,9634,2536,8537,2300,9876,718,5064,106,1479,0,16,0,6,0,0,20250203
202501,3호선,옥수,139,1,2520,887,7661,3820,18192,6702,28139,11351,19981,9666,14285,7664,13736,9937,13864,11171,14488,12649,13960,13443,14021,15492,14454,17430,15803,23670,15074,31434,10187,22720,7883,15368,7154,13083,4649,12348,1872,5913,308,1662,0,2,0,0,0,0,20250203
202501,3호선,을지로3가,13,0,736,972,1361,7904,3082,31372,5710,67235,7228,28102,9176,14800,10972,13771,11158,13707,12931,14298,15199,12882,17267,13448,20621,15564,40171,18785,61361,21720,25898,12493,19381,6228,19671,4677,16470,3549,8794,2295,1166,572,5,3,0,0,0,0,20250203
202501,3호선,일원,4,0,2204,1556,7838,10402,19120,26396,21945,20946,16842,18417,17356,15270,17826,11964,18127,14273,16087,15539,17114,14813,21004,13750,24788,13009,33631,15288,16636,20525,9251,16217,5503,10809,4099,10423,3649,11297,1198,4606,101,1246,0,46,0,0,0,0,20250203
202501,3호선,잠원,5,0,1293,875,4003,7934,10337,5396,15920,7362,10019,6045,7416,4284,7450,4735,7554,5237,7498,6231,6899,6360,8189,7033,11267,7217,11658,9593,8179,12892,4537,9172,3375,6222,2848,6226,1862,7376,592,3349,93,936,3,3,0,0,0,0,20250203
202501,3호선,종로3가,17,1,813,884,1158,5473,1818,13104,2696,35412,4573,35208,7043,30499,9938,25481,11431,23894,13589,23396,17048,21807,20749,19811,25262,18509,37402,17118,46957,15786,24424,9199,17513,5213,18501,4300,15248,3150,6440,2201,783,724,1,24,0,0,0,0,20250203
202501,3호선,지축,31,2,2721,660,10405,3951,26059,4958,26974,10098,15807,7282,11075,6119,10023,6205,11247,7563,10711,8935,9782,8796,10482,10535,10572,13327,11446,16930,10444,27758,6811,21458,5663,14640,4863,12183,3949,10567,1762,5969,230,940,2,17,0,0,0,0,20250203
202501,3호선,충무로,0,0,0,0,0,0,0,0,4,0,3,0,0,0,2,0,5,0,8,0,11,0,4,0,3,0,8,0,12,0,11,0,3,0,5,0,5,0,3,0,2,0,0,0,0,0,0,0,20250203
202501,3호선,학여울,0,0,510,191,1861,1292,3635,2868,3822,7913,3094,6228,2498,4500,2530,3080,3527,2896,4766,3171,4518,2697,3961,2699,3956,2747,5686,3478,7003,4297,2301,3249,1909,2289,1347,1979,983,1798,223,1003,47,317,0,2,0,0,0,0,20250203
202501,3호선,홍제,80,7,8480,1148,19567,6300,51522,8904,60450,19363,39403,16738,29463,15714,28297,16942,30028,18459,28407,20453,26076,23693,25769,28466,26729,33487,26458,39963,24073,57807,13529,46643,10609,28675,8667,25767,6210,21750,2510,13318,351,3133,0,11,0,0,0,0,20250203
202501,4호선,길음,17,1,9378,1361,27710,6452,71206,9944,76774,23533,45228,19860,31956,16028,29345,18205,30850,22361,30497,25454,28072,26166,28420,29327,30184,36479,30500,48281,28333,71582,16408,57256,13001,37061,9833,33612,8619,32213,3143,18733,424,4508,3,89,0,0,0,0,20250203
202501,4호선,남태령,16,0,552,60,939,1699,1855,4447,3263,4619,2464,1641,1982,1105,2090,1056,2130,1325,1908,1295,2037,1268,2142,1496,3193,1793,4606,1576,3682,1729,1446,1592,1011,1448,679,1028,420,898,151,499,12,142,0,0,0,0,0,0,20250203
202501,4호선,노원,214,4,11228,692,20961,7725,45895,10543,48847,28857,30389,31875,26243,24652,27654,25957,31574,30210,31772,34845,32186,34644,33872,37707,35040,44632,36265,55607,35198,80395,26253,61779,27904,38290,26034,32844,23702,27916,12150,19226,2450,6689,31,673,0,1,0,0,20250203
202501,4호선,당고개,73,0,7424,45,14326,3958,35978,5558,31778,8334,20288,8846,16038,8861,14753,8730,15562,9953,15154,10589,13560,11369,13087,13183,13330,15792,12382,18253,11469,24525,6873,22182,5026,15479,4364,13637,2839,12739,1466,9130,281,3106,4,389,0,13,0,0,20250203
202501,4호선,동대문,159,12,3772,1867,2336,11987,3993,25404,5581,51701,9137,51837,13915,47479,19153,44296,24912,39620,30289,37238,38554,35610,47094,30434,58159,23578,69636,18668,49591,17189,27734,16489,20342,10808,19882,7565,14025,5384,5896,4361,843,1107,3,86,0,0,0,0,20250203
202501,4호선,동대문역사문화공원(DDP),280,3,4936,1364,3774,12170,7159,26484,11278,57865,13880,34739,16245,28720,18583,27169,21446,26209,23450,27120,29361,27472,37166,24583,43667,23270,61243,24668,72817,25554,43280,25123,33964,17216,31210,14261,23873,11106,11297,7759,1777,2146,10,111,0,0,0,0,20250203
202501,4호선,동작(현충원),9,2,156,822,441,4139,1374,2798,2031,4317,1605,2520,1629,2291,1731,1787,1801,2014,1926,2579,2224,2530,2775,2309,5287,2082,5864,2111,4286,2326,1616,1704,1474,1779,1063,726,611,553,288,468,54,263,0,59,0,3,0,0,20250203
202501,4호선,명동,28,1,1309,1050,3187,22680,6034,44427,11335,109970,22426,80353,30066,56824,36389,62009,38189,66162,43793,71505,52794,66677,65393,66498,78564,68647,93164,68672,130916,64166,83832,48844,72709,34382,68347,24722,59908,15383,23854,7227,1391,1974,5,100,0,0,0,0,20250203
202501,4호선,미아(서울사이버대학),56,2,9860,1456,17573,5014,39587,9456,46116,28944,30837,17735,23985,15184,22980,16669,25820,16381,24530,19653,22920,20838,22310,24601,23464,27991,24758,32067,26387,41956,14677,34923,10521,22837,8972,20596,6257,17870,2678,11965,335,2997,0,28,0,0,0,0,20250203
202501,4호선,미아사거리,83,8,12922,2649,29792,7821,71632,13664,82916,29361,53968,28413,40506,25325,37962,28623,40589,30319,41261,33982,39730,37656,40562,45238,41895,52488,39302,63157,39624,90410,27764,67760,27520,42868,16704,38716,12180,33757,6065,19931,930,4237,4,41,0,0,0,0,20250203
202501,4호선,사당,159,29,7587,1073,17267,16754,43842,19085,52619,29401,37662,24041,25600,22171,23670,31003,26787,30636,28166,28049,28941,28618,28647,33759,29878,44324,33178,63102,36973,88546,26351,56631,26896,33323,30221,29238,27598,26065,13586,17240,1512,5006,6,601,0,13,0,0,20250203
202501,4호선,삼각지,10,5,538,498,1963,4698,5853,10569,9429,18197,6314,9757,4768,8311,5407,10715,6518,12082,7796,12513,8463,10624,9786,11311,11360,14297,15479,19274,23043,25057,11858,15516,11866,7803,14754,5889,14019,4842,7161,3256,985,1060,1,8,0,0,0,0,20250203
202501,4호선,상계,56,6,12745,225,33010,6316,71019,10667,61846,18987,39897,17287,30375,15197,28080,16483,31250,20006,30805,21998,26312,23441,25555,28537,25720,34533,25758,41922,23753,60682,15250,53939,11779,34013,10488,30037,10656,27161,3317,18518,513,4937,9,551,0,1,0,0,20250203
202501,4호선,서울역,212,11,4098,976,5512,13986,10455,37351,13354,80861,11781,51589,11536,29760,13463,31034,13959,34562,14249,35203,14710,32983,16071,36008,19975,39382,43354,42630,57135,43442,22236,33077,15034,23123,12749,20889,9117,16390,4140,8507,448,2789,17,246,0,0,0,0,20250203
202501,4호선,성신여대입구(돈암),20,2,5343,1522,17071,5925,39823,12565,47703,30450,33679,28051,27616,20752,28353,22087,33704,27259,34349,30703,32832,30133,34103,32779,38105,38899,42152,48762,42894,63776,28469,51010,24514,34309,26530,30544,24388,28442,11102,17637,1780,4868,9,58,0,0,0,0,20250203
202501,4호선,수유(강북구청),95,2,19316,2769,39014,9958,90474,17759,103628,46823,70241,35085,51107,28481,49090,32610,52935,35896,53386,41049,49710,44163,48881,51543,52035,66652,52985,79174,58883,114840,35597,96326,27963,63485,25029,57473,20398,51650,11420,34518,1644,7754,11,77,0,0,0,0,20250203
202501,4호선,숙대입구(갈월),4,1,2873,592,6823,6627,15453,17646,23208,41450,18252,26386,15301,15720,15535,16784,18928,17017,19324,18761,19522,18504,20928,19706,25625,22795,35179,29493,44257,37671,22837,24170,20375,15980,21044,14157,17597,12972,8914,7492,976,1564,4,4,0,0,0,0,20250203
202501,4호선,신용산,4,0,1252,1170,3299,12596,9645,35674,15845,86520,13644,65586,13501,33233,18568,31984,20762,34701,25267,35516,26089,33525,35326,34621,45483,38791,66784,43780,92467,48901,48478,28162,41582,16197,40827,11436,29676,8081,12839,3977,1488,878,78,7,0,0,0,0,20250203
202501,4호선,쌍문,136,7,20876,1096,45002,7481,103044,12647,110006,24743,68117,20454,49962,19644,44555,22753,46557,26335,43868,29470,38911,32062,36221,42520,36712,51237,37140,65817,33305,95032,21445,85496,16423,55917,13465,48867,9819,45095,4581,29183,637,8362,6,77,0,0,0,0,20250203
202501,4호선,이촌(국립중앙박물관),32,1,1142,848,4625,6828,9800,10022,14528,22154,10616,21245,8757,24718,10997,21386,17085,21244,19129,24920,20957,23945,26038,20982,32752,17450,35600,16254,29461,20044,10413,12815,8873,8517,7429,7661,3376,6652,1182,3815,121,1024,0,12,0,0,0,0,20250203
202501,4호선,창동,1552,52,14524,2233,32197,10856,72492,16461,67189,41204,45246,35379,39588,32247,40504,32222,42853,38585,42844,45802,41649,48071,44764,50898,49061,53604,49341,64212,50338,85146,29138,67652,22264,43488,19790,37909,15423,33636,6678,21045,1258,7361,8,145,0,0,0,0,20250203
202501,4호선,총신대입구(이수),54,0,5033,1070,14281,10689,38603,14833,51333,36755,33214,28061,26443,24514,27493,25111,30438,28067,31335,30833,30637,33187,32415,38350,32625,43605,37197,52293,40214,70810,25301,44125,21933,26002,18797,22634,15872,19172,7350,11417,1036,2825,6,450,0,10,0,0,20250203
202501,4호선,충무로,72,9,2849,2496,5759,19696,10233,52023,18531,145057,22601,85390,27646,44512,31218,39439,30346,38645,34637,41112,39407,35117,44048,33763,54629,35356,87650,41012,132990,44137,60018,28486,45565,21264,43037,21464,33212,19771,17602,13019,2943,3345,8,160,0,0,0,0,20250203
202501,4호선,한성대입구(삼선교),54,3,5919,1256,10911,7219,23639,11468,31733,23254,23997,21243,18139,15142,18592,15923,21341,16769,22093,17623,20505,17822,21208,19711,26346,21888,28022,25858,26144,32597,14205,26201,12099,17526,11297,16999,7799,15577,3408,9861,494,5770,3,1207,0,0,0,0,20250203
202501,4호선,혜화,17,2,2873,1913,6858,20324,14747,41349,19389,95136,22804,72255,30387,59857,34199,59854,36164,76884,39058,96390,51465,77784,72912,65129,88696,62897,104953,69771,112219,73168,69352,49967,71654,19853,91233,18454,82315,15481,26730,9723,3123,2840,5,344,0,0,0,0,20250203
202501,4호선,회현(남대문시장),30,2,1232,759,3124,22728,4362,48463,7506,132827,10999,85579,15202,65384,24975,62584,32723,53931,41577,49837,52362,46375,64229,38536,79582,30219,96907,24313,111610,20329,57564,11647,49064,6703,19845,6065,10866,4751,3849,2846,475,852,1,48,0,0,0,0,20250203
202501,5호선,강동,107,1,9709,1317,18192,9891,45087,24141,60408,46458,32997,26865,25411,18127,24317,18517,26163,19447,25006,24526,25282,23079,26916,24498,29982,27250,39332,33058,42704,51783,20937,38462,14658,26611,12836,24477,9303,21410,3807,14113,750,5605,3,25,0,0,0,0,20250203
202501,5호선,강일,0,0,2480,584,7547,2576,23028,4567,20571,7174,13298,3836,10919,3665,9208,3797,9357,5662,9091,5371,8152,6552,8243,8535,8248,8965,8130,13135,8280,17663,3733,17144,2693,10306,2045,9289,1565,8837,582,5973,126,1707,3,18,0,0,0,0,20250203
202501,5호선,개롱,4,0,3349,689,7874,2168,19003,5560,20425,13829,12391,7646,10196,5851,9643,6465,11171,6615,9908,8421,8813,9204,8808,9505,9817,13070,11177,15173,11960,19729,5674,18451,4073,10602,3678,8677,2133,9894,771,5293,86,1471,1,2,0,0,0,0,20250203
202501,5호선,개화산,0,0,4276,151,7984,3628,19646,5003,20118,14253,11364,6173,8813,5198,8537,5774,8755,7297,8481,6754,7747,7049,7604,8254,8498,9977,11480,11651,12702,17414,5432,15204,3639,9241,3234,8930,2925,7421,800,4693,149,1549,0,80,0,0,0,0,20250203
202501,5호선,거여,10,0,5722,635,14167,3430,36325,6669,36700,15986,20776,9073,15233,7170,14088,7999,14948,8043,14250,11215,12491,10220,12042,13357,13290,17992,14917,21247,14327,34668,7234,29725,5126,15858,4817,13567,3380,14896,1189,7969,158,2732,1,0,0,0,0,0,20250203
202501,5호선,고덕,10,0,3605,1585,9171,7659,23149,12181,20459,18556,14367,14319,13864,13331,15176,10747,16494,11720,15552,16267,16044,13682,18129,15617,19985,16884,23537,17184,18227,26238,10117,21411,7969,11750,8084,11365,8238,10413,1943,5722,322,2367,1,120,0,0,0,0,20250203
202501,5호선,공덕,23,0,1763,913,4480,7217,17227,25731,28428,67084,14710,35415,12746,16159,14601,16189,15961,15005,18267,16503,17609,15562,19304,16752,24960,19930,40517,29103,59408,42166,25450,21416,20290,13270,19467,11979,14379,10432,6416,5743,795,1452,1,12,0,0,0,0,20250203
202501,5호선,광나루(장신대),9,0,3562,1663,10470,8906,24486,10979,29310,24508,18465,17323,15314,15709,15486,13318,16262,14681,18084,15122,17954,14787,19572,15693,20905,17544,21081,21211,25093,29432,13631,21305,11742,13713,9394,12330,9083,11864,2246,7330,313,1851,3,9,0,0,0,0,20250203
202501,5호선,광화문(세종문화회관),2,0,999,861,2898,26140,7704,70849,10935,241759,9764,106707,12465,51431,20733,54415,25286,53209,35279,63214,49808,54692,65048,45550,86811,39406,126003,40710,197905,41530,75143,19327,56905,9890,57171,6927,34716,4470,10712,2553,1043,625,4,6,0,0,0,0,20250203
202501,5호선,군자(능동),39,0,6641,780,9855,4752,27805,7865,41337,20968,20832,15979,13299,11605,13250,11827,14705,13788,15165,15543,14675,16275,15409,17696,17674,22027,21586,30813,24447,50149,14773,32070,13189,19917,12822,17712,10179,16938,5597,10616,1004,4913,15,884,0,0,0,0,20250203
202501,5호선,굽은다리(강동구민회관앞),3,1,6772,590,11110,2975,28204,5912,33726,12731,19778,10183,15759,9440,14699,10994,15779,11291,16177,13348,15085,13751,14560,14683,15409,19220,15449,21022,15576,32345,9019,24938,7461,15935,6679,13289,4982,13231,1668,7221,312,2682,1,36,0,0,0,0,20250203
202501,5호선,길동,5,1,4521,795,8133,4101,19056,6986,24888,17603,14121,14002,13437,10649,13664,11394,14951,12637,15768,12549,14040,14529,14418,14714,15471,17935,16453,19959,16996,25748,9312,20652,6970,12611,6763,10096,4745,9158,2199,5256,453,2415,1,10,0,0,0,0,20250203
202501,5호선,김포공항,11,1,763,3470,4284,8883,16038,15750,21357,20690,11838,13512,11676,13776,16953,15854,18136,15820,22126,17958,25702,16438,28024,15624,25533,16131,29569,17271,36706,15374,23846,8726,19905,4432,17070,2624,16970,1820,6967,1030,305,513,6,5,0,0,0,0,20250203
202501,5호선,까치산,311,6,21045,1428,37296,7431,98081,9110,127730,18864,71069,16565,43870,16453,39896,20119,40949,24492,38027,27193,32909,32245,30705,41516,31804,51235,30893,66373,28970,108197,19249,84021,14918,55399,12387,52751,9833,42278,4934,26401,777,7799,6,343,0,0,0,0,20250203
202501,5호선,답십리,14,0,7499,1268,16247,10069,46660,11934,67530,30200,32772,15588,20950,12113,18654,13001,20368,14328,20358,17664,18815,16220,20146,19588,25276,23188,28846,30883,30402,53194,14560,34376,10449,22848,9021,20066,6151,18041,2917,10963,432,3438,2,41,0,0,0,0,20250203
202501,5호선,동대문역사문화공원(DDP),0,1,213,244,583,2733,1265,8984,2070,25855,2655,10135,3170,3694,3266,3195,2816,3415,3113,3585,3505,3339,4142,3398,5672,3410,11561,3709,18739,3909,7068,2531,4003,2227,3175,2456,2255,2098,1016,1489,139,371,0,7,0,0,0,0,20250203
202501,5호선,둔촌동,7,0,4638,526,10505,5588,27550,11288,30168,21192,18946,13220,14709,11577,14854,11853,15513,12396,15978,15352,15534,14763,17951,17300,18412,19604,21942,24563,22251,34648,11600,25020,9217,13113,7109,13160,5626,10783,2464,6592,248,1746,1,2,0,0,0,0,20250203
202501,5호선,마곡,2,1,2339,2388,6935,9114,19899,17727,21436,48106,12676,28566,10473,14259,11483,12308,12601,12597,14110,13568,14922,12507,17690,13237,22789,15284,31484,19522,40617,26091,18370,18533,14033,10396,12109,9450,8118,8736,3501,4682,521,1906,1,14,0,0,0,0,20250203
202501,5호선,마장,0,0,2199,473,5339,3716,13343,5454,17375,12395,10600,7915,8671,7459,8919,7397,10145,7827,9196,7844,9169,7267,9325,7603,9931,8986,10030,11505,10803,16743,6683,10491,5058,7126,4817,6424,3284,5964,1219,3730,200,1153,1,28,0,0,0,0,20250203
202501,5호선,마천,34,1,6167,251,12190,2548,33608,3610,26679,9923,15517,5929,10530,6069,9488,5343,10473,6535,9637,8152,8519,7058,7765,10762,8843,12104,7866,15098,9459,22307,4097,19821,3167,10653,2436,10699,1723,10034,709,5694,108,2273,1,0,0,0,0,0,20250203
202501,5호선,마포,2,0,2228,1576,7392,9978,23741,18101,32705,63435,18731,31506,15704,16394,16434,16929,18035,15122,18685,15651,18180,14814,19943,16186,23887,20480,34864,29320,52093,40916,19917,23676,17720,15314,18068,13376,12589,11910,5303,7243,718,1729,5,9,0,0,0,0,20250203
202501,5호선,명일,2,0,4953,1460,11011,2730,25926,4400,25623,10565,15098,8057,13588,8805,12801,8559,13605,8473,12679,11310,12054,10532,11382,13342,11760,16895,11596,16556,11354,30241,7356,23251,6163,12887,5802,10918,3792,11075,1733,6500,328,2194,2,34,0,0,0,0,20250203
202501,5호선,목동,19,0,7218,1257,17652,5166,49411,11841,60246,23917,30896,19342,22404,14213,22235,14126,23219,16594,22471,20875,20921,20445,21107,23884,21880,30212,25961,42509,26197,70805,14757,47972,12725,28176,12139,26247,12289,22871,4317,13083,582,4117,9,22,0,0,0,0,20250203
202501,5호선,미사,14,1,7440,838,18966,6598,58007,11223,54348,23715,29538,22192,23638,17349,22664,18518,25321,21025,25721,21010,24023,24550,27141,24612,26859,31240,28742,42053,29632,62300,18753,60016,17478,32641,17625,25761,16334,22717,8265,15065,2031,4636,46,57,0,0,0,0,20250203
202501,5호선,발산,3,0,3254,2358,9367,13751,24352,36347,26391,107724,18096,57208,18821,32915,22965,31166,26820,30293,29729,32256,34404,30410,39716,30228,46490,32716,70712,39305,86230,51458,39628,35585,34532,20610,34018,15684,27830,13185,11460,7954,1431,2611,5,18,0,0,0,0,20250203
202501,5호선,방이,1,0,2329,907,6064,3515,15008,6903,15513,21240,10737,12563,9465,8665,9133,8185,11004,11213,11568,9937,10120,11053,11074,11736,11273,12597,15001,17533,18290,20520,9364,15874,8666,9138,10559,7646,10676,6306,2073,4333,263,1055,0,3,0,0,0,0,20250203
202501,5호선,방화,19,0,4779,6,10273,3354,22969,4757,22922,10511,13488,6874,11187,5873,11153,6463,11079,7360,11279,8143,9886,9549,10440,10410,10268,11831,9942,14127,9807,20335,4889,18047,3618,11223,2866,10087,2012,9655,869,5969,138,2088,1,216,0,0,0,0,20250203
202501,5호선,상일동,65,1,8964,1186,26377,5727,60435,10151,48982,15120,29167,9156,22962,8406,20522,8925,21040,12799,19332,14558,17861,15088,18263,21039,17471,22001,19096,33759,18907,50398,9911,43832,7406,25250,5182,23470,3589,21065,1586,12622,418,5676,1,967,0,0,0,0,20250203
202501,5호선,서대문,16,1,2568,1008,5832,15084,16067,58984,20975,151370,15734,40796,15491,21329,17988,19038,19515,18873,19779,22282,23705,17571,29808,15800,36010,16422,65531,19126,104156,24422,30805,14393,23808,9793,20645,9942,13390,7066,5023,4544,459,1145,0,55,0,0,0,0,20250203
202501,5호선,송정,17,0,3392,920,6593,3129,14763,5833,19895,9504,13555,6307,10903,5813,10385,6706,10923,7729,9886,7945,9763,8596,9231,9744,9927,11483,11263,12899,11197,18170,6729,14564,5132,10176,4216,9307,3227,8585,1912,5323,259,1872,1,23,0,0,0,0,20250203
202501,5호선,신금호,33,0,2511,467,5663,2189,16269,5092,24350,10335,13946,7711,9386,5871,8746,6243,9225,7203,9022,7758,8338,8647,8119,10542,8946,11834,9295,15864,9846,23971,6568,15734,4566,10178,3912,9434,2671,8207,1072,5074,266,1608,1,15,0,0,0,0,20250203
202501,5호선,신길,25,2,1774,429,4012,1821,15118,4520,22881,12479,9312,5977,6320,2986,5078,3342,5541,3761,5223,4164,4773,4399,4839,5514,5895,6838,8034,10727,12091,20285,4704,12349,3517,9781,3348,9252,2668,8629,1545,5174,207,1214,0,8,0,0,0,0,20250203
202501,5호선,신정(은행정),109,1,10907,817,20178,3020,51383,5830,64402,11688,32736,7862,19971,7219,17261,7844,18012,9395,16993,10850,14102,12723,13290,16623,13973,21159,15347,27548,14771,42849,8170,32675,5964,21835,4625,20466,3839,18681,1555,11333,248,3263,0,18,0,0,0,0,20250203
202501,5호선,아차산(어린이대공원후문),32,1,7812,1525,14978,8798,35354,9253,50000,22134,30182,16375,20852,16271,19354,18017,22131,18294,24530,18725,23080,19976,23569,23506,24532,27845,24428,31312,24885,48503,14637,33434,11100,22135,9710,18234,7257,16383,3052,9875,419,2733,0,20,0,0,0,0,20250203
202501,5호선,애오개,83,15,2070,713,5112,4264,16855,6128,24552,14378,11551,9971,8517,6402,8594,6560,9637,7057,9889,10137,9184,12933,11050,14112,14068,11928,16783,15682,16677,21634,9244,14094,6036,8797,4807,7962,3412,7320,1392,4439,146,1923,0,246,0,3,0,0,20250203
202501,5호선,양평,0,0,2313,961,5853,3974,21313,8362,26480,36492,12240,13408,8157,6225,7732,5838,8458,5938,8537,6652,8037,6810,8418,7205,10244,8968,17807,12644,29811,21587,9225,15161,5971,10200,4586,9456,3346,8333,1322,4869,156,1477,1,8,0,0,0,0,20250203
202501,5호선,여의나루,6,1,1005,1234,2326,8613,5088,37935,9072,63406,5085,25543,4486,16072,6094,15840,8185,15566,9449,17198,12149,17674,15442,17735,20246,17672,45337,17886,55444,18514,22905,9687,22420,6299,13172,4552,8024,3728,2498,2059,248,667,0,1,0,0,0,0,20250203
202501,5호선,여의도,18,0,2505,2598,3367,22358,8894,137370,13132,199571,10518,74759,11279,32636,17942,31847,18434,29974,24412,33013,29968,28159,38257,26327,51417,26738,135197,29939,159776,34458,65642,16038,56788,9026,43670,7517,25010,6708,8296,3984,961,1823,4,8,0,8,0,0,20250203
202501,5호선,영등포구청,2,2,1130,458,2416,2033,7887,5751,13147,22507,5289,9467,3916,4847,4651,4495,5245,4731,5648,5289,5657,5115,6520,5162,7438,5776,10698,7856,20267,13764,7124,7260,5054,4561,4914,4153,3240,3618,1669,2234,243,479,0,14,0,0,0,0,20250203
202501,5호선,영등포시장,28,1,2611,696,5903,4545,22764,12211,34114,38145,14960,22579,11004,16091,12039,15993,14472,20265,15032,21911,16547,18146,20004,15561,24473,16114,30580,20205,40291,33365,17540,20214,12533,12636,10750,11668,7733,10209,3213,6643,388,1535,6,9,0,0,0,0,20250203
202501,5호선,오금,17,0,901,475,2994,2603,6147,6680,6768,17533,4840,6372,4326,3634,4594,3537,4986,3710,5625,3489,5025,3899,5262,4161,6363,4941,9144,6155,13336,7272,4301,5707,3250,3360,2504,3233,2108,3465,748,2304,97,772,0,1,0,0,0,0,20250203
202501,5호선,오목교(목동운동장앞),1,0,4527,1705,13463,7719,41014,22317,47674,54061,26519,44098,21614,28590,23417,27798,27178,27876,28050,31313,29700,30358,32703,32885,37352,37181,47549,47662,57104,67143,32076,43844,33474,25884,25842,21973,22489,18561,6968,10506,937,2881,8,17,0,0,0,0,20250203
202501,5호선,올림픽공원(한국체대),5,0,1184,782,4940,3010,8962,4216,10459,7448,7900,4611,6907,4142,6788,4348,7125,5255,7963,6471,6789,7796,7403,8154,8222,8705,10937,10370,10043,11096,5791,7081,5984,4617,3939,4334,7130,3714,1254,2816,130,681,0,2,0,0,0,0,20250203
202501,5호선,왕십리(성동구청),16,0,1703,616,1786,2851,4790,5032,7808,15160,4593,8914,4156,7018,4926,7288,5637,7561,6592,8987,6966,8584,7593,8667,9818,9556,10006,11746,13687,16235,8111,8917,7734,5262,7974,4309,7002,3669,3216,2402,535,1795,6,306,0,5,0,0,20250203
202501,5호선,우장산,1,0,6640,897,18724,3947,44779,8278,50538,17900,28176,14413,23270,12867,23730,14072,24711,17285,23111,19520,21147,20891,21336,23099,20862,27361,21674,32812,18920,50585,11617,38558,8413,23984,7141,21234,5952,21491,1712,12065,258,3063,1,11,0,0,0,0,20250203
202501,5호선,을지로4가,0,0,376,382,860,4697,2134,14658,3396,35909,3353,16480,4249,10806,5962,10504,7100,9708,8210,9245,9927,8344,11492,7475,13405,6910,24363,6362,32374,6940,12991,3806,8618,2748,7002,2284,4844,1641,2369,1116,387,457,0,7,0,0,0,0,20250203
202501,5호선,장한평,27,1,7307,1038,16741,11320,47785,20128,67281,59378,35745,27352,22626,20588,20903,19334,22365,19977,23342,20553,22520,20122,24466,23160,29889,27599,41455,38945,58002,61617,24382,43243,15094,25942,12931,24036,9858,21264,4381,13079,622,3698,1,124,0,0,0,0,20250203
202501,5호선,종로3가,56,1,1350,425,2299,6496,2905,13025,4515,39103,5687,32987,8136,28671,11817,33095,17370,34699,20346,33705,24565,30244,31780,28906,38045,27876,45489,29244,55120,32157,32090,17923,30995,10248,34164,7967,27779,6478,14931,3803,1890,1215,11,24,0,0,0,0,20250203
202501,5호선,천호(풍납토성),54,0,5913,1643,10796,12294,28023,16876,35697,35548,21540,34181,21060,27286,25408,27913,30707,29614,31408,34641,33901,32473,39183,34598,44445,36306,49175,41753,51197,55497,35566,37718,31232,22715,23004,19668,18156,16460,9225,10330,1815,3121,21,23,0,0,0,0,20250203
202501,5호선,청구,9,0,1425,204,2048,1525,5069,2921,8399,11414,5641,6776,4788,3648,4520,3359,4547,3939,4705,4415,4754,4921,5105,5142,6324,5725,7667,7129,12278,9927,5953,6441,4124,4543,3268,4137,2756,3975,1485,2412,176,644,0,10,0,0,0,0,20250203
202501,5호선,충정로(경기대입구),8,0,786,178,2227,2504,5102,14570,7666,33103,4783,12024,3717,3985,4508,3356,4673,3670,4956,4420,5360,3849,6121,4022,8035,4711,17204,5972,27647,8258,7926,5424,5246,3842,4025,3740,2334,3431,939,2058,171,530,1,71,0,0,0,0,20250203
202501,5호선,하남검단산,12,0,3912,5,8024,2773,20081,4240,15748,8143,11947,8590,10483,8909,9378,8853,10156,11088,10363,10019,10025,10602,11325,13228,11777,11574,12585,13737,11696,16284,7773,14579,7089,9709,6022,8593,4751,7585,1197,5411,115,2672,1,30,0,0,0,0,20250203
202501,5호선,하남시청(덕풍?신장),26,0,4912,155,11864,3287,25237,5022,23228,11163,16226,7607,13969,9036,13899,9286,14687,9111,14148,12516,13100,11304,12855,15851,13693,16388,13710,15888,14032,23979,7926,21658,6062,12131,4782,12288,3246,11436,1433,6732,291,3460,4,37,0,0,0,0,20250203
202501,5호선,하남풍산,1,0,1710,325,4471,2055,8384,6105,9688,14486,6646,9238,6089,6546,6353,5972,7113,5106,7407,6735,7574,6372,8378,6194,8988,7842,10686,7108,13096,10384,4965,9216,3788,5261,3853,4942,2570,4744,805,3214,145,1067,1,20,0,0,0,0,20250203
202501,5호선,행당,17,2,3446,665,9384,2241,24836,4125,37211,8378,19028,6028,13287,5079,12223,6302,12098,7253,11647,7904,10082,9391,9916,11440,9875,13697,10077,17911,9587,28226,6130,19006,4829,12429,3547,11436,2854,9571,1037,5817,224,1680,3,18,0,0,0,0,20250203
202501,5호선,화곡,524,2,19456,1525,35363,8501,95151,12745,124897,27029,65431,23061,41769,17564,40309,19234,42583,23615,38964,26234,34943,30397,33066,37355,34326,47831,35324,63849,36553,110290,21392,79667,15934,49865,13821,46609,10629,39980,4544,24962,705,7276,5,30,0,0,0,0,20250203
202501,6호선,고려대(종암),17,1,3393,794,6290,4171,16833,9495,23225,19586,12478,13243,9596,7677,9654,7281,11121,8400,12324,9826,10991,8588,12275,9284,15891,11074,19073,13471,16772,19631,8659,16259,6232,10535,5994,10640,5457,10145,2254,7447,390,2184,3,34,0,0,0,0,20250203
202501,6호선,공덕,142,1,4748,2285,7558,10931,18264,33820,27099,84442,20558,43566,18137,21763,20986,20097,22416,20180,23720,21683,24680,21485,29020,21433,35062,25926,55904,29982,76341,39515,36010,25597,27964,17265,25788,15929,18899,13898,8752,9582,1078,3847,2,216,0,8,0,0,20250203
202501,6호선,광흥창(서강),1,0,2673,1290,6723,5305,16472,12097,23667,28465,15495,16070,12149,10831,13112,10280,14311,10015,13293,10925,12301,11191,13206,11837,15522,12613,21324,16144,26260,22608,12214,16783,8559,10572,7386,9569,5199,9279,2057,5515,337,1518,2,7,0,0,0,0,20250203
202501,6호선,구산,16,0,5630,191,10317,1807,25402,3531,34106,6321,19214,5464,12800,4977,12124,6507,13026,7226,12163,7829,10499,8836,10369,11020,11060,13784,11033,15229,8820,21778,5880,18025,4443,10613,3655,9111,3401,8110,1188,5053,204,1591,2,7,0,0,0,0,20250203
202501,6호선,녹사평(용산구청),21,1,942,427,1685,3490,3522,6589,5612,14638,4892,7908,4199,6351,4286,6308,4952,8160,5659,9200,6228,8965,7760,10039,10168,9144,13396,10811,17183,12070,10909,8045,9572,4995,9553,4295,8587,3660,4040,2258,434,626,0,7,0,0,0,0,20250203
202501,6호선,대흥(서강대앞),12,2,2185,962,4698,3937,12399,10200,18442,27888,12232,19151,9548,11733,10029,10467,11663,13519,13897,14077,12792,11750,14266,13257,15432,13851,22278,16795,23978,23054,11780,14808,9804,9078,9509,8279,8963,7809,3205,6097,433,1510,0,5,0,0,0,0,20250203
202501,6호선,독바위,10,0,1982,300,3814,847,11005,1684,11168,2365,6574,2303,4615,2659,4025,2386,4199,2801,4285,3140,3513,3219,3667,4200,3625,5106,3259,6425,2718,10309,1746,9326,1283,5739,824,4892,544,4544,303,2950,54,1049,0,2,0,0,0,0,20250203
202501,6호선,돌곶이,43,0,6392,1222,13531,4862,33392,5603,38473,14853,20972,8820,14784,7711,12749,8351,14002,10578,13842,10787,12380,10812,13188,13850,13791,16130,14782,20433,13919,31484,9010,25609,5964,15269,5468,13404,4159,12675,1935,8091,296,2488,1,13,0,0,0,0,20250203
202501,6호선,동묘앞,120,0,4207,806,4316,3518,8498,6354,13849,16834,11527,15110,10863,13949,13382,15294,15791,15667,16535,18456,19580,18023,21824,17256,23031,16083,22560,15865,20189,18511,12015,14043,9044,9962,7722,9772,5909,9450,3016,7167,450,2054,0,64,0,0,0,0,20250203
202501,6호선,디지털미디어시티,109,11,5595,2487,15323,10385,42706,25335,47495,57079,26162,26524,17372,11095,15897,10528,16438,11738,15852,12865,14795,13716,16223,15869,20551,21147,32520,29421,40605,45393,17630,32738,9765,20753,7691,19372,5501,18023,2685,10883,658,4234,9,50,0,0,0,0,20250203
202501,6호선,마포구청,30,9,5642,1482,12532,6194,33382,12386,47629,30600,31094,16603,20220,12811,19786,12321,19529,15118,19901,16378,19015,15531,19591,18575,20550,20582,23978,25764,32390,39849,16197,29556,11356,20030,10488,18297,7719,17309,3650,11036,545,2808,4,16,0,0,0,0,20250203
202501,6호선,망원,4,0,4996,732,8581,4910,21055,8580,32720,28934,21367,28582,16949,22390,18507,28084,23610,31520,25234,36512,26937,33880,29137,36682,32124,37487,36234,39034,41016,46714,29553,31861,25302,18023,22788,15424,17478,13195,8330,9057,1134,2145,5,17,0,0,0,0,20250203
202501,6호선,버티고개,2,0,886,314,1660,1569,4357,2229,6515,5492,4749,3535,3296,2797,3246,2460,3607,2961,4005,3491,3872,3768,5345,4185,6354,4689,6790,8216,8671,6743,5465,5122,2705,3520,1879,3361,1319,2906,646,1873,108,472,0,28,0,0,0,0,20250203
202501,6호선,보문,46,0,3660,625,7102,3933,19385,5896,28068,15448,16175,9095,10611,6470,9844,6384,10789,7448,11327,8520,10267,7598,10556,9610,12056,11005,13651,14820,15861,22836,7632,17359,6238,11408,5516,11241,4686,11250,2568,7917,505,2576,4,8,0,0,0,0,20250203
202501,6호선,봉화산(서울의료원),17,2,5019,839,13202,2257,37539,4715,33651,10795,17250,6548,12568,6152,11711,6300,12840,7864,11364,8873,10758,9575,9979,11809,10690,14037,11522,18911,9811,26975,5195,25123,3746,14964,3107,12835,2632,12598,1137,7285,188,2563,0,205,0,0,0,0,20250203
202501,6호선,불광,25,0,1473,519,3738,2232,10067,2094,12859,6229,6800,6570,6111,5557,6616,5800,7517,5867,8124,6841,8528,6780,9942,7638,10850,8437,9928,9979,9246,13896,5542,10108,4848,6273,3772,5130,1878,5055,862,3201,152,1098,1,4,0,0,0,0,20250203
202501,6호선,삼각지,8,3,1404,682,2750,5975,6460,13075,11078,23287,8031,10542,6405,7614,7407,8044,9277,8954,11408,9041,11501,8128,13455,8795,16193,9754,21709,12043,26844,14906,12021,9577,9672,6462,9496,5953,7561,6663,4477,4366,709,1167,6,11,0,0,0,0,20250203
202501,6호선,상수,20,1,5784,1168,6898,3339,9427,5266,12298,17769,9280,21130,7317,14883,8202,14977,10850,17976,11865,19319,12061,19310,14125,18883,18600,21672,21483,25550,25906,31465,19531,22655,18464,14448,21241,11821,22286,11023,14309,8769,2575,2647,12,38,0,0,0,0,20250203
202501,6호선,상월곡(한국과학기술연구원),34,1,4860,459,7532,1992,18728,3249,24846,9986,14300,6139,10000,4796,9062,4736,9542,5512,9318,6559,7721,6200,7873,8026,8400,9906,8189,12911,9048,17789,4980,15487,3041,9378,4349,8558,2672,8252,1106,5715,123,1667,1,8,0,0,0,0,20250203
202501,6호선,새절(신사),54,0,9915,595,17765,4264,44547,5564,53433,11050,28005,9476,19364,8336,17286,10013,17807,11627,17074,14608,14841,13580,14825,19012,16394,21256,15502,28663,13434,43401,8637,35049,5857,21825,4830,18790,3678,16967,1827,10929,266,3680,1,18,0,0,0,0,20250203
202501,6호선,석계,1050,1,7813,1549,16360,4581,40307,6265,46053,10949,26406,9791,19086,9149,17318,10938,18661,13009,18096,13794,16413,15563,15429,19697,15927,24173,16552,29579,14303,47032,10565,36954,7495,22876,7188,20028,5806,18033,3339,11611,584,3819,3,36,0,0,0,0,20250203
202501,6호선,신내,0,0,0,0,0,0,1,0,1,0,2,0,1,0,2,0,1,0,1,0,0,0,0,0,2,0,1,0,2,0,0,0,0,0,0,0,0,0,0,0,1,0,0,0,0,0,0,0,20250203
202501,6호선,신당,135,2,4519,1062,3896,6211,5753,10758,10000,27614,8097,18102,6732,12338,8453,10829,10348,11398,10737,12667,12360,11974,13534,10141,16237,11862,22010,14644,24910,20105,16440,18058,14510,9392,14716,7112,18177,6986,6935,7104,1418,2049,4,24,0,0,0,0,20250203
202501,6호선,안암(고대병원앞),7,1,1490,1374,3007,6149,8311,14359,12001,30602,10386,31007,11199,18719,13632,13500,15635,16772,15124,17253,17265,15116,20489,13493,26197,12807,36090,15113,28318,19096,15772,14723,13360,9883,13613,9951,11779,10101,7248,6675,1124,2916,0,84,0,0,0,0,20250203
202501,6호선,약수,2,0,1167,275,1845,2096,4056,4866,6978,14575,5605,8029,4630,5020,4458,4826,5367,4943,5445,5169,5860,5157,6324,5796,6976,5915,9249,7607,12845,9519,7172,5700,5212,3544,5332,3204,4164,2639,2113,1770,408,540,0,3,0,0,0,0,20250203
202501,6호선,역촌,0,0,1988,307,4740,2836,12993,2649,14625,6137,7987,3693,5674,3177,5617,4194,5710,4750,6076,4505,5343,5097,4968,6066,4980,7788,5120,10232,4483,15608,2826,12681,2182,7285,1653,7181,1190,6532,510,4323,88,1158,1,4,0,0,0,0,20250203
202501,6호선,연신내,0,0,0,0,0,0,0,0,1,0,6,0,3,0,5,0,5,0,8,0,6,0,4,0,4,0,5,0,5,0,6,0,0,0,3,0,0,0,0,0,0,0,0,0,0,0,0,0,20250203
202501,6호선,월곡(동덕여대),11,0,5662,630,11928,3472,32101,6550,40624,21667,21428,13889,15657,10883,15033,9811,16152,11760,15546,13077,15149,13563,15229,15897,16792,20047,18226,24878,23022,37096,11174,29145,8462,16581,6594,15786,4479,14304,2191,9797,434,2871,0,12,0,0,0,0,20250203
202501,6호선,월드컵경기장(성산),22,0,760,1048,2272,3177,6261,3847,8157,6977,5047,5776,4739,7258,6348,7828,6638,8645,7921,10112,9539,10545,11531,9735,11953,8468,10636,8116,9078,9992,5714,7166,4440,4687,4034,3500,2753,2896,1070,1648,149,403,0,2,0,0,0,0,20250203
202501,6호선,응암,32,0,10335,1301,22993,5822,58838,7927,77195,14612,42555,13021,27366,13051,26210,14663,27034,17344,26741,18478,23081,21623,22306,27657,23123,33750,22035,43863,20525,68377,12912,53399,9870,33757,8185,28984,5965,25938,2588,16924,381,5222,3,27,0,0,0,0,20250203
202501,6호선,이태원,172,2,10973,1732,9281,10740,8169,10050,9367,22390,8464,22223,8341,16799,9393,15028,10868,16784,12859,18026,15495,17703,18787,18711,26200,21766,29597,27624,37039,29930,27971,25391,24603,19361,23964,17584,22339,17122,14738,13700,2127,4900,1,49,0,0,0,0,20250203
202501,6호선,증산(명지대앞),21,2,6433,624,11861,3274,29471,3945,38803,9589,22588,7109,15717,6339,14176,8174,14716,9226,14420,10976,12723,11734,12063,14189,12903,18127,12350,23296,11831,36178,6920,27612,4871,17056,4079,16514,2901,14409,1278,8524,305,2647,2,20,0,0,0,0,20250203
202501,6호선,창신,3,0,2711,262,4265,1476,12379,2897,15175,4433,8301,3399,5249,2338,4746,2243,5251,2776,4722,3241,3915,3233,3906,4012,4437,4628,4138,6340,4097,9041,2313,7125,1942,4710,1418,4789,896,4278,464,2843,101,782,0,2,0,0,0,0,20250203
202501,6호선,청구,8,1,1438,408,2423,2261,6289,5186,8835,18025,5807,9581,4654,4082,4320,3806,4561,3963,4899,4391,4994,4251,5399,4763,6625,5231,7724,6301,12668,7048,7373,4654,4505,3231,3742,3240,3061,2854,1614,2008,294,660,1,9,0,0,0,0,20250203
202501,6호선,태릉입구,10,0,3748,953,6128,2429,15636,2992,18739,6897,10577,5614,8297,4639,8179,5611,8841,6361,8804,7100,8809,8023,8416,8844,8834,10891,8860,13802,9204,21724,5793,16030,4295,9891,3879,9673,3206,8385,1681,6851,366,3286,0,23,0,0,0,0,20250203
202501,6호선,한강진,299,6,2928,1173,3748,11915,5216,22695,7164,37427,7783,31728,6931,29404,9916,31480,14232,34792,16795,47359,20985,44425,34449,45339,49444,39830,55030,36308,56726,34932,39413,19815,35969,10634,36528,7556,37893,5570,8640,4393,799,2385,3,166,0,0,0,0,20250203
202501,6호선,합정,63,3,3501,1010,4856,5570,9513,13971,16626,35821,11818,25530,10561,17790,12622,18366,15290,19544,17948,22051,19578,19611,22453,21158,24161,25178,31933,29884,44601,39913,30189,25453,27089,13959,30183,11376,26514,10504,14577,7778,2284,2174,14,40,0,0,0,0,20250203
202501,6호선,화랑대(서울여대입구),27,0,5689,1105,18492,3580,47532,5376,43586,10664,22998,7507,15807,6968,14567,6743,15035,7685,16047,9089,12635,9156,13246,11470,14720,14458,13358,20647,11529,31768,5950,27053,4400,16618,3632,14311,2782,14014,1047,8935,138,3104,0,53,0,0,0,0,20250203
202501,6호선,효창공원앞,10,0,2161,606,4885,3443,14258,6047,23433,19281,13782,10297,9656,6749,9128,6546,10299,7611,10192,8035,9459,8277,10376,9206,11919,11000,15102,13003,20556,18320,8793,12999,5987,8986,5042,7432,4118,7367,2161,4877,391,1694,0,8,0,0,0,0,20250203
202501,7호선,가산디지털단지,381,6,5855,4544,8665,25448,19534,123321,23988,326230,17931,188562,16471,51657,20408,32392,26788,31868,31469,32175,36852,28752,48488,26054,71026,24927,190431,27129,263590,31689,106328,22230,60339,14364,45480,11706,25047,10245,10542,7156,1344,2429,1,12,0,0,0,0,20250203
202501,7호선,강남구청,17,0,1599,1515,3680,13404,6135,30210,7937,90183,8317,84917,8722,37459,10840,21834,13387,19393,15379,20603,19686,17903,24269,16388,28911,16037,45849,18259,74095,18716,46014,12263,29145,8231,27804,6305,18807,5178,8158,3517,1385,1520,4,3,0,0,0,0,20250203
202501,7호선,건대입구,61,1,3699,1161,4731,7911,11359,17396,16978,29939,14376,27649,12674,21310,15007,20546,16952,22183,18607,25245,21492,23505,26258,23470,30145,24218,37413,29261,33484,36249,23526,23277,24677,13634,20404,11477,17491,9502,9322,5470,1418,2830,2,192,0,0,0,0,20250203
202501,7호선,고속터미널,26,2,1241,2571,2895,20278,10678,34487,17545,43585,24030,35316,23770,29286,27254,27823,29619,25209,30353,28060,32227,24826,42039,20752,43789,20978,57706,21732,47240,22633,32693,14109,34158,8905,30769,8663,23018,4904,6557,3085,645,607,14,21,0,0,0,0,20250203
202501,7호선,공릉(서울과학기술대),19,0,5647,982,12398,3944,30440,8148,36513,18372,21422,14597,16496,11682,16603,12369,18892,14555,19228,15259,17730,15655,19162,18327,19692,21546,20710,26195,20068,37553,12575,31980,9684,18659,9200,16410,7891,15987,4204,10610,664,3548,1,20,0,0,0,0,20250203
202501,7호선,광명사거리,157,2,16169,5175,25415,10792,65534,13616,69353,23279,39113,21154,27997,23223,28371,27837,31537,31182,32493,33109,31425,33358,33503,36445,37582,39514,36208,49022,31537,68799,21365,51694,14780,29744,11351,25883,8735,21120,3875,13350,590,3672,4,25,0,0,0,0,20250203
202501,7호선,군자(능동),65,2,7434,779,12133,4892,30102,7940,48935,22484,34288,17122,20823,11818,18010,11689,20101,12574,20085,14337,19268,15352,19440,18784,22002,21593,27057,27008,30122,39147,19610,29784,16064,19675,15137,17031,12060,14808,6338,8940,1245,3090,2,50,1,0,0,0,20250203
202501,7호선,남구로,144,2,16465,1224,14126,6037,25092,27672,30179,79128,22055,37326,15641,18031,14288,15799,16103,14462,15535,14816,14984,14351,17067,17191,19608,21799,40314,29959,61777,28569,26596,20745,14420,14764,10260,16126,6572,13085,3283,7409,413,1747,3,16,2,2,0,0,20250203
202501,7호선,남성,11,1,5378,853,12437,3276,31182,5507,46989,12131,30069,10078,19104,9831,16434,10113,16682,11324,16503,12441,15050,13241,14302,16984,14003,19707,13778,25998,12966,39260,8183,28383,6903,18742,6448,16336,4167,14891,1963,9047,343,2431,1,28,0,0,0,0,20250203
202501,7호선,내방,9,0,2426,1853,7113,14880,15076,21431,23190,66467,18229,40051,14454,20005,14810,15788,16407,16359,18416,17947,19732,16533,21192,16770,26631,17871,41612,22756,58962,28976,23777,18943,17688,12073,16304,10454,11495,8657,4150,5576,640,2595,0,134,0,0,0,0,20250203
202501,7호선,노원,30,1,7099,2218,12805,5915,32283,12186,35588,40883,24950,40655,25395,30643,29164,31884,32853,34345,34240,37997,36811,37331,39445,39144,42137,40520,42425,43993,43959,57263,29559,45412,27249,23806,21986,18951,19723,15301,9158,11024,1591,3570,24,47,3,2,0,0,20250203
202501,7호선,논현,59,1,2712,1345,4178,15355,7254,34623,12005,91290,10297,79202,10413,34119,12450,22339,14476,21364,16202,23832,21256,22170,26048,20430,32084,22729,54112,26767,86660,31386,48836,17847,32985,10710,33630,8470,30580,6536,15620,4859,2885,2063,5,17,0,0,0,0,20250203
202501,7호선,대림(구로구청),49,1,10345,810,8127,4096,13410,6688,19859,16265,16489,13111,13046,18895,14341,22937,16233,18737,17911,17909,19671,17211,19815,18047,19766,19840,20301,23904,19574,21861,13302,14787,10265,10671,8635,12952,6819,10377,4080,5487,420,1263,9,25,0,2,0,0,20250203
202501,7호선,도봉산,98,0,5171,1073,15245,3837,42956,5707,33384,9125,17548,10005,12285,11230,10689,10584,11009,10839,10753,11583,9885,11754,10149,13273,10805,15924,9306,20364,8639,31610,4301,32161,3151,20355,2432,16420,1784,14091,800,9432,154,3796,1,190,0,0,0,0,20250203
202501,7호선,마들,16,2,9743,1287,22524,2658,54327,5368,52649,11061,29317,10321,21961,9867,20918,11606,21969,13898,19499,15009,17190,16843,17313,20138,15972,23444,14477,29066,13002,43155,7939,42893,5586,24505,4030,21144,3052,18478,1361,11879,167,3588,2,13,0,0,0,0,20250203
202501,7호선,먹골,5,0,6512,697,10960,2901,27927,4949,36854,13294,22511,9719,16498,8679,15003,9602,15329,11299,15568,12642,14110,13180,13680,16084,14172,19935,14602,23653,16103,34934,9931,28306,7339,18047,6021,15758,4334,13447,1982,8977,368,2582,5,150,0,0,0,0,20250203
202501,7호선,면목,59,2,11600,763,19662,4562,44807,7039,60045,17647,35248,13074,23179,11693,19818,13096,20978,14866,20814,15952,17978,17273,18067,22208,19695,26898,18320,31476,18451,45541,12874,39803,8008,24272,6266,21394,4121,19316,2248,11456,319,3835,2,14,1,0,0,0,20250203
202501,7호선,반포,13,0,867,1045,2705,13256,5927,9745,9856,16214,7429,15132,5902,9962,6203,10193,7897,9428,8254,9027,9669,8632,12011,7944,18541,8031,17753,8804,16682,9985,10842,6335,9029,4313,8516,3761,6151,3468,1798,2111,212,589,0,1,0,0,0,0,20250203
202501,7호선,보라매,21,0,3247,888,5314,2825,14031,6920,20407,17189,13588,8735,8613,7832,8250,7680,9368,8286,8950,8321,9417,8283,9628,9031,10784,10621,11883,14218,14635,20658,6929,15374,6339,10035,5208,8890,4179,7810,1838,5009,283,1815,3,31,0,0,0,0,20250203
202501,7호선,사가정,11,2,10865,1203,20069,6731,44503,9823,60481,20881,37237,16067,24837,14415,21880,15988,25384,17288,23055,18807,21284,20821,20958,26588,21482,30914,23138,38774,22632,58046,16290,46138,11703,28034,9368,25380,7340,21386,3948,11879,572,3901,6,22,0,0,0,0,20250203
202501,7호선,상도,10,1,4676,1848,10608,5065,28480,6602,38682,18193,26017,14285,17294,10920,17532,11096,16507,12419,18046,13006,15991,14140,15791,16581,17805,18925,18991,24253,17618,36323,10276,26413,8314,17742,7665,15784,6559,14594,3316,9707,592,2733,4,24,0,0,0,0,20250203
202501,7호선,상봉,340,11,9606,1241,17894,6939,45185,10399,64623,24693,34820,17156,22400,16039,20998,17748,23914,19628,23757,21399,23212,22340,24554,24733,26897,29920,29635,39482,30622,60882,20910,50491,16916,29751,15929,24037,13331,22755,6953,14511,1390,5892,10,59,0,0,0,0,20250203
202501,7호선,수락산,94,7,8956,895,17590,4863,38101,7044,39679,14061,26381,13190,20054,13744,18289,14329,19576,16111,20294,14653,19718,15941,19135,18459,18726,22872,18189,27114,17319,38035,10323,35793,7568,22605,6401,18197,4249,16073,2059,10349,344,3889,2,24,0,0,0,0,20250203
202501,7호선,숭실대입구(살피재),42,1,5010,893,10774,3218,29678,5618,41449,14663,27946,16850,18634,10857,17892,11016,17574,13680,17939,14496,15971,15550,17255,18268,17683,21014,21744,26916,15586,39778,9420,28713,8120,19615,7158,17660,5764,17330,3283,11711,545,3341,3,32,0,0,0,0,20250203
202501,7호선,신대방삼거리,80,4,8551,527,16200,4125,41656,7062,63873,16485,37093,14249,22205,12860,20092,13790,22468,14718,20616,17145,18990,17979,18817,21481,19287,25184,18725,34116,19362,53686,11767,40033,9916,24651,8546,22929,6388,19306,3342,12524,588,4197,4,26,0,0,0,0,20250203
202501,7호선,신풍,227,2,11575,1029,13844,4735,33270,9335,43971,16989,26587,12232,16671,10568,15342,11012,16505,11698,16204,12584,14364,12963,14610,16115,16010,20212,16585,26531,17531,36570,10156,26880,7824,16670,5749,15880,4668,13608,2016,7795,385,2593,5,323,0,0,0,0,20250203
202501,7호선,어린이대공원(세종대),31,2,2822,711,6280,6473,16485,12722,27960,39801,20956,32214,14055,18330,15375,16218,17167,19028,18407,21069,18031,17976,21435,16996,29838,17924,35710,19797,36091,28095,19166,20649,14314,14344,13615,13007,11718,12958,6278,8931,1090,2601,0,17,0,0,0,0,20250203
202501,7호선,온수(성공회대입구),98,1,7591,629,15691,2922,37493,6364,43203,10966,20391,6427,12540,5743,11361,5592,11827,7077,11291,8126,9434,8758,8991,11500,9554,14168,10742,20063,10946,33654,5152,25328,4055,15990,3666,13111,2673,11853,1475,7705,237,4065,2,752,0,0,0,0,20250203
202501,7호선,용마산(용마폭포공원),6,0,4314,504,9071,2129,18893,3093,25086,7245,14277,4952,9082,5065,8161,4762,8263,5569,7712,6248,6499,6698,6466,8723,6640,10450,7000,12605,6497,19092,4133,15896,2953,9695,2182,9435,1599,8436,904,5338,159,1802,0,12,0,0,0,0,20250203
202501,7호선,이수,17,0,4177,1402,8399,14606,22236,13818,36036,37040,25704,26053,18511,19155,18276,19256,21171,20032,22712,21836,23780,22696,26022,24600,31018,28312,35430,37618,41384,50623,24976,33299,23266,18750,24918,15330,21670,13150,11728,8085,1683,2348,10,34,0,0,0,0,20250203
202501,7호선,자양(뚝섬한강공원),7,0,4112,593,8085,3335,17185,5723,27418,10935,18853,9052,11617,9112,10682,9539,11249,11151,11826,13964,12410,15080,14431,15339,17126,14888,17273,17602,13567,24173,7953,17470,6217,11645,5296,11256,4444,9784,2116,5387,334,1598,0,13,0,0,0,0,20250203
202501,7호선,장승배기,5,0,5175,1557,9211,7777,22493,7413,32463,15575,21730,10764,14399,8510,13203,9185,13679,10309,13669,10927,12298,11510,12547,13510,15257,16128,16197,18885,14482,27747,7716,20678,6294,13649,5630,12329,4398,10861,1769,7160,392,2103,7,16,0,0,0,0,20250203
202501,7호선,장암,0,0,1808,97,6660,790,14880,1083,9671,1278,4053,1873,2480,1941,2288,2282,2718,2300,2786,1769,2920,1275,3027,1493,3055,1686,3177,2269,2585,3541,1464,2845,960,1839,673,753,499,774,200,527,29,222,0,0,0,0,0,0,20250203
202501,7호선,중계,30,3,8099,2194,20693,4195,51691,9316,53818,21185,30779,13494,22720,11915,21200,13300,22517,12234,20648,14267,19578,14832,17948,17768,18165,20570,18041,26787,15980,42173,9390,40441,6770,24400,6624,20838,5631,18138,2316,11261,284,3389,3,12,0,0,0,0,20250203
202501,7호선,중곡,4,0,5460,684,10858,3601,24702,11863,37921,24996,25128,13200,15934,9484,14647,8951,15480,10201,14496,11736,13563,12193,13609,15119,15789,17670,19315,21235,21412,30515,10979,24016,7699,16024,6106,14518,4671,12743,2006,7193,317,2284,1,12,0,0,0,0,20250203
202501,7호선,중화,93,1,7254,937,13296,4920,29301,6801,39327,16889,23522,10069,15785,8645,14317,8831,15421,10824,14582,11696,13094,12769,13157,15628,14975,19063,17018,22707,16903,33181,10050,28490,6899,17867,5839,16192,4242,14650,1881,8966,313,2669,2,85,0,0,0,0,20250203
202501,7호선,천왕,33,0,6912,1069,16010,5842,42664,7758,49623,12796,28584,7368,18022,6846,15700,8313,15679,11021,15076,11529,13509,12666,12908,16011,13737,19720,13863,27638,13420,40409,6465,32718,5034,19626,4074,16668,2449,14479,1145,9156,277,2377,0,84,0,0,0,0,20250203
202501,7호선,철산,7,0,9324,3337,26589,10634,69702,14455,70388,29160,40079,24454,29516,18722,28109,19457,30664,21877,27493,24585,25925,24287,26734,29189,31740,36297,32295,52490,33627,80367,19018,62118,16487,35599,15947,30787,14104,26174,6403,16618,1053,4734,8,26,0,0,0,0,20250203
202501,7호선,청담,15,0,2180,3559,5831,27657,9217,49793,13055,117031,11323,78569,10880,30439,13253,20078,17179,20183,17827,20320,22064,17863,28906,16144,37034,16385,61286,17632,89128,17475,44885,11733,25866,8659,23228,7840,16375,5884,4419,3425,611,2246,0,7,0,1,0,0,20250203
202501,7호선,태릉입구,133,1,7302,899,6599,4322,15770,6580,20671,14887,14018,9333,11102,8001,10494,8254,11985,9145,12188,10215,12336,10475,13514,11273,14869,13252,15820,15967,17302,20856,10031,18279,7883,11496,7101,10687,5295,9763,2583,6414,472,3084,1,915,0,0,0,0,20250203
202501,7호선,하계,54,0,7854,1690,22397,5702,56865,11409,59979,22110,35739,18399,27442,15382,26402,16050,27850,19658,25978,23242,25764,21873,27208,24757,28449,27889,28085,35076,23191,52855,13090,47674,12887,28264,9033,24733,7278,23328,2741,15680,443,4598,1,13,0,0,0,0,20250203
202501,7호선,학동,5,0,1675,1308,4323,20823,7280,48132,9894,153925,9788,114129,10166,48635,13537,26058,16986,22218,20412,25407,25266,21512,32161,17392,41769,17035,76527,18364,138143,18430,65633,11054,35194,7431,29692,6420,21580,4752,8116,3085,1305,971,2,2,0,0,0,0,20250203
202501,8호선,가락시장,178,4,3149,2356,5393,6995,10639,13891,12486,37326,10093,16191,9660,13279,11184,13216,12013,12016,12902,13448,14202,13365,16546,13434,16009,16173,20323,18644,27298,22451,13541,15407,12209,10125,11955,8579,9967,6997,4451,4838,1029,1722,3,478,0,0,0,0,20250203
202501,8호선,강동구청,28,0,4912,764,9954,5064,24421,13831,33748,30868,21293,13845,16222,11143,14755,9821,14268,11490,15288,13536,14388,13473,14997,15767,16009,17775,19086,22730,26464,31261,10434,24710,8375,15756,6915,13561,4853,11620,1799,7177,347,2048,1,13,0,0,0,0,20250203
202501,8호선,남위례,2,0,1451,1310,6223,4209,17458,7247,21667,19703,12365,10637,8967,6498,8692,6390,9493,6655,9478,8401,9862,8571,10834,9150,11545,11856,15292,15876,16963,22637,7846,16503,6567,10380,6466,8295,4941,8258,2139,5144,527,1171,4,11,0,0,0,0,20250203
202501,8호선,남한산성입구(성남법원.검찰청),129,14,9980,1545,17841,4438,42504,9263,52860,16533,30555,10102,20273,8756,18402,8812,18854,10597,17904,12405,15621,13248,14934,17482,15474,20490,18075,25401,17960,40274,8601,31026,5995,20507,4305,19921,3104,16606,1291,10565,230,3172,2,13,0,0,0,0,20250203
202501,8호선,단대오거리,41,1,9358,1539,16809,4870,40753,9518,47373,16014,25867,9006,17502,8239,16023,9209,17346,10667,16506,11931,15025,13686,14100,17978,15095,21075,17375,27251,18968,41508,9487,32966,6855,20891,4775,18722,3199,15378,1547,10192,284,2963,2,15,0,0,0,0,20250203
202501,8호선,모란,11,0,2372,475,2949,3153,7645,3832,10078,8686,6733,5918,6704,6372,7762,7323,9599,8123,10810,8119,10695,7641,11833,7902,12083,7546,11243,7463,10837,10244,6223,6570,4545,4233,4442,3962,3969,3422,2459,2343,741,1355,1,325,0,0,0,0,20250203
202501,8호선,몽촌토성(평화의문),5,0,1618,1998,4133,7752,10826,10384,17735,25819,11183,14256,8147,9128,8138,8708,8942,9006,9286,9601,10017,8862,10730,8991,14714,11323,18723,14040,22649,17575,9747,13604,8381,8776,8513,7179,6970,6774,3321,4050,705,1152,10,9,0,0,0,0,20250203
202501,8호선,문정,6,0,2293,2962,7092,9577,22260,48555,30525,154361,19982,70303,15643,27657,17485,19173,20478,19285,23166,20525,25781,19310,28868,18827,33406,22192,77744,25694,112875,36380,39662,26392,27761,16604,22724,13601,15899,12409,6349,6820,1106,1826,3,10,0,0,0,0,20250203
202501,8호선,복정,30,0,3589,1939,9251,7753,23159,8866,31181,15452,18955,10284,12879,6766,10452,6032,11782,7731,10454,7346,10256,7866,11430,10202,13787,12538,18146,18107,21473,26075,13447,19076,7580,12402,6390,11278,4909,10655,2091,4592,439,1028,3,10,0,1,0,0,20250203
202501,8호선,산성,9,0,4370,624,9175,1902,24517,2799,27063,5394,14743,3901,10241,4269,8805,4293,8665,5178,8271,5716,7492,6729,6956,8847,7256,10497,7506,14462,5770,24029,2962,20344,2187,12402,1885,11597,1137,9775,589,6126,110,2035,1,7,0,0,0,0,20250203
202501,8호선,석촌,1,0,2292,674,5166,3881,13285,7560,21243,21382,12750,18660,10924,13224,10956,14301,12124,15398,13035,16361,13300,15630,14710,17281,15249,17902,18397,23818,21974,29802,12594,19950,11822,11988,12570,10342,10885,8679,4265,5358,733,1819,5,22,0,0,0,0,20250203
202501,8호선,송파,3,1,2729,666,8990,6280,25302,7833,30794,16807,20787,11360,15578,8914,15713,9237,15338,10532,15165,12347,13962,13168,14281,15573,15084,18177,15787,22191,17620,31148,9695,22987,6857,14483,5504,13134,4964,11242,1826,5761,333,1688,1,44,0,0,0,0,20250203
202501,8호선,수진,22,2,3522,510,6065,2152,14781,3171,20082,8202,11990,6407,8564,6120,8493,6489,9031,6765,8845,8290,8717,8094,9025,8417,9798,9443,9108,10396,7526,14720,4490,12370,3643,8368,3407,7302,2436,6079,910,4350,235,1241,0,17,0,0,0,0,20250203
202501,8호선,신흥,6,0,3374,555,6424,2186,15733,2892,18703,6164,10877,4473,7378,4984,7176,5998,7377,7357,7369,8500,7625,8435,8528,9634,9139,11165,8473,12745,8561,17405,4933,14529,4086,9397,2964,8082,2250,6874,986,3938,215,1244,1,3,0,0,0,0,20250203
202501,8호선,암사,57,0,13688,780,21235,4919,56775,7262,71479,17919,39264,13020,25668,10977,23520,14634,24300,16033,23263,17825,20600,20099,19984,26329,20139,30442,20866,38947,20999,57244,13314,45338,10568,26851,7955,24064,5494,22237,2310,12276,489,3784,1,115,0,0,0,0,20250203
202501,8호선,암사역사공원,3,0,2330,344,6815,2442,20951,3968,24852,5209,13776,3216,9030,3131,8509,3482,8175,4532,7963,5431,7263,5967,6732,6871,7766,9357,8547,13321,7775,19221,3736,14572,2535,10294,2077,8233,1433,8804,594,4571,148,1151,4,6,0,0,0,0,20250203
202501,8호선,잠실(송파구청),37,1,1575,2913,3392,11197,6694,33223,10602,81724,8947,50753,9274,38154,14173,41450,16855,41420,22462,42919,30036,39872,39942,40625,47165,38430,59825,40224,77893,45256,48762,23162,47058,13021,44513,9141,31071,6610,10942,4265,2022,1661,16,173,0,0,0,0,20250203
202501,8호선,장지,22,0,4931,2824,16607,10167,38666,22720,45064,42321,29017,32433,20545,18462,18555,19344,20065,20462,21887,19287,21846,19944,26895,23325,30368,26691,43010,30436,45082,46671,26475,29717,21352,17509,16381,16366,8536,13659,2927,8777,547,2122,6,5,0,0,0,0,20250203
202501,8호선,천호(풍납토성),76,0,9311,1974,14724,11568,36709,16717,50127,31476,30346,27874,21013,22159,21195,23505,23379,25639,24811,29307,24823,29039,27444,33244,31257,35545,36678,46998,37872,65946,25190,45493,21845,27466,16006,25026,12658,18962,6406,12576,1385,3528,9,28,0,0,0,0,20250203
202501,9호선,가양,87,0,13960,1345,24504,8580,66123,23719,69718,50326,39540,28520,31095,18404,30222,20232,32820,21278,30663,24278,27887,26927,28644,32026,31750,35975,40564,43176,48374,67614,22335,56641,16420,35720,14186,29921,9811,27447,3846,16776,603,5000,7,221,0,3,0,0,20250203
202501,9호선,개화,9,1,2209,141,6473,1814,11393,3326,8606,3978,3373,2244,2535,1546,2062,1893,2335,1537,2146,1828,2437,1959,2610,2112,3714,2157,5278,3406,4829,5073,2076,4566,1331,2378,1239,1930,528,1794,277,1126,96,379,0,48,0,1,0,0,20250203
202501,9호선,고속터미널,21,0,2435,1358,5651,12993,15725,17116,22499,30052,18379,32814,17926,35208,20277,38633,23082,39011,25855,40583,28315,43307,32073,43128,35449,45078,37732,47986,35383,52788,29255,33682,26202,24239,20208,20985,16634,19178,5870,9473,759,2025,30,35,0,0,0,0,20250203
202501,9호선,공항시장,6,0,3433,230,3828,1141,8550,2027,10662,3910,6124,3324,4828,2834,4498,3482,5169,3666,4511,3762,4449,4230,4023,5352,4239,6265,4739,6932,4226,11178,2752,8255,2245,6260,1896,5744,1317,5319,794,3356,125,1192,1,110,0,0,0,0,20250203
202501,9호선,구반포,0,0,180,900,583,11099,1039,2333,1551,3617,1136,3074,1094,1647,1450,1354,1641,1549,1743,1621,1824,1669,2852,1477,8076,1729,8307,1758,4545,1940,1826,1053,1157,695,807,607,659,510,167,342,55,170,2,11,0,0,0,0,20250203
202501,9호선,국회의사당,2,0,799,1704,2284,11002,5030,43206,7295,142842,6552,50952,8595,23442,12355,17721,14815,17157,17320,22545,21790,20439,25219,13314,41508,11272,70351,13645,93670,12035,33259,7977,22104,5401,21347,4953,12534,3815,4094,2350,874,771,3,4,0,0,0,0,20250203
202501,9호선,김포공항,3,0,546,2905,2525,12708,7769,13919,8936,17383,6705,17788,7004,18489,7893,20797,7643,22171,9799,23512,11988,22245,13613,20589,13500,23828,14482,29026,17442,26070,11678,14829,11427,5988,10057,3492,9569,2639,2345,1783,75,1278,2,166,0,9,0,0,20250203
202501,9호선,노들,4,3,3234,328,5482,1287,15304,2239,20027,3298,12080,3108,8461,3008,7139,3512,7466,4232,7345,4607,6333,5512,5561,6445,6024,7852,6429,10353,6012,14886,3153,10437,2472,7317,1807,6627,1558,6640,691,3352,185,1051,1,6,0,0,0,0,20250203
202501,9호선,노량진,344,10,14074,1705,21768,12768,57953,32844,81514,57400,48091,35225,32079,22239,32141,27350,36100,31087,40492,36318,35670,33358,34677,36523,38644,43453,48948,63042,50121,89991,31303,58368,31645,40649,37941,37692,40355,35932,13758,20628,1564,5680,16,66,0,0,0,0,20250203
202501,9호선,당산,84,0,7608,1325,15194,6300,45679,14024,55668,39417,31862,22579,23674,15303,23564,17550,25917,18653,25382,20543,24209,20427,24905,23677,27195,29162,35967,40977,44094,59773,23602,45209,18854,29618,17582,28400,15087,25776,7374,16723,1260,4819,25,279,0,18,0,0,20250203
202501,9호선,동작(현충원),24,1,999,207,1240,1867,3805,1525,4691,2646,2959,2553,2760,3494,3345,2960,4223,2571,3858,2841,3922,2795,3664,2575,4586,2504,3615,2846,3337,3919,1624,2561,1332,1825,1049,1694,968,1485,425,1116,59,946,2,163,0,8,0,0,20250203
202501,9호선,등촌,10,0,5336,1243,13846,4208,42444,7259,52697,18008,23596,11516,16857,11069,18017,11512,17969,13621,17305,13952,16022,15409,16933,18653,17666,20137,17497,29996,18928,43287,10018,34391,7637,19321,6285,16829,4881,14453,2092,8778,456,2712,2,35,0,0,0,0,20250203
202501,9호선,마곡나루(서울식물원),6,0,4577,1319,9345,8767,25791,21954,28363,53747,15066,22158,11337,13989,12822,12795,15596,14055,16850,15233,17275,15080,19243,14330,23700,17375,39792,24008,47010,36062,21345,27034,18341,16601,16558,15800,13839,13482,6784,9293,1033,3419,9,352,0,0,0,0,20250203
202501,9호선,사평,0,0,1027,240,3162,1753,9398,3407,11676,6531,7715,4186,6354,3643,5572,3521,6633,4174,6399,5483,5887,5302,5717,6039,7030,6579,7963,9192,7843,11205,4477,8551,2850,5947,2017,5519,1492,5704,566,2897,160,751,1,7,0,0,0,0,20250203
202501,9호선,샛강,16,0,1200,1052,2313,4118,4552,15461,5754,34222,4561,12475,4667,8045,5911,7731,6624,6746,7644,7432,8170,6522,9114,6262,10559,7724,20462,9686,29234,12458,11437,7241,9767,3858,8977,3644,6327,3193,3112,2099,754,740,3,29,0,0,0,0,20250203
202501,9호선,선유도,6,0,1987,1197,5676,3616,20879,12792,25274,35980,11392,17945,8581,7121,8087,7503,9356,7306,9406,7582,9305,8175,10376,8074,12364,8973,24293,12185,32979,21050,11692,15207,6853,9300,5353,7766,3968,7483,1653,4233,347,1316,4,15,0,0,0,0,20250203
202501,9호선,신논현,65,0,3800,1402,12232,14810,26782,34198,34782,76432,25475,96191,24169,56133,30860,44355,37525,46733,41868,48853,45575,49541,51503,49203,63980,54051,81270,71447,99725,91921,75919,53838,58046,30479,63611,23815,56431,19048,29068,12128,4881,3022,38,542,0,5,0,0,20250203
202501,9호선,신목동,4,0,2299,271,5608,1899,18654,3393,16567,6528,8839,3951,6527,2893,6247,3688,6611,3970,5375,4362,5615,4658,5440,4898,6147,6730,7053,8353,6370,13585,3033,11488,2032,6824,1727,6543,1627,5227,529,3680,136,969,0,85,0,0,0,0,20250203
202501,9호선,신반포,2,1,953,438,2419,3830,7670,6291,10331,9683,6784,7159,5617,4757,5237,4719,6482,4803,6745,5739,6277,6079,7539,5752,8457,6123,10034,8347,10101,10323,5652,7984,3632,4776,3990,3912,2480,4362,676,2236,134,760,1,12,0,0,0,0,20250203
202501,9호선,신방화,1,0,4627,711,10068,2128,24143,3725,25088,10493,13610,7214,10997,5827,10402,6296,10774,7306,11489,8117,9278,9176,9511,10387,9171,12210,9257,15552,10424,23150,5825,19990,4565,11925,3593,10407,2704,10656,1100,5933,172,2045,0,21,0,0,0,0,20250203
202501,9호선,양천향교,7,0,4296,918,9713,7292,27738,14075,29144,39930,14365,15172,11157,8646,11808,7460,13195,8714,12353,10236,11985,9637,13199,10925,16315,12827,23353,17375,32341,27024,11119,23492,7415,15041,5930,14656,4536,12310,2115,9201,345,2268,2,206,0,0,0,0,20250203
202501,9호선,여의도,11,0,2482,2715,3676,22864,8047,138453,10068,156123,10400,72785,12926,34546,20251,33868,21321,33690,27403,33797,32686,31019,42256,27530,59166,27376,148937,27952,147264,29609,71654,17165,60400,9599,44670,7971,25063,7231,8421,4101,1174,1697,3,261,0,0,0,0,20250203
202501,9호선,염창,17,0,11153,781,23718,4375,67282,7713,74595,17978,42287,11131,27670,10155,24751,11646,25379,13576,22989,16123,20055,18857,19506,23331,20597,28731,21905,43862,23364,65958,12991,54797,10112,35227,8872,30669,6593,30251,2835,17798,527,5444,8,287,0,0,0,0,20250203
202501,9호선,증미,0,0,2456,492,7474,2531,20540,9437,22577,43181,11028,16406,8590,6069,8174,5873,8918,5987,9429,6185,8249,6982,8235,7988,9319,8943,20331,12385,34362,18311,9321,14487,5130,8890,4279,7551,2401,7289,923,4034,180,1426,2,8,0,0,0,0,20250203
202501,9호선,흑석(중앙대입구),10,0,3531,952,5139,4531,16365,10469,20054,18298,13519,12708,11486,10802,13942,10560,13724,12194,15786,12026,14634,12264,15212,13257,16519,14171,20761,19648,14458,25349,9247,17482,7500,11882,7208,9908,6106,9523,2656,5512,461,2024,2,24,0,7,0,0,20250203
202501,9호선2~3단계,둔촌오륜,1,0,1367,141,3827,1686,10659,2211,10590,3217,5974,1783,4395,1742,3801,2238,3978,2428,3662,2608,3425,2833,3972,3722,4356,4302,4260,6003,2954,9722,1539,7875,1082,5540,1083,4320,734,4727,350,2464,54,948,0,89,0,4,0,0,20250203
202501,9호선2~3단계,봉은사,8,1,1579,1995,4760,18635,8085,37222,9303,102469,8418,70328,9399,38759,13997,34767,19532,34339,23779,35802,29415,31568,36496,29435,48579,27867,74916,25989,99320,25181,49608,14691,36212,8548,32673,7236,20018,4914,4959,3065,703,705,9,12,0,3,0,0,20250203
202501,9호선2~3단계,삼성중앙,0,0,975,504,2715,4355,5210,15775,7222,41614,6094,29855,5776,11546,6547,8895,7944,7876,8803,8597,9012,7530,10510,7246,13512,7885,24286,10892,38616,12773,17120,8388,10558,5427,9225,4375,5991,4395,2606,2508,559,948,2,6,0,1,0,0,20250203
202501,9호선2~3단계,삼전,18,0,4333,603,6934,2341,19635,5234,33680,16797,21686,9442,12319,6086,10800,6395,11083,7629,11137,8484,10123,8676,9991,10285,10921,13210,13991,16997,16971,27367,7703,21927,6593,13269,5565,13767,4480,10611,1778,7524,383,2107,5,460,0,0,0,0,20250203
202501,9호선2~3단계,석촌,5,0,2809,546,8474,2410,20894,4520,29795,11508,20859,10422,13143,8643,12386,9011,13504,10506,13663,11167,13001,11218,13485,12454,15078,13830,15883,19641,17852,29145,10651,23588,9713,15129,10220,11842,8389,12535,3622,6833,604,2014,6,17,0,0,0,0,20250203
202501,9호선2~3단계,석촌고분,4,0,2935,591,6123,2124,16511,4291,28221,13948,18888,9298,10897,5904,10166,6374,10777,7690,10183,8096,8853,8356,9507,9636,9529,11200,11870,15658,14960,25026,7232,18694,5645,12393,4846,10565,3973,10527,1371,6040,275,2366,1,22,0,0,0,0,20250203
202501,9호선2~3단계,선정릉,4,0,956,933,3540,6133,7443,17709,9200,53607,7730,44332,6887,18991,7985,11828,10449,10934,10818,12519,11812,10859,13654,9964,17092,10001,29786,11886,48727,13594,25965,9882,13381,6933,11400,6868,8774,5937,3283,3789,603,1184,3,32,0,0,0,0,20250203
202501,9호선2~3단계,송파나루,2,0,1856,271,4147,1397,11427,3789,18554,11550,12269,8122,7240,5600,6573,6772,7486,8484,7871,8371,7569,8208,7954,9503,8245,10714,9692,15886,13721,22993,7972,16972,7502,9421,7956,6970,6412,6641,2508,3606,462,1293,3,9,0,2,0,0,20250203
202501,9호선2~3단계,언주,1,0,1230,918,2832,6889,6021,21856,8978,64161,8580,48129,8984,21491,10679,12888,12441,10817,13204,13982,14638,12554,17509,10592,22003,11380,41228,12467,55768,14288,27450,9794,16041,6537,12098,6687,8626,4854,3173,3161,672,1080,5,65,0,0,0,0,20250203
202501,9호선2~3단계,올림픽공원(한국체대),0,0,1840,426,5973,2884,13605,5015,17703,11233,11780,7716,7838,7128,7850,8211,9273,9601,9509,14628,8869,14877,10393,17258,11323,20691,15875,21942,16254,24258,13604,16092,18594,9371,12268,9744,16086,8750,4713,5682,342,1722,1,30,0,0,0,0,20250203
202501,9호선2~3단계,종합운동장,3,1,1230,226,3515,1697,8683,4994,11806,10068,8107,8694,5689,5082,5737,5310,6189,5986,6787,6352,6563,6172,7074,6380,9048,7746,11395,11379,11194,16563,7070,11561,5840,6646,7062,6167,5191,5679,2293,3018,426,904,5,38,0,4,0,0,20250203
202501,9호선2~3단계,중앙보훈병원,0,0,4115,529,18029,4997,42712,10498,44172,20257,28149,13265,20143,14024,19103,9274,17938,11517,14240,13241,17230,13001,18204,12049,16863,12891,19725,20832,14939,35524,6557,27953,4904,17021,3789,14673,2752,15959,991,7413,139,2359,2,162,0,2,0,0,20250203
202501,9호선2~3단계,한성백제,4,0,1061,222,3060,1029,7118,2278,10540,7055,6247,4531,3785,3126,3644,2939,4119,3140,4380,3820,4239,3198,4254,3500,5094,4198,6086,5523,7922,8654,3356,6706,2659,3754,2432,4005,1806,2876,669,2325,126,707,2,9,0,0,0,0,20250203
202501,경강선,경기광주,0,0,2609,291,13591,2128,33442,4488,33314,7082,17014,4054,13593,4523,11720,5002,11004,6321,10101,7160,8754,8373,8369,9954,9309,13784,9098,18926,7926,29824,3829,27020,2719,16874,2373,13288,1537,9283,495,5079,48,103,0,0,0,0,0,0,20250203
202501,경강선,곤지암,3,0,881,178,2351,1824,5787,4236,5471,5272,4350,2298,3528,2834,4895,3192,4714,3208,3710,3264,3312,3378,3853,3577,4140,4094,6463,4864,5776,5689,2893,4251,1884,3463,1023,2873,590,2609,238,1600,23,348,0,0,0,0,0,0,20250203
202501,경강선,부발,1,0,963,47,2860,1450,6024,5280,5063,4263,4494,2059,3999,1900,4381,1896,3901,2525,3691,2498,3362,2523,3836,2989,4488,3998,6238,4826,4584,5568,2466,4375,2071,4262,1123,4179,675,3147,429,3016,13,1188,0,0,0,0,0,0,20250203
202501,경강선,삼동,1,0,1524,47,4574,1088,10566,1792,10977,1940,6588,968,4224,1081,3416,1299,3325,1824,2854,1725,2242,2368,2259,3325,2417,4566,3198,7068,2459,8265,1156,8071,766,4727,610,4301,432,3042,92,1608,10,59,0,0,0,0,0,0,20250203
202501,경강선,성남,0,0,241,17,1198,693,3770,1185,4045,1513,2074,870,1846,759,1687,969,1593,1165,1475,1292,1215,1296,1772,1611,1905,1845,2020,2776,1727,3983,997,2297,921,1755,782,1445,658,1062,262,596,19,107,0,0,0,0,0,0,20250203
202501,경강선,세종대왕릉,2,0,170,0,452,71,813,472,792,472,750,307,767,333,657,444,594,607,629,381,569,705,609,641,679,870,693,711,521,855,226,679,148,536,103,358,41,380,7,210,3,75,0,0,0,0,0,0,20250203
202501,경강선,신둔도예촌,0,0,657,26,2418,369,4696,2046,4143,2753,3070,1044,2707,925,2378,1351,2469,1317,2285,1309,1798,1558,1880,1838,2093,2468,3301,3161,2565,4158,1078,4186,813,2586,425,2175,187,2044,87,1033,0,263,0,0,0,0,0,0,20250203
202501,경강선,여주,9,0,1885,7,4474,531,7525,2032,6702,2564,6167,3022,6186,2584,5718,3846,5404,3648,5270,3629,5620,4478,5020,4879,4730,5638,4421,7018,4026,8002,2231,7259,1748,6407,1180,3056,710,5083,185,2803,1,1220,0,0,0,0,0,0,20250203
202501,경강선,이매,9,1,545,44,1341,747,2944,1581,2554,2451,1462,1331,1248,1162,1495,903,1572,1152,1425,1427,1376,1234,1500,1316,1762,1390,1905,1845,1974,2495,1223,1412,1047,1077,1007,859,1032,654,334,408,18,76,0,0,0,0,0,0,20250203
202501,경강선,이천,10,0,783,66,2811,1550,6616,4490,5976,7291,5341,3648,5749,3755,5476,3850,5384,4933,5192,4567,5169,4777,5244,4976,5902,6086,6470,6583,6864,8323,3692,7148,2881,5950,2317,3816,1190,2909,605,1903,14,755,0,0,0,0,0,0,20250203
202501,경강선,초월,1,0,1748,109,6387,1498,14127,3415,15925,4467,7544,1819,6027,2102,5828,2069,5178,2823,4696,2883,4153,3688,3858,4520,4320,5847,5030,7538,4564,12698,1986,10039,1595,7161,1151,6426,590,5563,241,3798,24,65,0,0,0,0,0,0,20250203
202501,경강선,판교,1,2,679,23,2119,6843,3528,17811,5120,30720,2236,17423,2551,11011,3056,8674,7539,8635,4865,5423,6491,5745,9013,5205,13652,6535,18949,6759,22815,6023,16153,3598,14731,2080,12560,2112,5824,1001,1677,696,1,232,0,0,0,0,0,0,20250203
202501,경부선,가산디지털단지,883,9,5232,2078,6633,10754,13071,51254,15343,136109,10748,66283,10011,22005,11992,15967,14108,16593,16046,17350,17542,16493,21371,16739,30054,18454,72126,22005,98786,25747,40878,19014,24316,12299,19477,11596,12792,10580,5283,6051,175,1041,0,0,0,0,0,0,20250203
202501,경부선,관악,105,2,6453,1122,11093,3509,26201,5676,22987,9759,12823,8896,10079,8171,9094,6741,11084,6784,10705,6849,9484,7723,9401,8842,10257,11564,10228,15521,9259,23913,5526,18155,3967,10507,3373,10141,2147,8519,888,6085,55,569,0,0,0,0,0,0,20250203
202501,경부선,광명,0,0,14,1400,3003,3155,9082,6138,8733,7189,5729,5926,4217,3803,7868,2480,5732,7969,5359,355,3636,8488,6564,3803,7981,5114,9517,6822,9813,11122,7914,6396,2761,4308,7128,2909,2459,4110,976,59,2,1,0,0,0,0,0,0,20250203
202501,경부선,구로,8212,42,15609,3414,15335,12229,29615,25914,30445,57040,23029,33399,19397,25839,20530,25051,21951,22855,23838,23885,25340,22579,29072,25275,32208,27232,46724,32758,47269,34956,21917,25264,18750,17829,15584,17247,9693,14398,4237,11085,62,9559,0,37,0,0,0,0,20250203
202501,경부선,군포,12,0,4254,2097,7166,9093,15081,27968,14034,33474,8372,7500,6907,4409,7368,4396,7598,4835,7300,5387,6769,5605,7674,6929,9758,7043,21656,9766,28541,11962,9379,10843,7174,6890,3742,5694,2243,5048,1012,3070,55,542,0,0,0,0,0,0,20250203
202501,경부선,금정,419,8,19976,4147,33051,18524,74935,41054,74279,79798,46309,31747,35587,22178,34225,24358,36505,26057,34670,28555,32953,29553,34933,38041,40348,44198,61747,60153,68259,82084,33333,66857,26298,42448,20814,39576,14670,32536,7121,21935,516,8762,0,0,0,0,0,0,20250203
202501,경부선,금천구청,337,6,8811,1080,14477,4995,34197,12551,32659,25181,19922,10081,14966,8328,14980,9363,15041,11062,14472,12538,13441,12241,13075,15887,14322,19941,15470,25953,23730,38082,9067,27373,7042,14053,5708,14832,3774,11757,1252,7333,70,639,0,0,0,0,0,0,20250203
202501,경부선,남영,88,9,2283,1422,4086,6897,10673,16004,16858,37204,10578,22068,8358,10706,9289,9627,11034,10542,11142,11325,11876,11307,12716,12501,17338,13917,24190,16819,33711,22671,14798,14448,11930,9700,12024,8550,9986,7636,4357,4374,210,1072,1,17,0,0,0,0,20250203
202501,경부선,노량진,249,6,3810,1586,6302,4993,14697,7849,20763,14571,12141,10611,10055,9712,12485,13035,13746,14025,15343,13879,16184,13393,15977,15584,17104,20425,18882,27848,18007,40077,14085,22009,14343,12386,15345,10589,15728,8646,5588,6115,353,1169,1,8,0,0,0,0,20250203
202501,경부선,당정,19,0,3592,724,9677,2522,20577,7581,17000,11799,10743,5228,7748,3740,7766,4199,8610,4331,7809,5027,7063,5301,7477,6713,7472,8327,9336,11661,11270,17282,4841,15189,3639,10040,2827,8042,2306,8389,946,5348,69,960,0,0,0,0,0,0,20250203
202501,경부선,대방,368,5,4040,1836,7624,7547,19550,27763,25034,37618,14737,17587,11924,9977,12147,9598,12964,10801,13376,12008,13541,10904,14057,12683,14530,15464,25175,20667,32358,29208,12076,17957,8939,13078,7476,12282,5143,10835,1597,6612,86,1387,1,26,0,0,0,0,20250203
202501,경부선,독산,435,6,6723,2026,15474,12325,39882,38913,37618,79080,20834,35536,16844,13570,16935,11426,17951,12819,17878,13849,17370,12151,18723,16113,28244,18286,50314,24192,56910,39925,24545,31667,14656,18909,10294,18648,6468,17089,2182,9579,99,756,0,0,0,0,0,0,20250203
202501,경부선,두정,781,8,4704,1322,8782,3718,13607,6206,12675,8897,12109,9652,10887,7852,10662,8842,11273,9757,10893,11689,11047,9855,11994,9428,12142,13339,13991,14860,14304,19360,8410,14299,6296,11528,5454,8516,3948,9150,2339,7018,53,2061,0,0,0,0,0,0,20250203
202501,경부선,명학,91,8,5560,1607,9053,6521,20770,21497,17395,41888,9838,11342,7919,6813,7831,5036,8906,6287,9317,7255,8419,6324,9238,7054,11889,7954,21573,10865,30634,16952,9218,15032,8121,8450,5040,7174,3125,6860,1351,5173,105,995,0,0,0,0,0,0,20250203
202501,경부선,병점,3021,26,7149,2677,24423,10454,40190,17914,32483,20890,24063,12780,23561,10645,23409,13295,24895,13738,21875,15657,20846,18446,22963,21886,24079,26307,28832,35055,27166,44871,15139,37105,12184,28321,10017,21942,7163,21683,2506,14292,33,6380,0,0,0,0,0,0,20250203
202501,경부선,서동탄,1,0,1284,3,4816,522,9148,1229,2902,1097,2395,829,1893,658,2071,1035,1827,977,1663,1131,1566,1238,1825,1941,1550,2206,1706,2601,1827,4755,725,5223,687,2401,389,1651,309,2220,120,1303,4,986,0,0,0,0,0,0,20250203
202501,경부선,서울역,10,2,72,558,190,4573,9827,7409,19452,8582,16369,7213,15911,6366,18938,4191,18583,6403,18118,5631,9229,5657,20676,6704,18919,7101,21508,9707,23751,10622,22666,7623,16714,5189,19980,4252,16222,3245,7851,704,1723,72,63,0,0,0,0,0,20250203
202501,경부선,서정리,62,1,4151,3445,10461,6061,13534,12019,13085,14659,12287,7238,12388,6658,12429,7224,13665,9040,11697,10822,12214,10278,14069,12064,16575,16869,25643,17789,17289,17724,10112,17034,7452,12749,6333,10092,3947,9898,2216,7389,90,677,0,0,0,0,0,0,20250203
202501,경부선,석수,164,0,6034,1959,12646,4865,27656,8912,26464,11080,14990,8632,12128,7126,10855,5491,11493,6389,11042,7311,10267,7968,10994,9863,11700,11797,14009,16791,12386,25849,7240,20588,5115,12561,4043,12138,2629,10615,975,6153,48,492,0,0,0,0,0,0,20250203
202501,경부선,성균관대,172,5,7701,2081,24300,6203,57508,7952,47194,16999,24248,12949,20177,11547,18596,13386,19852,13922,18368,16382,17801,15942,18845,20202,20781,24540,23149,35348,21565,55019,13804,42149,11048,27264,10136,22847,8179,19909,3903,14373,281,2320,0,0,0,0,0,0,20250203
202501,경부선,성환,12,0,1866,563,2816,2195,4873,8819,5879,8553,6662,5005,6879,4376,6223,4321,6505,6179,10246,5808,7407,5285,6920,6036,9335,6384,13053,8122,8590,7144,3484,5884,2744,5420,1581,4577,945,4963,566,4086,74,896,0,0,0,0,0,0,20250203
202501,경부선,세류,439,4,3433,658,8184,2702,14901,3422,8921,3802,5296,2654,4925,2748,4676,3166,4664,3226,4314,3305,4000,3642,4334,4188,5519,5466,6678,7078,5005,11694,2941,8952,2371,7072,1991,6903,1054,4282,402,2652,7,869,0,0,0,0,0,0,20250203
202501,경부선,세마,188,2,1969,1116,5681,3120,8001,4145,7479,8542,6013,2101,4706,1915,4396,2441,4574,2421,5091,3131,4519,3210,4859,2987,6171,5789,6800,6426,7523,8479,2930,7334,1893,5403,1609,4505,1128,4288,505,2152,51,201,0,0,0,0,0,0,20250203
202501,경부선,송탄,59,1,4601,733,6757,2773,10545,4725,9556,6066,8447,3810,7502,3663,7646,4577,7884,4775,7649,5763,6692,6276,7335,7090,7441,8552,7983,10633,8853,11352,4909,11480,3435,8719,3006,8008,1723,5994,770,5577,54,471,0,0,0,0,0,0,20250203
202501,경부선,수원,1727,84,18078,4010,31727,26659,62563,43024,54473,57029,42059,58456,43508,63031,49872,70692,54914,82227,59373,78534,60982,78945,73336,80837,86900,85652,85748,92809,95628,118520,74029,82125,80270,49696,61262,38871,54410,29799,21672,20228,724,6492,0,0,0,0,0,0,20250203
202501,경부선,신길,608,5,7476,1094,8984,3674,19534,15409,28157,25209,15948,9667,10756,6533,9306,6326,11482,7360,10833,7962,10036,8180,9968,9526,11253,11260,17149,14593,24614,20161,9162,13952,6662,10494,5642,10759,4296,8780,1585,5492,98,1504,0,20,0,0,0,0,20250203
202501,경부선,신도림,324,5,1460,729,2748,2459,6842,5877,8531,12487,5420,6550,4167,4549,4233,4699,4467,5104,4704,5766,4741,5316,5164,6183,6101,6754,9548,9012,11974,11468,5832,6578,5279,4056,4392,3847,3777,3006,1635,1973,59,1020,0,2,0,0,0,0,20250203
202501,경부선,안양,284,9,12897,2029,30233,9451,72016,15102,60980,26602,35232,20314,28363,19675,28546,24880,30657,26072,30702,31267,30053,28053,31746,35186,34593,38938,33552,51389,31340,75387,20335,55985,16933,34186,15697,27332,12461,21704,5872,16139,312,2421,0,0,0,0,0,0,20250203
202501,경부선,영등포,3001,116,12659,5696,14293,20740,33698,48361,49664,107912,36774,82943,37655,70130,44676,78386,54693,87333,59266,91809,60424,82328,86816,78952,99624,79304,112455,85222,147926,99022,87877,61959,89429,36211,69167,28315,54089,22750,22518,13069,734,3574,1,27,0,0,0,0,20250203
202501,경부선,오산,258,2,6243,1539,13357,8211,20375,22137,20755,16636,16773,11067,17896,11076,17621,10598,18993,13462,17305,14496,16742,14877,16871,17957,19526,21100,22243,24028,23532,27738,13492,22372,10355,17025,7457,13133,4437,9748,2132,7716,131,565,0,0,0,0,0,0,20250203
202501,경부선,오산대,161,0,2967,850,6256,2121,10367,3649,8389,5757,5632,2358,5117,2638,4904,2919,4935,3026,5291,3991,4658,4039,4616,3857,5305,5829,6362,7570,7856,11793,3280,8767,2830,5666,2703,4880,1811,4197,973,2582,101,212,0,0,0,0,0,0,20250203
202501,경부선,용산,287,7,3813,4999,5090,30403,18854,71438,28988,129797,34331,105651,36382,83428,51725,78930,53679,87561,66798,89104,56683,87137,102865,87254,107956,87617,126508,92000,150859,87524,103579,59824,106135,40047,103094,25995,65975,13259,25368,6266,1452,1908,48,30,0,0,0,0,20250203
202501,경부선,의왕,71,2,5659,1869,11208,7463,23920,25909,22306,24038,12257,9224,9862,5740,10238,6455,10918,6615,10117,8116,9940,7390,10433,10049,13928,12619,23938,15998,21383,24128,9954,17342,7290,12052,5439,9962,3349,8686,1614,6217,110,1121,0,0,0,0,0,0,20250203
202501,경부선,직산,29,3,741,286,1529,1042,1743,2789,1778,2966,1794,907,1589,974,1672,876,1455,1100,1509,1207,1344,1227,1679,1256,1495,1659,3483,2006,3078,2294,1035,2010,789,1235,616,1173,287,1041,149,897,33,129,0,0,0,0,0,0,20250203
202501,경부선,진위,65,2,706,321,1357,2399,2234,6925,2003,6077,1760,2302,1837,1756,1752,1044,1700,1061,1946,1182,1947,1237,3136,1560,3045,1680,6454,1938,6703,2241,2592,2100,1194,1406,797,1221,467,970,197,727,9,48,0,0,0,0,0,0,20250203
202501,경부선,천안,1275,5,2467,582,5105,2794,8478,4905,8573,9259,12934,10431,11505,9876,13416,12577,12547,13804,12959,14266,15526,13206,13643,14046,14030,13847,13824,17276,12672,15926,9037,10345,7208,8085,5222,5818,3170,4716,1938,2737,20,2058,0,0,0,0,0,0,20250203
202501,경부선,평택,67,1,6721,2583,11595,7640,20148,12303,19953,19542,21301,18412,23022,15988,21916,21001,22474,23539,24335,22843,24169,25061,24631,25387,27080,29191,29168,30487,26000,35197,19528,22269,19112,20302,13053,13856,12111,11660,6335,6118,93,2060,0,0,0,0,0,0,20250203
202501,경부선,평택지제,6,2,2268,4715,4523,7702,8448,10016,7359,6317,5641,4837,5822,3516,5775,4132,6886,4452,4874,4441,5235,4657,7344,5949,7691,6557,13696,8236,9067,9281,6964,8146,4962,5874,4236,5356,4659,4941,2319,3156,43,271,0,0,0,0,0,0,20250203
202501,경부선,화서,289,15,7485,916,21145,3473,39088,5451,29232,11354,13790,12175,11737,12066,12187,18853,12782,21457,14246,24827,17074,23034,21158,23065,25448,22404,25696,26861,24817,41054,18427,29578,14907,17087,13630,12687,11026,11393,1800,7741,90,1254,0,0,0,0,0,0,20250203
202501,경원선,가능,356,2,6751,1044,9621,2979,19432,6041,18411,9734,10833,6137,10666,5755,10232,6894,10824,7350,9703,8448,8394,7209,8853,9186,9040,10771,10074,13193,8361,16894,4885,16918,4323,10820,3411,7613,2309,7534,1039,4554,210,1856,0,0,0,0,0,0,20250203
202501,경원선,광운대,1929,5,5328,1021,12006,2592,25932,3985,24962,8779,14300,7931,11313,7116,11424,7516,11992,8640,11747,9756,10628,9972,11106,13070,11675,14067,10683,15846,10224,22953,5970,18687,4620,12386,4948,10546,3176,9729,1600,8098,131,4389,0,27,0,0,0,0,20250203
202501,경원선,녹양,309,2,4579,715,6469,1742,12575,3554,12038,5671,7616,3822,7218,3296,6999,4485,7919,4761,6849,5084,5894,5017,6436,6375,6175,7342,6249,9088,6534,11362,3074,10657,2410,7450,1755,5391,1288,5800,601,3470,88,1268,0,0,0,0,0,0,20250203
202501,경원선,녹천,1213,58,3750,698,6989,1214,16552,2726,15009,3871,8566,2276,7393,3108,6400,3187,7655,3917,6204,4262,5099,4926,5278,5780,5284,7084,5398,8271,4183,12843,2736,10040,1655,6254,1683,5753,996,5252,391,3145,29,802,0,6,0,0,0,0,20250203
202501,경원선,덕계,33,0,5377,481,13585,2645,23424,3528,21477,6038,11921,4530,10306,3200,9011,3949,8821,5056,7860,5428,6964,5765,6628,7532,7612,9969,6759,13728,6042,20193,3621,16575,2798,11786,2240,9878,1850,7320,976,5490,180,2098,0,0,0,0,0,0,20250203
202501,경원선,덕정,3,0,3897,890,8580,4445,16660,6510,16413,10033,10745,6118,9763,4556,9177,4970,8992,5916,11397,7616,8203,7321,8319,8426,8082,9257,9482,11789,10348,15056,4665,12808,2997,8476,2416,9011,1924,5552,1018,4448,291,2047,0,0,0,0,0,0,20250203
202501,경원선,도봉,165,3,5330,1150,8482,2886,14959,3286,15226,9819,11434,6638,10230,6453,9816,6730,10039,8018,10171,8160,9615,8695,9489,10096,9135,11175,9197,12464,9557,14260,3883,12195,3044,7588,2457,6664,1609,6177,793,3439,157,1321,0,7,0,0,0,0,20250203
202501,경원선,도봉산,199,4,5845,861,7804,2092,16520,3031,17423,4837,12821,8205,11592,10882,11836,11316,13811,12567,16626,10470,17986,9240,18923,9138,17154,8896,13646,8261,10152,8975,6045,7189,3928,4917,2828,4331,1947,3895,929,2509,136,1079,1,2,0,0,0,0,20250203
202501,경원선,동두천,25,0,971,404,1955,1411,3215,3622,3670,2649,3329,1913,3272,1692,3263,1886,3118,2527,3491,2287,2879,2838,3164,2544,3023,2677,2929,3309,2756,3381,1498,2805,826,2325,504,2249,352,1191,124,1457,11,613,0,0,0,0,0,0,20250203
202501,경원선,동두천중앙,12,0,1944,364,3605,1441,6491,2689,6490,7386,5356,3260,5553,3926,5068,4374,5947,3822,5368,4501,4860,5326,4956,4875,4710,4654,4783,5743,5231,5857,2376,4671,1722,3694,1465,2794,806,2497,356,1850,21,948,0,0,0,0,0,0,20250203
202501,경원선,망월사,423,14,6332,943,10990,2788,21858,4003,20692,9909,14639,8183,12688,7333,12459,7996,13558,9631,13111,9342,11222,10086,10570,12056,10273,15188,10092,16789,8229,21707,4570,19389,3790,11732,2872,10415,2327,8780,1056,5518,224,2844,0,9,0,0,0,0,20250203
202501,경원선,방학,361,7,10038,1789,12927,5938,26577,7609,24801,17618,18037,9878,15838,10789,15300,10168,17573,11841,15684,12514,14818,14825,14203,17127,14774,19142,15373,20900,16141,26775,9181,22006,6577,13074,5622,11488,3918,10203,1901,6007,343,2030,0,11,0,0,0,0,20250203
202501,경원선,보산,22,0,1345,368,1533,1139,2732,1753,3249,2196,2823,1402,2815,1468,2572,1618,2651,1346,2329,1963,2590,2192,2701,2619,3511,2858,3448,3233,2670,3712,1487,3686,1133,2969,760,1763,422,1402,211,1200,11,601,0,0,0,0,0,0,20250203
202501,경원선,서빙고,43,0,909,500,2112,3628,2468,3546,3075,7927,2915,3122,2951,2895,2705,2258,3395,2352,3659,3563,3297,2840,3901,3836,5565,3368,7545,2960,6333,3635,2440,2816,1678,1583,1502,1680,841,1432,289,886,19,221,0,0,0,0,0,0,20250203
202501,경원선,석계,1097,9,4308,1293,8461,3666,17210,4005,19474,6758,13710,5798,12522,6124,12407,7879,12812,8639,12748,9940,11444,11162,10758,14851,11222,17988,10127,21198,8848,29523,6502,20348,5506,14620,5187,12418,4096,10607,2266,6724,140,1760,1,31,0,0,0,0,20250203
202501,경원선,소요산,117,1,345,248,294,528,1095,831,1953,1438,1759,2029,2070,4024,2631,5752,3741,6214,5667,5338,6587,4993,6990,3360,5090,2403,2942,1785,1673,1446,509,1123,454,991,195,655,135,499,61,416,5,264,0,0,0,0,0,0,20250203
202501,경원선,신이문,1386,4,7161,1077,11918,2579,26946,3830,31925,6948,19503,4631,14524,5494,13113,6933,13158,8184,13203,8963,11299,9834,10734,14154,9673,16210,9307,19028,8085,26811,5199,19597,3405,14029,2630,12459,1953,11764,866,6839,77,1803,0,11,0,0,0,0,20250203
202501,경원선,양주,1766,8,4945,1165,9118,4202,23838,8432,19079,8487,15153,6262,13990,5594,13215,6598,12637,8193,12300,8759,10201,9907,10339,10621,10164,11359,10269,16003,10975,19567,5311,17796,3450,13997,2404,9655,1628,9600,780,4984,74,2600,0,0,0,0,0,0,20250203
202501,경원선,연천,1,0,212,2,576,211,933,441,3082,2179,2347,1251,1675,1800,1604,2542,2233,2654,2588,2599,3063,2172,2702,1645,2348,1806,1585,1939,1509,1754,492,1594,397,931,168,547,129,417,43,291,1,257,0,0,0,0,0,0,20250203
202501,경원선,옥수,0,0,1,28,2,30,18,11,154,226,31,23,33,220,28,199,24,91,18,24,18,17,26,14,475,63,377,35,54,39,337,10,40,20,44,10,10,11,5,0,1,0,0,0,0,0,0,0,20250203
202501,경원선,왕십리(성동구청),774,8,4864,1248,7133,5718,22362,9852,35953,16720,24338,16098,15707,17194,17475,21047,21173,23307,24068,24085,25577,25640,28154,28255,31879,33036,33659,43149,32014,60277,26107,41114,26365,25607,27495,20919,24892,18801,10840,9778,1097,3530,1,4,1,19,0,0,20250203
202501,경원선,외대앞,343,12,3803,2687,6299,9518,15597,5300,20191,13488,12870,9505,10979,8681,12316,9559,13559,11879,14054,10759,14763,10647,19461,12170,19594,13955,18112,16131,12922,20453,8852,16020,6922,12029,6335,11586,4892,12602,2652,8980,176,2481,0,19,0,0,0,0,20250203
202501,경원선,월계,846,4,4296,1368,8014,2002,19929,3977,19328,7548,13115,5603,11083,4931,10701,5532,11015,6651,10682,7211,9392,7866,8525,9501,9595,11620,7923,12933,7009,20107,4371,13793,2963,9131,2413,8006,1872,7391,777,4740,76,1052,0,14,0,0,0,0,20250203
202501,경원선,응봉,91,0,1057,192,2541,1159,5325,1185,6244,1366,4071,1302,3404,1150,2887,1241,2518,1757,2439,1806,2432,2169,2407,2467,2548,3321,2504,3788,2167,4693,1226,3828,882,2568,573,2053,398,1733,172,1193,20,348,0,0,0,0,0,0,20250203
202501,경원선,의정부,2632,4,8948,2264,25245,6618,39919,10758,41343,30431,25450,31972,23266,25702,25736,29021,28984,32054,31553,37434,32963,33664,35884,32852,36917,34819,38880,39955,40546,50585,24905,46089,24221,27909,16533,22672,13422,18599,7285,14365,1224,8131,0,47,0,0,0,0,20250203
202501,경원선,이촌(국립중앙박물관),40,0,1067,522,3109,2303,7287,3677,8571,7373,6812,4251,6050,3735,6215,3868,6142,3741,6926,4476,6061,4394,7047,4934,7854,5437,9136,6201,8104,7741,4243,5689,3777,4259,3070,3721,1719,3496,512,2199,34,632,0,0,0,0,0,0,20250203
202501,경원선,전곡,2,0,429,6,835,323,2208,490,4117,1350,2960,1089,2635,1175,2472,1399,2451,1959,2466,1920,2257,1999,2060,1826,2230,2584,1856,3132,1684,3311,1114,2975,966,1373,591,1253,372,1075,260,850,17,556,0,0,0,0,0,0,20250203
202501,경원선,지행,65,1,4116,816,8484,2332,15915,4453,16707,9320,12618,6347,11469,6305,10396,6957,10803,7001,10185,8346,9658,10704,9614,11664,9415,11678,9541,15769,9841,18343,6846,15043,5498,11308,4648,9169,2970,7593,2017,5492,229,3400,0,0,0,0,0,0,20250203
202501,경원선,창동,0,0,0,0,0,0,2,0,8,0,7,0,8,0,11,0,12,0,9,0,8,0,3,0,7,0,9,0,7,0,3,0,1,0,0,0,1,0,3,0,0,0,0,0,0,0,0,0,20250203
202501,경원선,청량리(서울시립대입구),1033,15,4286,1827,6635,11946,23821,13543,36316,19565,25901,29147,34025,29701,31081,41053,31144,33695,33925,35199,35286,40527,38625,35410,37921,39141,36717,38319,35356,48863,28465,33899,24711,19171,16503,17871,9990,11740,5793,6238,234,2949,0,0,0,0,0,0,20250203
202501,경원선,청산,0,0,52,1,117,140,525,133,431,161,249,124,309,137,291,190,284,175,256,199,265,178,249,225,313,280,352,246,213,255,75,260,63,132,33,120,14,78,13,67,0,58,0,0,0,0,0,0,20250203
202501,경원선,한남,85,1,902,566,1526,4299,2840,9779,3040,12727,3728,9774,3895,6398,4645,5258,5619,5322,5503,6387,6591,5708,8800,6520,10060,6125,16488,6627,15301,6482,8429,4551,7601,2415,7432,2150,6089,1351,2066,873,102,320,0,0,0,0,0,0,20250203
202501,경원선,회룡,1511,16,12273,2066,23679,5428,45859,7195,41264,10931,26892,10411,23717,10076,22894,12411,22869,14792,20270,16165,18034,18220,16261,21428,15123,25667,14267,31160,11909,40214,7025,37234,5588,21690,4717,18351,3491,14871,1359,9399,299,4437,0,17,0,0,0,0,20250203
202501,경의선,가좌,10,1,2795,299,6320,2785,17654,3124,21968,9809,11207,6552,8683,5284,9191,5545,8781,7211,7990,7903,7887,7403,8267,8130,8632,10362,8717,14134,8490,18448,4797,14373,3314,9173,2869,6803,2163,5118,850,4373,22,526,3,22,0,0,0,0,20250203
202501,경의선,강매,0,0,1870,204,5885,715,15257,959,14624,2540,7121,1172,5110,1325,4447,1454,4339,1778,3759,2162,3111,2587,2816,3627,2960,4530,2622,6242,3120,10442,1078,9236,827,6015,737,5333,458,4794,210,2854,3,1013,0,2,0,0,0,0,20250203
202501,경의선,검암,0,0,0,0,0,0,0,0,1,0,1,0,0,0,1,0,0,0,1,0,0,0,0,0,0,0,1,0,1,0,0,0,0,0,0,0,0,0,0,0,0,0,0,0,0,0,0,0,20250203
202501,경의선,계양,0,0,0,0,0,0,0,0,0,0,0,0,0,0,1,0,0,0,1,0,1,0,0,0,0,0,1,0,0,0,0,0,0,0,0,0,0,0,0,0,0,0,0,0,0,0,0,0,20250203
202501,경의선,곡산,39,0,206,138,649,528,1255,1255,1043,2165,933,779,824,677,744,638,680,755,755,725,1022,712,1042,773,918,891,1570,1094,1653,1353,530,802,312,548,313,556,211,429,88,271,7,75,0,4,0,0,0,0,20250203
202501,경의선,공덕,13,2,700,57,1512,1915,3434,6044,4593,16853,4413,7317,5164,3478,5651,3536,5535,3607,5562,3753,5685,3694,5762,4008,6915,4510,10739,5942,14977,6421,7334,4316,6356,3563,6262,3106,5265,2694,2401,1663,145,259,1,12,0,0,0,0,20250203
202501,경의선,금릉,41,0,2979,185,9015,2271,14758,4742,11583,9370,8436,5265,7637,4009,8009,4497,8044,4494,7653,5904,6547,6344,7000,7521,7760,8926,9354,10426,10101,13026,5077,13017,3769,8027,2909,6935,2298,6551,472,4697,56,1472,2,7,0,2,0,0,20250203
202501,경의선,금촌,89,0,3176,268,7764,3806,15126,7412,14841,13146,10861,7602,9838,7156,11152,7394,11256,9240,11352,9773,10355,9052,11020,10620,12080,11845,12427,13748,14791,15926,7042,13793,5057,9925,3981,7843,2658,6705,551,5407,98,1703,2,13,0,5,0,0,20250203
202501,경의선,김포공항,0,0,0,0,0,0,0,0,0,0,0,0,0,0,0,0,0,0,0,0,1,0,0,0,0,0,0,0,0,0,0,0,0,0,0,0,0,0,0,0,0,0,0,0,0,0,0,0,20250203
202501,경의선,능곡,112,1,3427,506,7679,1459,16614,2452,15163,5411,8637,3716,7082,3706,6356,3989,6521,4673,6175,4679,6018,5235,5583,5921,6070,7836,6402,9493,6013,14043,3032,11855,2318,7314,1964,6789,1248,5971,573,3916,62,2116,0,17,0,0,0,0,20250203
202501,경의선,디지털미디어시티,8,0,939,402,2962,1281,7444,1516,8617,3615,4812,2765,4039,1940,3694,2188,4026,2311,3806,2956,3667,2784,3823,3244,4365,3983,4762,6322,4799,8805,2534,6929,1937,4284,1558,3923,1203,3411,681,2404,37,328,2,4,0,0,0,0,20250203
202501,경의선,문산,1020,1,2697,24,6948,1885,13432,6221,15086,10377,10725,4435,8728,5717,9118,6520,9891,7189,9230,8193,9465,6348,9204,10033,8894,9909,10850,11811,10270,12331,4698,14483,3619,8975,2680,7093,1854,6517,136,4807,5,2671,2,10,0,11,0,0,20250203
202501,경의선,백마,186,1,4471,764,13316,5277,27722,5708,20967,8903,11713,5932,10104,4727,10244,4621,9869,5700,9769,7281,8747,7281,9341,8466,10926,10472,11861,13909,10021,24795,4428,21671,3515,12904,3002,12003,2754,10911,740,7400,58,1405,4,19,0,0,0,0,20250203
202501,경의선,서강대,1,1,413,158,1236,1290,2299,1720,3444,6701,2606,4858,2342,2897,2560,2730,2892,3250,3352,3020,3497,3070,3624,3212,3980,3619,5862,3628,5237,3927,3200,2788,2876,2260,2776,2025,2451,1844,1014,1170,5,146,0,11,0,0,0,0,20250203
202501,경의선,서울역,0,0,650,14,864,5965,2073,17822,2442,25459,1626,14938,1266,5782,1578,3618,2163,3683,2910,4352,3174,3054,4761,2263,6837,3198,13024,3518,19444,4247,7550,2147,4507,1128,4086,1259,613,128,1435,696,55,118,1,13,0,0,0,0,20250203
202501,경의선,수색,15,1,1121,211,3112,2306,6509,4557,8453,13525,5238,6433,3483,3061,3280,2698,3486,2746,3233,3394,3248,3085,3579,3185,4663,4013,7734,6501,9990,6134,4346,6058,2424,3789,1916,3225,1462,2600,652,1940,8,368,0,1,0,0,0,0,20250203
202501,경의선,신촌,0,0,239,5,164,1035,412,3749,398,5517,502,3322,536,1443,645,948,858,1076,786,1675,786,982,1250,753,1623,893,4087,996,3898,1497,1811,733,937,563,910,295,710,113,389,245,7,74,0,3,0,0,0,0,20250203
202501,경의선,야당,21,0,5066,456,13460,2703,24191,4264,21088,8389,12828,7546,10694,6013,10791,7061,11723,8472,11041,8709,9837,11971,10384,11957,11187,16603,11553,22046,10488,32403,8422,26108,8778,13651,9286,13431,9188,9818,5067,7602,1142,2208,36,24,0,0,0,0,20250203
202501,경의선,운정,26,0,3903,679,13991,7644,22365,5936,20821,9277,12017,5729,10140,4388,9908,5208,9750,6286,9255,5328,8103,8078,8761,8059,11544,12255,12312,13947,10168,20342,5066,16965,3934,10218,2970,9432,2536,7921,743,5418,131,1316,2,13,0,5,0,0,20250203
202501,경의선,운천,0,0,0,0,0,0,0,0,0,0,57,32,15,7,7,0,0,0,0,0,0,0,6,12,22,0,34,45,0,0,0,0,0,0,0,0,0,0,0,0,0,0,0,0,0,0,0,0,20250203
202501,경의선,월롱,56,0,466,38,761,1873,1615,7062,1729,7267,1781,2104,1612,1374,1889,1419,2299,1555,2717,1318,2254,1383,3579,1821,4642,1735,6910,2246,8300,2149,2991,1870,2509,2045,1641,1921,556,1773,71,1206,10,556,0,4,0,0,0,0,20250203
202501,경의선,일산,1212,6,6949,681,21918,3287,42261,5866,30593,11341,18447,8471,15982,7749,15850,9840,16543,11149,15774,13131,14679,12973,14501,14715,15370,16792,13868,23808,13257,33749,7259,35176,5589,18070,4236,17646,3979,15556,1196,9633,177,3451,3,41,0,1,0,0,20250203
202501,경의선,임진강,0,0,0,0,0,0,0,0,0,0,36,263,35,142,2,2,3,2,2,2,8,5,110,69,82,8,322,43,0,0,0,0,0,0,0,0,0,0,0,0,0,0,0,0,0,0,0,0,20250203
202501,경의선,탄현,17,0,5523,386,16908,2511,29911,4754,22223,7663,14289,5112,11203,4615,11256,4962,11597,6313,10162,6586,9634,9185,9606,9772,10006,11819,9597,17397,10532,26122,5275,26380,4169,12876,3661,14920,2727,10586,1105,7480,162,2339,1,28,0,0,0,0,20250203
202501,경의선,파주,95,1,755,2,1059,469,2083,1745,3034,3205,1871,819,1765,1011,1676,1015,1673,1078,1960,1025,1658,972,1905,1379,2232,1495,3004,1572,3364,1948,1032,1748,635,1292,509,1034,162,965,34,740,5,438,0,0,0,0,0,0,20250203
202501,경의선,풍산,419,3,3341,444,9246,3369,20370,3914,17419,6395,11337,6397,9288,4971,9263,6846,9342,7134,9409,7727,9263,6914,9492,8523,9905,10440,10363,13163,8859,19121,5191,14979,4504,11448,4442,9198,2613,8342,842,5692,98,1398,2,16,0,0,0,0,20250203
202501,경의선,한국항공대,0,0,388,290,1130,910,3092,1479,3184,4350,2336,3672,1905,2411,2101,1815,2446,1926,2410,2083,2499,1972,2697,2071,4346,2069,4344,2623,3465,2975,1804,2343,1211,1586,1022,1488,821,1478,524,1140,43,368,0,1,0,0,0,0,20250203
202501,경의선,행신,2,1,3668,1333,11605,4053,30814,4381,26554,8968,13224,6985,10899,5479,11228,7192,11653,7540,8813,9268,8282,8256,7779,9709,11179,13692,12527,18337,9414,31998,5980,25262,6207,12330,6083,12143,5290,10282,2444,6048,107,1977,26,11,0,0,0,0,20250203
202501,경의선,홍대입구,14,0,343,178,678,458,1062,1429,1419,6215,1184,5241,1242,4157,1353,4311,2022,5976,2598,5759,3118,5780,3865,5563,4902,5801,6313,5778,6978,6365,5306,4015,5174,2693,5845,1929,5841,1663,2501,1104,59,207,4,1,0,0,0,0,20250203
202501,경의선,효창공원앞,6,0,720,215,1839,2433,4289,5322,7388,15486,4607,7831,3365,3642,3276,3287,3830,3431,3715,3509,3669,3731,4296,3994,5147,4687,7550,5918,12154,8271,4577,5502,3105,4052,2386,3991,1871,3498,899,2416,38,224,1,4,0,0,0,0,20250203
202501,경인선,간석,263,5,4799,1168,9453,2625,16529,3333,15178,7018,9840,4478,8847,4985,8674,5240,9474,6130,9061,7003,8088,7544,7846,8241,7902,10406,8343,12355,8574,15925,4201,14630,3723,9413,2984,7356,2292,6649,1097,4609,171,1640,1,6,0,0,0,0,20250203
202501,경인선,개봉,1092,4,15084,4574,31950,10658,74173,12027,71142,18708,43661,17904,33816,15536,31538,19717,32689,23413,31327,25329,27202,27681,27453,34619,28853,42529,28310,56075,26305,76406,17084,60530,14870,37392,12055,33302,9275,27355,4424,15854,75,1371,0,0,0,0,0,0,20250203
202501,경인선,구일,239,1,4019,1719,8463,5135,21254,5656,18366,8957,11262,7076,9277,6540,9333,8029,9842,11703,9322,16133,9396,20298,10324,25336,11914,27619,11962,23798,9516,25904,5167,17583,16578,9925,13902,9694,21638,7890,11854,5267,49,470,0,0,0,0,0,0,20250203
202501,경인선,도원,537,42,1775,553,3127,1790,5836,3892,5673,10302,4416,3040,4456,3918,4660,3508,5013,3722,5358,4224,4994,4241,5997,4587,5617,5033,5623,4983,6479,5580,2167,5169,1933,3534,1393,2867,796,2483,358,1811,30,1128,1,13,0,0,0,0,20250203
202501,경인선,도화,275,4,3695,728,5769,1697,12481,3378,10280,5819,7745,2846,6901,3503,6754,4021,6807,5022,6706,5067,6105,5308,5838,6130,5780,7873,5840,8336,6107,9934,2926,8891,2348,5444,1692,4724,1334,3998,616,3550,46,1591,0,11,0,0,0,0,20250203
202501,경인선,동암,340,4,17217,2545,24217,5903,47136,10590,45288,14167,28248,12815,24586,13341,23699,16432,25293,18195,23601,18433,21415,19445,20999,23867,21443,29258,22005,39016,19926,50347,12816,43843,10548,29032,9195,25662,6986,21481,3461,12994,373,4020,3,23,0,0,0,0,20250203
202501,경인선,동인천,1513,29,6111,2128,15040,8439,33607,17624,26527,23521,18999,14938,18499,15995,19931,18451,22388,19635,22185,21524,22121,20076,24620,21378,26315,22914,31514,24909,30881,30311,14576,28413,11572,17881,8929,14210,6198,13100,2450,8649,16,3008,0,11,0,0,0,0,20250203
202501,경인선,백운,109,23,7856,981,12826,2316,24014,3409,22700,7402,14061,5726,12300,5611,12007,7196,11964,7622,11296,8256,10017,9290,9266,10731,9374,13478,8912,16547,7878,22500,4425,20389,3602,12320,3156,11026,2320,9239,1032,5971,136,2112,0,15,0,0,0,0,20250203
202501,경인선,부개,1701,7,8996,1018,14252,2583,32042,4061,27074,7503,16827,6243,14021,6086,13472,7673,12977,8693,12860,8915,10686,11081,10057,12659,10543,16211,9814,19339,9559,26142,5562,22451,4104,14021,3193,12817,2210,10348,1268,7423,175,1881,0,14,0,0,0,0,20250203
202501,경인선,부천,2529,32,32915,3334,36334,9791,81516,14616,83344,32320,54567,34942,43512,38850,46412,40673,48662,50842,49894,54798,50150,51770,54071,57117,55596,61385,51849,80214,52921,98836,34202,78993,28028,50059,25037,44397,20809,36393,10527,24384,717,4527,0,21,0,0,0,0,20250203
202501,경인선,부평,7865,52,20765,3325,31521,8333,70970,15957,64765,29019,42566,34650,37526,34151,40184,40987,44469,48744,45148,55175,46280,58820,51521,55197,55289,66473,57778,76667,52122,105862,38327,83406,35636,49275,33563,41817,30031,32776,17910,21024,3049,6962,13,61,0,0,0,0,20250203
202501,경인선,소사,778,17,11114,1803,11235,4659,22510,5087,21143,7642,15409,6534,12700,6933,12503,7333,12659,8488,12165,9995,10867,9353,10484,11302,10714,13427,10213,16053,8924,21291,5738,16885,3928,11193,3053,10638,1999,9140,994,6224,56,1539,0,5,0,0,0,0,20250203
202501,경인선,송내,1299,15,13976,6601,33292,12759,86357,22553,71988,60277,41973,34868,32824,21013,36276,20314,34740,23270,32535,25130,30873,25962,31198,29613,34283,37264,41305,52918,61962,77208,25646,69094,19292,41956,16470,36635,12056,30166,5833,19443,548,3200,0,29,0,0,0,0,20250203
202501,경인선,역곡,707,5,24433,2193,38039,8178,92361,11274,88909,24734,53934,20664,38568,18136,36263,20451,37736,25610,35940,27138,30699,29861,30032,37684,30570,50092,31140,62949,29170,96583,18890,76934,14805,43883,12337,42427,9553,35339,4031,23517,238,2921,0,0,0,0,0,0,20250203
202501,경인선,오류동,362,4,10676,1295,15116,3916,37811,4786,38469,9713,24494,9618,19611,7878,18675,8821,19316,11533,17719,12596,15383,13889,15026,16858,14243,19934,13416,25366,11978,36928,7646,31864,5733,19748,4651,17913,3596,15464,1509,9888,48,1282,0,0,0,0,0,0,20250203
202501,경인선,온수(성공회대입구),125,4,5138,1374,6662,2710,17353,4743,16374,7972,11601,5404,9720,4880,9771,5137,11249,6605,10525,6857,8837,7405,8606,9001,8654,10213,8655,12999,8159,19019,4145,14347,3042,9175,3270,8227,2528,7443,1375,4679,110,854,0,0,0,0,0,0,20250203
202501,경인선,인천,264,6,919,769,2793,2524,4372,4822,4103,7539,3023,4506,3461,5107,4004,6783,5306,7874,6668,7256,8692,6394,9638,4843,9924,4583,11869,3753,11673,3350,5330,2598,3996,2076,2459,1756,1334,1453,451,1055,7,870,0,11,0,0,0,0,20250203
202501,경인선,제물포,602,11,6281,1649,14544,4588,30432,9202,25017,21567,16983,11579,15051,8701,15577,8166,15431,10484,15319,11544,13478,11044,14150,13066,16166,16210,18052,19207,18834,26662,7899,24234,6668,14478,4991,13152,3494,12334,1306,8879,75,2843,0,16,0,0,0,0,20250203
202501,경인선,주안,904,26,12546,2632,24492,6362,50071,13665,43935,21641,30300,16496,25874,15515,28759,15929,31045,18581,27843,19469,26562,20717,27338,23227,28787,28689,31850,34502,29037,50430,18168,48956,16305,29410,14900,25471,11475,22457,6121,16293,715,5129,7,28,0,0,0,0,20250203
202501,경인선,중동,920,23,9547,1321,15389,3919,34690,4619,27667,9179,17491,6930,13673,7292,14284,8262,14252,9260,13292,11348,12324,11643,12073,13189,11472,15928,12110,20855,10342,28680,5854,23237,4806,14589,4071,13053,2754,10888,1219,7476,107,1620,1,16,0,0,0,0,20250203
202501,경춘선,가평,1,0,658,98,1359,591,2733,1713,3910,3662,3374,2657,4701,2784,5061,3393,3822,4086,3260,4466,3566,4298,3597,4276,4214,2854,4432,3762,3821,2988,1739,3615,1344,2384,804,1457,453,1605,237,1174,13,368,0,0,0,0,0,0,20250203
202501,경춘선,갈매,4,0,1683,354,3616,802,11973,1860,7837,4143,5221,2190,3981,2752,3223,1721,3284,2193,3423,2740,3221,2260,3106,4133,3238,3657,3107,5874,4422,8547,1950,6584,1588,3791,1831,2818,1311,2441,745,1636,19,416,0,0,0,0,0,0,20250203
202501,경춘선,강촌,6,0,98,47,245,149,313,248,602,749,644,820,766,873,1428,1182,958,794,739,689,1037,904,1209,662,1110,739,906,701,641,706,304,460,216,328,225,381,89,402,84,382,7,59,0,0,0,0,0,0,20250203
202501,경춘선,굴봉산,0,0,44,5,70,4,103,40,166,197,172,383,226,710,443,494,262,397,235,322,224,243,276,239,214,176,173,190,160,174,70,129,74,91,50,66,45,56,22,30,0,15,0,0,0,0,0,0,20250203
202501,경춘선,금곡,18,0,1371,218,1733,763,3630,1656,3472,3683,2646,1681,2383,1456,2628,1381,2426,1985,2459,1761,2011,2006,2173,1967,2289,2242,2545,2956,3043,3463,894,2960,670,1337,472,1537,372,1262,180,891,7,248,0,0,0,0,0,0,20250203
202501,경춘선,김유정,45,0,131,11,164,68,450,484,565,841,498,604,687,866,718,1080,704,1218,1015,970,989,939,1238,758,1242,697,1217,642,835,545,278,455,340,375,99,234,87,241,43,166,14,61,0,0,0,0,0,0,20250203
202501,경춘선,남춘천,384,3,1215,21,2816,629,3872,1741,4943,3327,5235,3461,5676,3112,5249,6386,5116,7265,6107,4932,6680,4556,6565,5875,5856,5757,4742,5409,3920,6476,3218,7183,2748,4210,2399,3012,1521,3770,530,2070,14,1780,0,0,0,0,0,0,20250203
202501,경춘선,대성리,1,0,293,37,696,154,878,532,1070,765,1084,383,1516,717,2473,664,1512,749,879,1364,888,2998,945,1688,1023,1415,1062,1033,601,790,337,549,233,528,135,262,121,319,85,224,4,17,0,0,0,0,0,0,20250203
202501,경춘선,마석,12,0,1053,340,6308,2219,10245,3904,8729,5766,7486,4734,6882,4021,6325,4557,6636,4958,6602,5504,6069,5677,6127,6362,6542,5619,5957,8552,5732,9744,2894,8398,2390,5719,1774,4548,1363,3860,580,1841,31,639,0,0,0,0,0,0,20250203
202501,경춘선,백양리,11,0,42,5,28,16,93,568,143,962,149,708,385,999,1355,1114,618,799,555,560,510,638,869,523,1163,348,1746,346,1232,384,226,152,607,145,597,142,522,104,228,95,84,10,0,0,0,0,0,0,20250203
202501,경춘선,별내,23,0,943,580,2033,1223,6189,2695,5908,4972,4152,2691,3434,2860,3025,2356,3559,2440,3867,2874,3504,2559,3941,3766,4398,3352,4389,4721,5236,5685,2543,5348,1792,2686,1830,1750,1568,2067,761,1027,33,376,0,0,0,0,0,0,20250203
202501,경춘선,사릉,56,0,1533,407,2875,1092,7214,3322,6026,2925,3780,1543,3072,1442,2969,1915,3193,1870,2932,1712,2179,2093,2361,2647,2337,2824,2991,4088,3834,6550,1381,6077,1023,3011,713,2259,458,2096,167,1456,13,354,0,0,0,0,0,0,20250203
202501,경춘선,상천,0,0,153,10,182,116,415,129,507,453,448,423,457,359,660,444,504,338,500,363,501,501,452,573,503,407,416,431,259,396,109,361,62,196,91,227,17,85,7,69,2,28,0,0,0,0,0,0,20250203
202501,경춘선,신내,16,1,1167,393,3844,2038,10012,3755,8289,7621,4294,2295,3513,2056,3447,2096,3507,2314,3335,2823,3151,2396,3352,3891,3973,3083,4866,5605,6270,7528,2453,6016,1544,3175,1351,2522,1126,2285,580,1724,81,632,0,0,0,0,0,0,20250203
202501,경춘선,천마산,7,0,867,155,2367,541,5363,1207,4706,1502,3728,1371,3382,1182,2584,1513,2633,1604,2357,1835,2197,2168,1779,2834,1832,2460,1653,3790,1606,3294,713,4101,581,2618,461,1950,238,1413,95,964,5,223,0,0,0,0,0,0,20250203
202501,경춘선,청평,15,0,637,173,1663,845,3216,1464,3730,2704,3389,2590,3838,2548,5396,2186,4178,3212,3285,3368,3267,3514,3280,4005,2980,3830,3713,3880,2178,3659,1338,3438,1275,1919,612,1594,418,1226,142,998,12,281,0,0,0,0,0,0,20250203
202501,경춘선,춘천,211,2,626,5,1151,281,1580,657,2257,1715,2524,1833,2333,1684,2594,3161,2476,2864,3158,3202,3712,2230,4147,3067,3465,2170,3340,2191,2427,2201,1691,2245,1113,1419,759,1179,368,920,79,914,1,632,0,0,0,0,0,0,20250203
202501,경춘선,퇴계원,10,0,2431,363,4531,1389,13617,2867,10192,3935,7602,2613,6045,3126,5272,2728,6528,2811,5238,3582,3662,3479,4217,5081,3760,5631,4108,7795,4737,9307,2041,9558,1562,5021,1065,3805,774,4544,408,2161,22,816,0,0,0,0,0,0,20250203
202501,경춘선,평내호평,562,8,5008,581,10839,1612,21708,3717,16512,7944,10007,5770,9825,4681,9325,5777,9052,7816,8631,6695,7785,8836,8156,8398,7799,9634,7823,15866,7884,20033,4693,16006,3994,9791,3630,7519,3480,6634,1651,4713,59,1904,0,0,0,0,0,0,20250203
202501,공항철도 1호선,검암,1441,3,8031,603,12118,1945,28563,6217,20633,13819,10505,4641,8446,3311,8655,3412,8276,4370,7445,4877,6537,5508,6406,6659,7702,9767,8186,12353,10896,21890,4229,20752,3342,12236,2551,10820,1894,11060,970,8928,154,4444,2,30,0,0,0,0,20250203
202501,공항철도 1호선,계양,72,0,12139,657,31541,2988,61766,4629,47236,6297,30646,5898,22434,5034,19759,6345,19333,7156,16606,9709,14368,11827,13199,15034,13956,22359,13025,28723,9920,52757,6473,48175,4449,29117,3851,26555,2489,25145,1257,15220,205,4944,3,37,0,0,0,0,20250203
202501,공항철도 1호선,공덕,78,0,1976,199,2561,1550,5849,3436,6611,10897,4291,5799,3727,3617,4066,3999,4069,4506,3856,4915,3629,4573,3797,5277,4708,6355,6416,8939,9587,13059,4601,8527,3573,6054,3461,5716,2738,5479,1416,3630,86,1661,0,12,0,3,0,0,20250203
202501,공항철도 1호선,공항화물청사,4,0,620,803,1466,7072,1941,10133,2009,16402,1779,2808,745,2099,597,3351,964,3194,1124,2150,1764,1467,2758,1295,4561,1753,9532,2199,11836,1060,2961,1329,1940,1925,2497,796,2194,341,608,164,6,70,0,0,0,2,0,0,20250203
202501,공항철도 1호선,김포공항,17,0,1655,2160,2502,10317,5027,17211,10843,15760,16221,10209,17138,8900,15430,9594,12320,10989,16298,11117,18404,9402,17487,8401,16206,9574,18268,12222,26583,9443,15830,5440,13903,2470,15650,1322,17107,1192,5145,883,147,634,2,50,3,5,0,0,20250203
202501,공항철도 1호선,디지털미디어시티,117,10,3559,662,7685,6712,18691,27749,21062,73841,11659,33134,9229,13403,10152,10952,11346,11046,12459,11418,12267,9897,15225,10749,19020,12448,43371,18531,69808,25890,27622,17894,16749,10889,15029,9854,11325,8901,5501,5776,611,2764,5,29,0,6,0,0,20250203
202501,공항철도 1호선,마곡나루(서울식물원),46,0,2618,883,4886,10595,11290,32717,13740,61242,7065,27121,5128,10344,6408,7334,7516,8401,7757,10153,8354,9398,12002,6654,20458,8092,58807,13033,49551,17854,18343,10438,12030,6546,11169,6315,10242,6080,2246,3839,388,2678,1,43,0,3,0,0,20250203
202501,공항철도 1호선,서울역,264,2,2898,1769,3776,13308,10589,19939,14490,29514,14505,26342,17854,21966,20688,23198,25090,23382,26203,21932,20639,19179,27448,21904,29199,21574,34764,22242,34131,22400,26412,20769,21045,13209,22859,11755,16535,8626,9840,4087,569,2857,38,8,0,23,0,0,20250203
202501,공항철도 1호선,영종,5,0,3132,160,9852,1461,14647,2435,10807,3379,8268,2852,8273,2681,8952,3807,7941,4019,6619,3929,5855,5636,5985,7952,6237,8082,6065,8373,4140,14476,2760,13523,2173,8324,2036,8479,1648,8221,792,6773,152,2320,0,11,0,0,0,0,20250203
202501,공항철도 1호선,운서,207,9,17889,999,20731,7132,28883,10666,25134,12564,14457,10761,15595,6247,19441,7140,18173,9553,14265,10615,12417,13669,13281,15408,15018,17657,16729,22183,12922,32573,7698,26470,6546,23593,6708,21871,5741,23066,2359,16328,325,5147,8,33,0,0,0,0,20250203
202501,공항철도 1호선,인천공항1터미널,0,0,7903,11896,12148,20054,15918,35368,18416,32215,15027,25478,13462,26705,18824,33471,24607,39182,25291,27419,29673,24668,38152,22013,31072,23595,30413,26115,35056,19511,23942,18614,24376,11260,27707,9855,28642,6280,13058,6999,180,5673,28,51,0,38,0,0,20250203
202501,공항철도 1호선,인천공항2터미널,0,0,4535,7906,6640,13490,8701,19767,10570,19710,9145,11444,6252,10544,7947,15887,8352,17915,8842,12744,14719,11329,18646,10686,19670,10954,23670,12070,24651,6693,14602,3854,14849,3591,13961,2585,14515,1875,4350,1866,32,2419,11,13,0,17,0,0,20250203
202501,공항철도 1호선,청라국제도시,144,1,7003,232,15641,5178,28580,6600,18421,15184,11441,4780,9522,3276,11235,3586,10573,4246,9127,5416,8171,6221,8727,7359,10522,10234,13962,13821,17297,22427,5487,21939,3678,14402,3018,13556,2135,14566,1051,8615,161,3814,2,15,0,0,0,0,20250203
202501,공항철도 1호선,홍대입구,276,12,5084,454,5446,3744,9189,9223,12117,22697,11146,26050,12297,21848,14346,27803,16687,35211,18925,35474,22853,31027,28217,30530,34360,31672,40555,33294,45309,37277,36546,24826,34969,14212,38364,11832,32893,10336,14988,7947,1309,2562,15,48,0,6,0,0,20250203
202501,과천선,경마공원,1,0,283,498,948,2372,1612,3603,2054,9948,2115,27198,2250,32333,2741,18255,3270,16644,4773,13888,6518,8633,11104,5019,17086,3231,27465,2114,57657,1961,7327,1634,1606,1038,583,786,286,784,162,465,7,87,0,0,0,0,0,0,20250203
202501,과천선,과천,9,1,2497,376,8920,1906,22149,4364,21549,7307,14788,5443,12218,4390,11371,5224,11265,6262,11178,6538,10014,7995,9803,9597,9634,11822,9325,14538,8395,20216,4311,17338,3050,11358,2050,10669,1407,10151,546,5829,101,1221,0,0,0,0,0,0,20250203
202501,과천선,대공원,0,0,91,248,275,2242,517,3415,775,9246,1370,12837,1382,13239,2868,7933,5887,6791,5862,6935,6788,5562,7603,3171,10176,2143,12621,1575,9838,1177,4787,835,3373,424,1664,302,284,286,110,157,9,31,0,0,0,0,0,0,20250203
202501,과천선,범계,103,4,8222,2938,34550,10372,84468,21146,69177,51722,39500,40826,32427,29968,34367,28492,38573,31462,37831,37548,37378,36576,40813,40748,45796,47508,48963,61860,55700,95265,35514,76910,36659,39852,27820,33919,24674,30079,11035,16849,1124,5401,0,0,0,0,0,0,20250203
202501,과천선,선바위,0,0,665,1174,4368,7741,12093,18401,14211,21478,10809,12406,8862,6406,8603,5923,8806,6237,9267,6324,9112,5903,10348,6755,13895,8239,21534,10245,25115,12716,11019,9963,7375,6937,5078,6313,2980,5412,996,3351,85,611,0,0,0,0,0,0,20250203
202501,과천선,인덕원,94,5,7621,2900,26713,14701,67211,40384,60508,88436,39359,34816,32285,20396,31133,20919,33352,22139,32906,25892,30964,26581,33844,30681,39819,37018,58467,49190,77194,76200,29907,64113,24316,35311,21827,33302,14325,30028,5713,19101,536,5406,0,1,0,0,0,0,20250203
202501,과천선,정부과천청사,14,3,1830,1165,7292,11731,20275,33515,18163,86140,13691,24199,11676,12032,13131,11602,14705,13441,16511,14167,17025,15062,19191,14725,27520,15720,40924,18567,60183,24563,18382,19920,14275,11725,13266,10306,7012,8513,2129,4984,207,1207,0,0,0,0,0,0,20250203
202501,과천선,평촌,52,2,4156,2290,19414,8397,51657,29327,41820,73993,22760,25796,18934,15186,18860,12260,19834,14081,18542,17255,18918,15230,22137,17000,24323,20829,41687,28435,53927,43839,20067,38024,15502,21049,14258,17733,9962,15576,3712,8779,448,3099,0,0,0,0,0,0,20250203
202501,분당선,가천대,26,1,4004,775,5902,3086,14966,4519,20889,14299,14788,10029,9622,7176,9025,6567,9913,7411,10709,9256,9560,7636,11000,9019,14881,10250,13652,13291,11881,19091,6500,16403,4173,12203,3815,13059,3134,12587,1586,9169,77,969,2,15,0,0,0,0,20250203
202501,분당선,강남구청,19,0,1204,623,2354,5166,6037,15387,9097,46921,7665,36389,7534,17815,8713,13252,10000,12915,11078,14163,12695,12937,14057,12300,17027,12639,27719,15329,41768,19351,21687,11522,12682,6663,11413,5561,7656,5460,2638,3011,88,624,0,6,0,0,0,0,20250203
202501,분당선,개포동,3,0,952,476,3244,3260,9942,4381,11392,7912,7666,5975,6496,5305,6465,4374,7047,5209,6629,5516,6466,5808,6896,6694,7408,7667,8220,9666,7787,12796,4753,10312,3984,6327,3568,6072,3066,5509,1261,3163,34,88,0,1,0,0,0,0,20250203
202501,분당선,구룡,1,1,913,519,2575,3051,6354,5274,8867,7740,6810,3895,5793,2678,5314,2677,6069,3213,5973,3609,6076,3914,4920,4667,5701,5285,5635,6755,5184,9054,3069,6795,1928,4114,1505,3827,1021,3565,313,2381,24,80,0,3,0,0,0,0,20250203
202501,분당선,구성,123,2,2368,510,8327,3882,19031,7636,20886,9995,13429,6493,11101,5328,9937,5735,9781,6777,8342,7092,8086,7592,8444,9945,9513,11837,12317,17135,11159,22805,6613,17126,5607,12356,4292,9561,3271,10400,1699,6063,147,607,0,12,0,0,0,0,20250203
202501,분당선,기흥,284,11,5183,778,14140,4053,31124,10184,29717,16990,17969,9099,13420,7562,13120,8788,12578,8416,12920,10874,12531,10588,13029,12177,14036,14430,18452,19943,21151,31790,10683,26629,8422,16512,7695,13113,5450,13381,2093,8062,56,867,0,8,0,0,0,0,20250203
202501,분당선,대모산입구,7,0,2209,586,6050,2840,17452,4973,20312,8796,12804,5675,9261,4317,8411,4818,8565,5429,8165,6244,6955,6226,7110,7999,8347,9322,9498,12148,9192,16694,4482,14218,3244,8626,2603,8515,1678,8742,572,4752,19,286,0,13,0,0,0,0,20250203
202501,분당선,도곡,59,1,1474,1068,3883,5923,9062,11019,12423,21078,10690,17462,9270,8424,9872,8491,10493,8257,11390,8962,11559,9271,13000,9777,13568,10690,19407,13028,20474,15179,10588,11969,7580,8280,5774,7421,4603,6661,990,3729,62,344,1,2,0,0,0,0,20250203
202501,분당선,망포,68,1,5434,2808,18788,8632,43933,24535,38565,37986,21848,16184,16260,9532,15577,10411,16802,11867,16889,12359,15214,12527,17389,16878,21290,19235,33777,26972,39699,43864,19743,39968,15569,25110,12789,19501,10346,17806,3874,11717,127,800,1,6,0,0,0,0,20250203
202501,분당선,매교,351,1,4345,723,9231,2908,17472,3290,17236,6269,9199,4865,6294,4190,5933,4806,6404,5362,6022,5460,5503,5960,5721,6169,7295,8039,7366,12192,7129,17946,3975,12336,3059,8948,2592,7381,1927,6129,580,3831,22,485,0,0,0,3,0,0,20250203
202501,분당선,매탄권선,66,1,3640,684,9354,2479,18130,4610,16653,8291,9739,5454,7801,3670,7052,3430,7279,4311,6313,5229,5942,4641,6379,6564,7410,8374,8639,11646,8409,19415,4757,13713,3579,9417,2916,8080,2380,7603,752,4928,36,488,1,2,0,0,0,0,20250203
202501,분당선,모란,436,24,13291,2414,18919,9955,43805,18663,57256,29219,41667,24070,30092,24924,29716,30589,33397,31852,34081,34337,32897,34386,35351,39315,36417,40313,36457,43342,34940,57087,20376,43175,14997,30840,13439,28254,10983,22860,6043,13876,327,1273,17,32,0,0,0,0,20250203
202501,분당선,미금,585,5,3235,677,10723,10471,21519,18210,25686,38747,20911,30370,21596,20989,24453,20933,24374,22526,25185,24595,26517,23370,30631,23979,29711,25851,32620,29160,35040,35840,19244,26715,16023,18750,15684,16459,11721,14289,3908,8381,179,1957,6,14,0,0,0,0,20250203
202501,분당선,보정,36,0,924,68,2887,1094,7304,2111,7977,4229,5396,1950,4491,1565,4114,1957,3832,2088,3571,2217,3443,2649,3659,3659,3640,4427,3558,4985,3205,6120,1493,5346,1109,3649,1022,3420,884,3547,318,2142,1,132,0,6,0,0,0,0,20250203
202501,분당선,복정,0,0,1,0,0,0,0,0,3,0,10,0,7,0,12,0,8,0,10,0,11,0,4,0,7,0,5,0,8,0,3,0,4,0,1,0,0,0,2,0,0,0,0,0,0,0,0,0,20250203
202501,분당선,상갈,28,1,2950,769,7069,2409,15580,5658,16204,7470,11394,4582,8282,3508,7917,4216,7009,4163,7030,5708,6284,5834,6504,6572,6857,9083,9346,11662,9183,14825,4666,12714,3149,9581,2684,8339,1486,7717,563,4403,4,593,0,5,0,0,0,0,20250203
202501,분당선,서울숲,129,0,2322,497,4407,5025,10084,19600,18447,37846,12664,30245,8352,19094,9123,16481,11109,17716,13100,19131,15342,18618,19519,18048,24105,18255,37763,19791,45567,24846,27067,15812,17220,8568,13933,7082,8384,6490,2449,3141,117,773,0,5,0,0,0,0,20250203
202501,분당선,서현,245,10,3883,2380,10961,11179,27468,28612,32158,74380,25528,61827,24572,37250,27069,33417,30947,36508,32635,37475,35818,38715,43444,36911,46383,40214,61988,47433,78597,54386,44514,40919,42675,24661,35216,19964,27365,17090,11111,9345,577,1417,11,13,0,0,0,0,20250203
202501,분당선,선릉,47,3,1144,1404,2253,9729,4135,39817,6433,107013,5523,72385,6192,34813,8088,22305,9601,21039,11340,22069,13216,17914,17659,15544,24246,16652,44073,19280,63749,22062,28891,13630,19529,7145,18634,5987,15811,5108,4395,3105,254,621,1,17,0,0,0,0,20250203
202501,분당선,선정릉,16,0,727,855,1933,4221,3808,11099,6161,38416,5583,32337,5133,13303,6132,8406,7915,7804,8328,7624,9102,7184,10112,6454,11921,6850,22551,7886,35032,8886,18022,5783,9175,3671,7423,3459,4653,3222,1683,1832,65,441,0,4,0,0,0,0,20250203
202501,분당선,수내,123,2,2511,1460,6322,7768,15069,21144,19073,48936,14584,38905,12710,21053,14353,16897,16727,16543,18372,17319,20344,16699,21987,16527,24116,18646,36670,21584,46445,24760,26944,19076,22998,11975,16330,10486,11838,10102,3243,5067,146,949,6,12,0,0,0,0,20250203
202501,분당선,수서,47,1,3629,3968,8208,12467,32035,24413,47412,40706,30891,25582,30160,19856,23040,18648,28680,21921,25434,20498,19488,21791,26594,24803,28573,30632,36998,41332,38354,55796,19479,35672,18302,24964,13823,21929,12951,20236,7836,8069,294,1633,11,5,0,0,0,0,20250203
202501,분당선,수원,564,6,5107,695,8046,4097,18394,7036,19297,11728,10618,10913,7538,8921,8408,11571,9314,12773,10193,13116,10340,13438,12499,12471,14370,15144,15427,19267,18346,24087,13263,16851,13501,9753,11646,7564,10496,5322,4337,3519,190,666,1,0,0,10,0,0,20250203
202501,분당선,수원시청,231,2,6648,1703,12129,6125,27039,15661,25226,46181,14462,31831,13161,17520,17608,15992,17973,19432,17402,20698,18639,16817,22089,18130,26903,21361,29940,31557,39845,44860,21149,31632,18781,21901,18966,15329,16638,13688,6678,9044,251,1026,0,9,0,5,0,0,20250203
202501,분당선,신갈,120,0,2505,259,8340,1169,15648,1963,16301,5360,10590,4138,8203,3622,7700,4143,7000,4606,6980,5806,6430,5931,6617,7140,6885,7756,5971,10389,4590,16214,2349,12616,1776,8641,1757,6791,959,7853,450,4370,11,306,0,1,0,0,0,0,20250203
202501,분당선,압구정로데오,147,9,2584,1056,3546,10008,4820,20891,7256,58482,7113,87457,8694,48530,12725,36450,17209,31405,20911,31909,26106,30558,33263,28658,41932,29530,58017,35148,74578,39389,59021,22090,48891,10632,34517,7547,23487,6203,8691,3805,429,919,0,3,0,0,0,0,20250203
202501,분당선,야탑,179,8,6756,2953,16122,13982,43030,36138,49255,82712,36571,49015,31422,35170,33346,32046,36088,35425,36452,38781,38445,36231,42367,38340,46149,40812,61167,49439,73125,61088,35186,49228,28064,30722,24715,24604,16814,24425,6187,13050,286,1978,6,27,0,0,0,0,20250203
202501,분당선,영통,78,5,2760,1820,7266,4132,14531,8423,15066,19988,10608,14913,9295,10519,9743,10019,11465,11833,12306,13052,12182,12061,14311,12953,16315,12743,20847,19407,23064,23899,12715,17834,11811,11095,12038,10529,12528,9961,4651,5954,141,439,3,5,0,0,0,0,20250203
202501,분당선,오리,602,8,3251,398,13234,7372,24411,13440,24508,30025,17996,14816,15061,10086,15193,10716,15913,12260,16177,11475,15703,12343,17199,13981,18540,15092,25112,16532,30286,21130,11871,17991,9431,12556,7893,11029,5236,9497,1886,6124,70,1553,1,8,0,0,0,0,20250203
202501,분당선,이매,50,3,2103,765,4957,2758,11098,6569,13084,11328,9547,6380,9105,6124,8139,6014,9392,7127,8123,8215,8131,7068,8986,7792,10104,9056,10215,11056,11547,13518,4866,11084,4245,7533,4791,6510,3158,6508,856,4227,39,737,1,9,0,0,0,0,20250203
202501,분당선,정자,395,7,2927,1119,9201,13919,22928,38325,26108,70864,20992,46118,16471,22832,18141,18512,19844,18184,20857,19850,21259,18159,25295,19339,28781,24646,52911,33782,61019,42094,34725,31755,26821,20826,27254,18265,24046,15794,9318,9853,870,2519,12,11,0,0,0,0,20250203
202501,분당선,죽전,1195,8,4240,989,14216,6562,33399,13007,28637,20136,19117,22774,15575,17315,15729,16733,16564,17104,18080,19000,17672,19358,20269,22052,22453,24769,25815,29400,26623,42316,16987,33446,21811,20587,10747,18299,7743,17419,2366,11844,10,5916,6,27,0,0,0,0,20250203
202501,분당선,청명,28,0,2629,842,7040,1977,15395,4659,15663,7110,9196,3928,6288,3382,5875,3262,5997,4081,6070,4467,5212,5053,5799,5917,6159,6284,7134,9981,8626,14860,3895,11976,2432,7713,1817,7493,1619,6568,532,4058,27,290,0,2,0,0,0,0,20250203
202501,분당선,태평,260,24,12683,1555,17074,4558,34597,6756,52361,15396,37321,11052,22722,11370,19076,13205,20034,14260,19901,15523,18394,18165,17869,23183,18205,26789,18900,30718,16772,39776,9910,29689,7639,22433,5523,25347,3757,18809,1713,10753,66,1005,5,37,0,0,0,0,20250203
202501,분당선,한티,13,1,1953,1389,7577,8959,18319,22137,22035,49322,15699,45035,13529,26588,15614,21584,20379,27112,23847,33072,23224,21843,24905,22399,30708,25274,50192,36312,44683,34248,27218,23209,28952,14527,25633,13068,32053,11239,4191,5901,194,338,1,2,0,0,0,0,20250203
202501,서해선,김포공항,13,2,222,2266,606,7301,1143,8438,2216,10753,3121,8006,3146,7913,3051,9453,3050,9534,4766,9466,5645,7956,6554,6791,6754,7462,7725,8941,10908,7649,6580,4098,6008,1847,6100,1155,5580,735,1672,889,44,345,0,10,0,0,0,0,20250203
202501,서해선,부천종합운동장,28,0,2625,358,4266,1139,10649,2735,11124,3726,5779,1809,3632,1459,3245,1556,3352,1959,3090,2226,2803,2347,2858,2702,3332,3810,4120,5172,5035,9023,2070,7507,1771,4379,1299,3629,950,3430,388,2102,29,338,0,0,0,0,0,0,20250203
202501,서해선,원종,30,0,4539,732,7098,2530,14536,5085,14035,7686,8516,4329,7305,3926,7095,4680,7371,6362,7062,5856,6462,6490,6820,7377,8003,9626,8586,12344,9082,16551,4652,13362,3795,7454,3025,6906,2413,5639,1152,3783,39,673,3,4,0,0,0,0,20250203
202501,수인선,고색,531,2,3199,331,7695,2677,16012,14385,12303,18139,6852,3797,5139,2728,4944,3459,5605,3735,5249,4008,4922,4121,5147,5237,5846,6666,15065,8502,18192,11796,5980,12014,5658,7790,3237,5754,1955,5079,785,3531,14,1885,0,0,0,4,0,0,20250203
202501,수인선,남동인더스파크,1,0,498,790,884,3795,986,15194,1739,18293,1283,2566,1136,1205,1491,1365,1770,1385,1911,1278,1969,1195,2455,1022,3513,1145,14012,1416,9948,1851,2959,1880,3474,1389,1391,812,408,485,176,297,0,29,0,0,0,0,0,0,20250203
202501,수인선,달월,0,0,14,24,35,119,174,81,73,223,44,61,68,73,118,64,88,70,77,116,103,108,100,88,204,97,254,134,688,106,65,88,57,40,20,39,12,42,13,28,0,0,0,0,0,0,0,0,20250203
202501,수인선,사리,2,0,4264,369,9649,1662,18414,2613,16332,4275,9683,2552,7856,2567,7053,2714,7257,3573,7671,4347,6315,4245,5721,6134,6197,8085,6107,9021,6233,17915,3607,11443,2396,8253,1859,8650,1978,6691,661,5082,12,492,0,0,0,0,0,0,20250203
202501,수인선,소래포구,10,0,2497,359,6304,2245,12562,3072,11133,6200,6292,5230,5961,4733,7112,7552,8158,9954,7846,9141,9742,7773,10683,7403,9523,8598,8210,9483,7285,12239,4312,8601,3528,5728,3515,5715,2427,4319,1224,2992,15,499,0,0,0,0,0,0,20250203
202501,수인선,송도,1,0,1829,374,3872,1511,6123,1889,6810,3542,3943,2159,3499,2265,3947,2594,4371,3110,4453,3037,3684,3524,4145,4196,4185,4515,4252,6030,3695,6590,1939,4368,1503,2791,1152,2615,738,1875,345,1268,7,352,0,0,0,0,0,0,20250203
202501,수인선,숭의,4,0,3228,824,5361,3172,10690,6714,9530,9780,5663,4253,5940,3896,6160,3760,6194,4465,6051,5367,5843,4973,6816,5549,7101,6987,8936,7949,7786,10525,3956,6041,2638,4223,2083,4416,1615,2958,770,1979,7,459,0,0,0,0,0,0,20250203
202501,수인선,신포,8,0,923,264,1426,974,2496,2819,2666,5428,1669,2742,1541,2291,2215,2898,2658,2782,2797,3165,3330,3078,3513,3158,4021,3281,4709,3427,5070,4359,2530,2172,2252,1534,1655,1364,1105,965,463,634,3,198,0,0,0,0,0,0,20250203
202501,수인선,야목,3,0,208,7,688,318,1080,644,1051,568,705,284,611,351,617,357,523,416,544,373,527,344,702,462,700,597,717,568,759,1160,346,694,198,304,118,465,121,275,47,200,1,36,0,0,0,0,0,0,20250203
202501,수인선,어천,1,0,237,81,1314,1066,3506,2147,3196,2294,2876,1368,2703,1289,2757,1637,2770,1913,2659,2186,2159,2050,2793,2269,2667,3273,2637,2782,3572,4315,1413,2850,993,1667,580,1725,429,1299,174,651,3,127,0,0,0,0,0,0,20250203
202501,수인선,연수,4,0,2537,869,5865,2151,11242,3941,10745,9329,5830,6353,5471,6035,5859,5891,6956,6769,7795,6965,7235,6812,7422,7448,7646,9014,8490,12393,10204,13740,5518,8403,5212,6168,5016,5372,3935,3639,2222,2667,34,503,0,0,0,0,0,0,20250203
202501,수인선,오목천,9,1,1173,351,5353,1776,10196,3469,10917,6653,7458,2987,6261,3018,6119,3113,6144,3674,5585,4365,4814,4233,5648,5326,6656,6680,7157,6036,7776,12680,3811,7740,2460,4601,1838,4067,1460,4813,647,2944,14,256,0,0,0,0,0,0,20250203
202501,수인선,원인재,33,0,3276,628,6033,2170,11520,4443,12863,6464,7976,4181,6819,4179,6715,4981,6717,5412,7078,5929,6360,6180,6336,7763,6518,8780,7644,11005,7663,14298,4583,9969,3593,6818,3428,6191,2631,5562,1377,3803,59,794,0,0,0,0,0,0,20250203
202501,수인선,월곶,0,0,1505,344,4234,1163,8915,1465,7301,2502,4753,2757,3995,4117,4169,4321,4251,4220,3897,3895,3841,3949,4132,4084,4693,4819,4636,6164,5999,8270,3056,4743,2034,3636,1602,3531,1172,2836,494,1688,5,267,0,0,0,0,0,0,20250203
202501,수인선,인천,68,1,558,278,1018,891,1515,1931,1512,3088,1497,1889,1397,2168,1632,3775,2026,4533,2178,4307,2506,4196,3275,3495,2516,3215,2652,2967,2404,3199,1310,2153,1024,1677,634,1303,458,1142,120,574,4,198,0,0,0,0,0,0,20250203
202501,수인선,인천논현,4,0,2462,755,5249,3949,11132,6842,10718,11158,7598,8086,7006,6531,7733,7004,8089,8039,7821,8782,8463,8479,8977,8911,9133,10271,10453,13438,10889,16143,6878,10659,6550,7020,5984,5901,4633,4249,2168,3220,4,543,0,0,0,0,0,0,20250203
202501,수인선,인하대,31,0,3784,572,9784,2222,19085,4294,16428,10335,7489,6373,7772,5205,8846,5355,8768,6983,8890,6854,7997,7409,9021,8630,10747,9970,11127,14246,9445,20570,5739,11294,4745,7999,4263,7419,3428,5814,1908,4146,65,1121,0,0,0,0,0,0,20250203
202501,수인선,호구포,19,0,1851,578,2717,5722,5432,15024,6156,17110,4541,3873,4112,2661,4597,3185,5000,3324,4691,3757,4853,3863,4482,4136,5570,5137,14160,6000,13828,7007,4724,5741,4664,4306,3276,3362,1736,2651,912,2131,1,345,0,0,0,0,0,0,20250203
202501,신림선,관악산(서울대),8,4,852,533,1501,1487,5239,1992,5900,7123,3689,8621,3467,7732,3764,5356,5101,4545,6009,4967,6572,4346,7546,3351,6937,2859,6642,2826,5310,3983,1947,3463,1228,2278,1099,2058,960,2076,371,1386,108,724,1,42,0,0,0,0,20250203
202501,신림선,당곡,0,0,1847,229,3705,1121,11219,4122,16847,8268,11288,6054,7511,5195,7104,5040,7928,5835,7632,5836,7025,6726,7015,7929,7068,8177,9005,10876,9692,15055,5141,12478,4433,7432,2951,6825,2137,6027,934,3562,186,1122,0,3,0,0,0,0,20250203
202501,신림선,대방,42,0,1347,258,2249,1363,5786,2893,9409,4771,5388,2757,3986,2689,4353,2529,4799,2611,4798,3368,4764,3082,4602,3417,5030,4075,5942,5178,5481,7312,3244,4697,3020,3418,2479,3303,1956,2926,851,2027,180,673,2,40,0,1,0,0,20250203
202501,신림선,보라매,3,0,1600,355,2831,1686,8870,4907,13010,10973,7860,5061,5134,3868,5240,4175,5782,4155,6076,4659,6433,4434,5965,5135,6342,5761,8315,8110,11784,11710,4916,8630,4226,5341,3490,4691,2906,4227,1262,2748,250,829,2,3,0,0,0,0,20250203
202501,신림선,보라매공원,0,0,546,456,1603,1234,4669,3574,5769,6962,3811,2875,2972,2145,3000,2394,3473,2612,3146,3413,3214,3245,3452,3465,3793,3373,4351,4302,5466,6047,1995,4435,1675,2681,1095,2415,920,2072,293,1232,50,374,0,2,0,0,0,0,20250203
202501,신림선,보라매병원,14,0,902,487,1826,4994,6758,21438,7899,44581,8715,20855,9243,12530,10198,9219,10057,9772,9994,11245,12305,10434,14978,8465,15114,7385,26818,8417,31147,9670,10204,7547,7781,4424,5484,4057,3582,2921,1211,1489,159,441,0,0,0,0,0,0,20250203
202501,신림선,샛강,1,0,404,756,753,2355,1429,11542,2413,24679,1799,8929,1541,4104,1863,3159,2174,2898,2477,3324,3219,2680,3684,2853,4170,3104,9950,3471,16436,3836,5777,2066,4282,1383,3992,1119,2669,816,1231,584,312,262,1,46,0,0,0,0,20250203
202501,신림선,서울대벤처타운,21,0,5308,408,9004,2812,26664,5391,37634,7510,23935,7387,16025,6700,15011,8166,16299,10117,16142,10576,14098,11223,12906,14192,13858,18115,14516,20768,13727,30940,7962,26693,6102,15799,4992,15454,4333,14706,1826,10712,335,3913,1,14,0,0,0,0,20250203
202501,신림선,서울지방병무청,0,0,1075,388,2774,1155,8117,2967,11678,4867,6782,3307,5787,2910,5168,2914,4939,4345,4799,4306,4538,4895,5045,5500,4529,6296,4754,7741,4265,10629,2083,7945,1569,5354,1579,4613,1058,4310,314,2842,77,776,0,3,0,0,0,0,20250203
202501,신림선,서원,0,0,2143,370,3949,770,11634,1250,16745,2047,10826,2097,6600,2042,5732,2439,5914,3027,5375,3335,4541,3697,4071,5043,4159,5677,3935,7521,3702,11422,2381,10411,1609,6446,1271,6554,1010,5876,344,4088,84,1289,2,6,0,0,0,0,20250203
202501,신림선,신림,0,0,949,283,1327,781,3875,1246,6177,2576,3844,2817,2903,3154,3057,3241,3527,3758,3445,3884,3735,4511,3811,5021,3689,4935,3998,6707,4295,9581,3414,6449,2447,3676,2336,3351,1873,2888,1108,1574,397,612,0,3,0,0,0,0,20250203
202501,안산선,고잔,201,1,4730,834,13634,4631,23020,11262,18163,23038,13136,13421,12114,10335,12801,9503,12324,10145,12197,11137,12636,10791,14084,10268,14818,11668,18995,15493,19089,21010,7892,16702,6166,11076,6083,9854,4009,7964,1816,6827,141,2751,0,0,0,0,0,0,20250203
202501,안산선,대야미,6,2,2663,755,6669,2371,14289,3634,16241,6227,10191,3369,8072,3434,7338,4298,7386,4588,7704,5207,6973,5594,7309,7416,7369,8273,7371,9456,8539,14321,4390,10675,3178,7733,2029,6279,1429,6491,863,4053,105,1030,0,0,0,0,0,0,20250203
202501,안산선,반월,9,0,3259,792,7239,2009,13780,3378,12812,5316,8669,3527,7472,3260,7071,4079,7620,4723,7077,4895,6206,5436,6045,7036,5777,8373,6222,9314,6375,13640,3067,10366,2658,7834,1592,6535,1232,6092,539,3295,110,983,0,0,0,0,0,0,20250203
202501,안산선,산본,470,1,8616,1473,20955,6056,44890,12723,43649,25192,24070,20435,21815,19630,21781,20556,23620,23082,23583,25463,24365,25128,26337,27819,27517,31594,26146,35050,29260,57496,18690,47515,16108,27704,15273,21015,11943,18089,4700,11331,568,3914,0,0,0,0,0,0,20250203
202501,안산선,상록수,521,7,11975,1926,25702,7654,53385,9097,49583,13470,30241,11638,23620,10329,21998,12117,22567,13654,21918,15525,18240,17845,18027,20808,18972,25669,18547,36313,17760,53445,12136,44779,9601,32439,7622,26014,5161,22395,2350,15275,379,4569,1,0,0,0,0,0,20250203
202501,안산선,수리산,26,1,3159,536,8117,1454,14757,3366,14377,4524,9134,2711,7037,3436,6862,2741,6080,3097,5749,3420,4748,3941,4987,5037,4286,6018,4368,7286,4288,10872,2305,9111,1666,6114,1119,4604,688,4661,382,2704,62,769,0,0,0,0,0,0,20250203
202501,안산선,신길온천,46,3,2258,102,4156,1399,6679,2982,5280,1954,4083,1202,3405,1354,3022,1661,3086,1940,2806,1788,2646,2266,2859,2695,3491,3138,4108,4367,3512,6126,1844,4843,1110,3412,786,3114,495,2362,185,1732,26,521,0,0,0,0,0,0,20250203
202501,안산선,안산,1535,7,8773,1267,10933,12991,19145,32280,20768,25096,18783,13682,17650,13524,18185,16998,18989,17909,21054,17935,21544,18810,21589,19320,24395,20225,39037,26401,38359,26232,20004,21703,15918,16784,10136,14288,4805,10411,1598,6586,129,2659,0,0,0,0,0,0,20250203
202501,안산선,오이도,150,2,4914,347,11616,5324,24021,9264,18367,8348,12256,6380,11011,6566,10867,8745,11938,10355,11633,10113,10485,10821,11069,11703,12155,13539,14608,16161,14330,21905,8216,18551,6264,12265,4972,10338,3648,9387,1203,6469,14,2956,0,5,0,0,0,0,20250203
202501,안산선,정왕,273,6,6828,758,10415,10408,17644,19715,16679,20159,14840,13213,13080,9305,13444,9912,13694,11262,13565,11042,12945,11502,14383,12380,15992,13369,21344,17207,24662,21409,10514,16471,8662,12855,5607,11981,3442,10227,1219,6958,57,2216,0,23,0,0,0,0,20250203
202501,안산선,중앙,236,30,9375,1124,26577,8812,46548,13551,37776,31990,23299,28509,22432,21076,26474,20887,30351,24811,26830,29312,26632,28619,28463,29508,31863,33025,34364,42638,35408,61861,23433,50001,22991,33213,23674,26932,19885,22078,9072,17096,942,5600,0,0,0,0,0,0,20250203
202501,안산선,초지,232,2,3659,225,10027,3755,17637,7660,14057,7733,8292,4393,6671,3295,6678,3567,7983,4236,6365,4339,5569,4978,5800,5849,6403,7159,7971,10050,8813,14844,4419,13451,3125,9261,2499,7904,1417,6326,579,5321,44,2124,1,2,0,0,0,0,20250203
202501,안산선,한대앞,89,1,6718,911,14584,3679,25841,6466,22366,13175,16426,10955,13267,8761,13326,8856,13429,10288,12768,10401,12206,11385,12561,13018,13155,16102,14661,21047,14670,28129,8285,22131,7211,15531,6121,12944,4488,11200,1795,7915,236,2335,0,0,0,0,0,0,20250203
202501,우이신설선,4.19민주묘지,5,0,1269,324,2433,940,6811,1567,8750,4356,6263,3627,4927,3666,5178,4240,5758,5140,5648,4964,5724,4548,6138,4560,5778,4989,5020,5363,3995,6686,2312,6457,1820,4049,1355,3361,892,2964,429,2088,147,531,0,4,0,1,0,0,20250203
202501,우이신설선,가오리,2,0,2233,342,4967,1327,13041,2428,14643,5296,10527,4032,8138,4230,7600,4879,7464,5451,7488,6187,6148,6323,6358,7698,6015,9013,5780,9397,4643,12479,3145,11211,2256,6759,1536,6046,1078,5084,457,3072,155,902,4,6,0,2,0,0,20250203
202501,우이신설선,보문,9,0,628,89,805,1132,1810,1977,3928,3994,2895,3242,2555,2321,2739,2380,2812,2624,3232,2670,3053,2581,3160,2946,3528,3050,3335,3211,3880,3568,2374,2727,1797,1866,1469,1695,1095,1457,505,1010,147,278,2,6,0,2,0,0,20250203
202501,우이신설선,북한산보국문,5,1,1954,458,6206,1717,15978,3355,18667,7641,13433,6265,10819,5039,10066,5185,10408,6526,10299,7191,9194,7516,8660,9221,9734,10857,9756,13233,8929,17689,4954,14442,3675,10521,3380,9344,2364,8407,1267,5334,378,1133,2,12,0,0,0,0,20250203
202501,우이신설선,북한산우이,10,1,1284,575,2753,1558,6914,1907,7211,5051,4858,7338,4214,7366,4418,6224,6680,5603,6465,4615,6704,4259,6450,4158,5677,3821,4424,4029,3578,4926,2020,4116,1788,2459,1311,2283,713,1783,425,938,109,303,0,26,0,1,0,0,20250203
202501,우이신설선,삼양,1,0,1161,357,2694,928,5916,1357,7052,3001,4830,2596,4334,2828,4460,2741,4608,3553,4343,3921,3845,3888,3753,5249,3585,5283,3382,5529,2776,6593,1887,5389,1368,3673,930,3439,625,2683,305,1633,76,407,0,7,0,0,0,0,20250203
202501,우이신설선,삼양사거리,0,0,1160,385,2658,1754,5761,1651,7511,3803,5671,3134,4763,3089,4519,3667,5347,4004,5143,4286,4182,4551,4266,5603,4244,5572,4012,5554,3751,6477,2551,5678,1718,3547,1152,2840,869,2295,406,1269,108,379,3,6,0,0,0,0,20250203
202501,우이신설선,성신여대입구(돈암),0,0,583,481,1086,1375,2698,3085,5132,8278,4153,6986,3952,6062,4927,6151,6123,7070,6490,7873,6129,7295,6943,7693,7356,7734,7579,8831,8348,10894,6037,6874,5624,4167,6421,3333,5681,2554,2471,1442,520,496,7,3,0,0,0,0,20250203
202501,우이신설선,솔밭공원,17,0,1762,185,3408,907,8881,1412,9604,2616,6594,2188,4866,2503,4642,2630,4613,3197,4506,3572,4010,3924,3976,4369,3699,5011,2805,5290,2523,7545,1453,6644,1134,4407,854,3895,601,3146,336,2274,71,600,2,2,0,4,0,0,20250203
202501,우이신설선,솔샘,2,0,2757,377,9007,1284,24104,2543,24343,3754,15072,3012,10705,3191,9623,4025,9685,5226,9022,5575,7148,6611,7151,8907,6511,10839,6184,13053,5004,21386,3265,18595,2066,11011,1563,10167,1139,8910,576,5092,148,1646,1,3,0,0,0,0,20250203
202501,우이신설선,신설동,84,7,816,798,850,2627,1361,4893,2228,10473,1772,7485,1895,4771,2537,3935,3033,4025,3329,4021,4271,2958,6128,2454,6041,2447,7094,1782,9088,2097,4741,1466,3227,1093,2419,910,1816,919,747,463,135,357,8,91,0,2,0,0,20250203
202501,우이신설선,정릉,6,1,1771,445,4531,1663,10724,2965,13267,6024,11627,4030,9254,3552,8731,4369,9028,5287,8730,5934,7719,5998,7671,7970,7503,9370,7133,10169,7122,13993,3884,10990,2704,6992,2205,6078,1551,5074,812,2857,207,773,2,11,0,0,0,0,20250203
202501,우이신설선,화계,4,0,1798,598,3777,1170,9537,1715,12311,4397,8288,4699,6625,4545,6621,4623,7654,4972,6765,5277,5899,5246,5413,6163,5320,6621,4707,7008,4015,9190,2811,8089,1977,5305,1344,4483,956,3873,435,2302,151,684,1,3,0,0,0,0,20250203
202501,일산선,대곡,210,3,2128,1429,6272,5683,16010,14450,16452,17443,10005,11626,8131,9659,8913,10703,9711,11063,10227,10428,10353,10284,11514,10789,14285,11890,17766,14271,24982,18407,17361,13287,11804,7771,10080,7781,8445,6826,5657,5264,1039,2112,2,10,0,0,0,0,20250203
202501,일산선,대화,164,4,6922,1207,21374,4004,42655,9704,31379,13110,20987,9335,18184,9337,17767,8940,16729,11440,15975,12144,14940,12303,15219,15193,14865,13922,16250,20302,15451,24710,7922,23462,6359,15568,5604,13499,4085,12423,1274,7580,159,2668,1,18,0,0,0,0,20250203
202501,일산선,마두,35,1,3430,1616,9289,4024,14895,7181,15401,18843,11682,13882,12459,10095,13244,10260,13354,9447,12931,12985,13587,12569,15056,12653,15481,13219,16430,14575,15700,17574,6619,15701,5093,9444,4802,8192,3654,7410,913,4918,119,1074,0,2,0,0,0,0,20250203
202501,일산선,백석,68,2,3970,1989,9053,5609,19472,10470,20717,21687,14990,13011,14262,12533,15357,13147,15910,14615,15801,16150,17024,16182,19176,17289,19171,19104,21814,21316,21319,25774,12049,23325,10130,13658,9737,11451,6977,9941,2769,6259,327,1418,1,10,0,0,0,0,20250203
202501,일산선,삼송,485,4,7843,1158,26890,5835,68656,12080,67783,20362,36695,17629,28900,15504,26120,18675,27832,22594,26722,24711,24390,26117,23870,30786,27069,34465,28589,42720,29467,64259,18714,55315,14967,33756,13458,31321,13414,24420,3479,13262,507,2862,1,23,0,0,0,0,20250203
202501,일산선,원당,229,2,7557,656,17820,5195,38464,5970,38616,11084,23671,7810,18755,8157,17563,10388,18216,11692,17230,11750,15263,13721,14699,16645,15084,20538,15050,24924,14377,34689,7137,31646,5415,20714,4567,18294,2791,15718,1079,9729,94,1572,0,15,0,0,0,0,20250203
202501,일산선,원흥,242,8,6180,495,15292,3759,38549,6386,42714,12375,23488,9116,18056,7468,16376,8780,17589,10056,16868,12065,14164,13209,14251,16477,13755,19187,15065,26305,16254,34667,7983,33843,6502,20666,5753,18338,4369,16020,2112,9772,283,2062,4,12,0,0,0,0,20250203
202501,일산선,정발산,52,0,2127,800,4663,2605,7206,4963,8343,17445,6964,16678,7189,13587,9533,12408,10109,11897,12094,14592,14042,13098,14886,12513,15714,12991,18054,14006,21835,15175,10777,12233,12562,7092,8684,5798,6188,4369,2375,3374,267,761,1,9,0,0,0,0,20250203
202501,일산선,주엽,160,4,5449,1123,14820,2905,21054,6466,21313,12796,16459,11149,15656,11156,16887,11680,16115,12487,15997,15451,15328,13924,16507,16956,15745,18274,14398,19501,13603,22704,7154,22490,6145,13541,4483,11900,4094,9712,999,6674,100,1464,1,12,0,0,0,0,20250203
202501,일산선,지축,0,0,0,0,0,0,1,0,3,0,0,0,2,0,0,0,2,0,2,0,0,0,0,0,0,0,4,0,6,0,0,0,0,0,3,0,3,0,0,0,0,0,0,0,0,0,0,0,20250203
202501,일산선,화정,131,7,10369,1423,20858,5487,44401,10174,44908,27464,28799,21619,25435,18981,25400,21603,27894,23460,29057,24940,27587,26788,28745,31082,28180,33193,27861,40059,26867,53180,15581,45083,14936,28772,14518,24530,11330,22108,4481,12283,533,2496,2,12,0,0,0,0,20250203
202501,장항선,배방,38,1,1069,205,1384,608,2435,1014,2445,2077,2276,1186,2148,1207,2213,1585,2284,1699,2239,2001,2556,1778,2212,1739,1819,2711,2154,3349,2409,3349,1541,2517,1031,2004,925,1846,1019,1518,613,1254,24,219,0,0,0,0,0,0,20250203
202501,장항선,봉명,20,0,1074,327,1398,864,1736,3646,2161,3433,2033,3380,2741,2475,2790,1457,2531,1856,2126,2248,2484,2032,2616,1905,2845,1611,3205,2384,1807,1992,1032,1524,755,1118,609,1035,419,1111,659,679,13,184,0,0,0,0,0,0,20250203
202501,장항선,신창(순천향대),250,3,383,51,1095,328,1982,1298,1601,2971,1797,1618,2351,1697,2028,1773,2088,1984,2151,1711,2629,1659,2200,1672,2472,2003,2792,1263,2972,2507,851,1681,768,1541,568,1580,351,1581,295,1152,3,370,0,0,0,0,0,0,20250203
202501,장항선,쌍용(나사렛대),62,0,2684,381,3687,578,5136,1185,6298,3044,3824,2792,3901,2428,3758,2287,3783,3094,4405,3193,3504,2726,3145,3748,3730,4272,3691,5894,2997,6005,2113,4702,1572,3416,1380,3221,1030,2661,635,2378,55,599,0,0,0,0,0,0,20250203
202501,장항선,아산,43,1,884,959,2067,3932,4777,5319,6693,6487,3765,6324,4721,6123,5392,5020,5390,6783,6011,6638,6709,5089,8272,5969,7246,5515,6925,7267,9661,8056,8651,5008,5322,4352,5830,3243,5294,2006,2749,1496,107,406,0,0,0,0,0,0,20250203
202501,장항선,온양온천,521,1,1480,441,3736,2596,7218,4592,8085,7625,8344,8693,9675,11433,10341,16504,12258,13794,15351,12410,16491,7940,13925,8859,11008,9569,7874,9602,9041,9182,3876,7225,2806,5963,2398,5401,1617,3708,1038,2738,7,762,0,0,0,0,0,0,20250203
202501,장항선,탕정,38,1,1032,197,1758,933,3576,1558,3484,3589,2533,2082,2587,1767,2556,1960,2731,2160,3589,2705,3253,1866,3153,2140,2960,3662,3527,4213,3696,4533,2424,3018,1675,2561,1800,2240,1970,1963,875,1760,70,253,0,0,0,0,0,0,20250203
202501,중앙선,구리,650,10,4993,1066,9872,3166,24307,5467,23598,11650,12150,10384,11635,10152,12171,10114,12899,10751,12594,12435,12319,11565,12597,14364,13196,15465,13555,19027,13224,29077,8273,22963,7905,13254,4616,10624,3917,9729,1260,6990,52,1276,0,0,0,0,0,0,20250203
202501,중앙선,국수,0,0,658,4,712,205,1530,352,1527,924,1682,917,1402,565,1353,1058,1245,1018,1366,1041,981,974,1451,1413,1200,1403,817,1483,630,1430,343,1078,301,1221,143,1072,195,794,36,525,0,76,0,0,0,0,0,0,20250203
202501,중앙선,덕소,1296,7,2718,632,8064,2002,19164,3200,15545,4858,10787,4810,10025,4362,9520,4099,8428,5767,8997,6827,7690,6553,7271,9682,7669,10180,7011,12031,5918,17663,3423,16618,2726,8572,2175,9120,2014,7325,822,5646,8,1491,0,6,0,0,0,0,20250203
202501,중앙선,도농,728,4,7246,647,15847,2344,39269,5589,32008,9625,18336,7223,15625,6483,14766,6964,14378,7555,13360,9834,11030,10032,10927,14329,12441,15515,11911,19421,10628,31850,5612,29501,4375,15914,3402,13524,2649,12213,840,9622,29,1777,0,0,0,0,0,0,20250203
202501,중앙선,도심,1,0,1644,160,4890,940,11181,1711,7087,3243,5171,1401,4362,1299,3377,1429,3816,1870,3262,2000,3085,1679,2620,3627,3360,2498,2669,4545,2612,6362,1126,5795,866,3211,846,3271,627,3432,245,1789,2,0,0,2,0,0,0,0,20250203
202501,중앙선,망우,171,12,6880,623,9366,2553,24870,4165,21691,10156,13916,7555,11250,7693,11089,8849,12735,10366,12070,9799,11251,11765,11412,13671,11658,13899,11161,17235,11337,24331,7246,18807,4682,11351,3860,9333,2609,8049,1148,5523,27,456,0,0,0,0,0,0,20250203
202501,중앙선,상봉,471,11,5177,692,6995,2534,18102,3678,19863,6252,12007,4729,8102,5230,7964,6126,9682,8108,8024,7275,8198,8208,8707,9247,7685,9622,8440,13129,8802,21319,5765,16730,4701,9989,4048,8042,2737,8212,1402,4976,121,1026,0,0,0,0,0,0,20250203
202501,중앙선,신원,0,0,228,108,528,416,674,441,527,591,655,663,535,484,658,618,375,306,404,322,369,254,449,323,438,345,319,484,573,490,259,422,252,368,224,375,191,272,126,140,1,13,0,0,0,0,0,0,20250203
202501,중앙선,아신,1,0,429,19,585,134,1251,285,1324,495,1222,612,1278,551,1029,823,923,607,875,775,752,866,815,750,928,1369,688,1126,471,1265,328,795,203,859,125,884,112,692,12,385,1,113,0,1,0,0,0,0,20250203
202501,중앙선,양수,2,0,902,160,1739,512,4463,1233,3608,2190,3959,2305,3341,2581,3591,2741,3339,2801,3736,3300,3071,2848,4293,3446,3414,3408,3542,4013,2256,3533,1234,4131,1068,2558,693,2448,353,1731,124,1660,1,257,0,1,0,0,0,0,20250203
202501,중앙선,양원,69,1,2543,379,3854,1488,10582,3328,8974,4747,5716,2632,4481,2558,3880,2644,4728,2841,4504,3234,3827,2957,4096,4029,4219,4517,4225,6320,3491,8837,2172,8355,1278,4566,890,3561,817,3568,277,2267,5,160,0,0,0,0,0,0,20250203
202501,중앙선,양정,79,0,191,50,449,493,971,1037,941,1427,604,638,631,506,703,425,586,458,663,475,785,445,891,650,1041,546,1346,687,1457,881,333,566,258,297,184,354,79,331,36,224,2,37,0,0,0,0,0,0,20250203
202501,중앙선,양평,74,2,1918,48,3233,886,7423,2755,5968,4410,4894,3268,7371,3863,6113,5480,6098,6490,6727,4618,6139,6378,5946,5752,6234,5721,5129,8100,4447,8710,2431,4547,2326,6190,2143,3280,1686,3950,294,3382,106,975,0,9,0,0,0,0,20250203
202501,중앙선,오빈,1,0,239,23,376,184,709,213,662,293,737,210,839,325,544,442,505,356,414,394,386,583,418,375,470,545,452,734,331,1018,170,306,111,430,78,491,36,334,4,147,1,36,0,0,0,0,0,0,20250203
202501,중앙선,용문,359,1,814,4,2010,334,2719,1023,3913,2591,3417,1474,4013,2909,3636,5366,4721,3698,5301,5759,5940,4621,5597,2266,4701,5925,2939,4598,2138,3558,1254,2621,523,3060,606,1750,297,1702,1,1411,0,711,0,2,0,0,0,0,20250203
202501,중앙선,운길산,0,0,229,65,369,290,1177,410,1138,691,1048,1104,1038,1635,923,1589,932,1084,1312,1206,1399,1146,1920,1083,1622,954,1396,965,908,1015,438,769,371,520,234,625,165,483,50,389,1,12,1,0,0,0,0,0,20250203
202501,중앙선,원덕,69,0,221,1,435,76,660,174,726,293,881,173,942,443,682,563,706,467,627,545,590,567,560,634,746,895,430,958,252,779,148,512,92,425,73,397,20,335,2,233,0,70,0,0,0,0,0,0,20250203
202501,중앙선,중랑,117,2,5098,538,7874,1755,17429,2709,18358,5305,13528,4606,8579,4416,8092,4852,8654,5703,8463,7161,7663,6988,7249,9865,7228,10828,6959,13901,7152,18829,4573,14506,3524,9189,2664,7737,1978,7716,910,4188,31,332,0,0,0,0,0,0,20250203
202501,중앙선,지평,0,0,0,0,0,0,169,42,13,52,53,4,424,300,0,0,4,0,66,0,382,416,0,2,2,2,80,137,12,105,93,193,0,0,19,125,0,0,0,0,0,0,0,0,0,0,0,0,20250203
202501,중앙선,팔당,1,0,105,55,318,374,807,1301,815,2090,782,2330,734,2066,753,1754,842,1721,1094,1533,1451,1212,1963,1439,1920,1019,2023,1105,1918,1027,1566,735,1326,480,941,317,599,269,136,129,0,0,0,0,0,0,0,0,20250203
202501,중앙선,회기,530,10,9980,3264,17655,10963,47819,22127,63370,39424,43915,26885,33468,24926,35566,23192,38772,27722,37501,32244,38010,28572,44052,32339,44516,38265,49867,46915,40009,62850,23771,51962,19873,34788,20185,34364,17826,36665,8544,23475,449,4859,7,47,0,0,0,0,20250203
